Cause ID,Cause Name,State,Gender,2013 DALYs,2013 DALYs YoY %,2014 DALYs,2014 DALYs YoY %,2015 DALYs,2015 DALYs YoY %,2016 DALYs,2016 DALYs YoY %,2017 DALYs,2017 DALYs YoY %,2018 DALYs,2018 DALYs YoY %,2019 DALYs,2019 DALYs YoY %,2020 DALYs,2020 DALYs YoY %,2021 DALYs,2021 DALYs YoY %,2022 DALYs,2022 DALYs YoY %,2023 DALYs,2023 DALYs YoY %
493,Ischemic heart disease,Andhra Pradesh,Male,2.55M,,2.55M,-0.07%,2.56M,+0.33%,2.68M,+4.90%,2.71M,+1.03%,2.57M,-4.98%,2.41M,-6.41%,2.43M,+0.75%,3.08M,+26.84%,2.54M,-17.50%,2.56M,+0.94%
493,Ischemic heart disease,Andhra Pradesh,Female,1.39M,,1.48M,+6.22%,1.50M,+1.10%,1.52M,+1.21%,1.49M,-1.67%,1.44M,-3.49%,1.33M,-7.72%,1.32M,-0.82%,1.41M,+6.97%,1.41M,-0.04%,1.41M,-0.01%
493,Ischemic heart disease,Arunachal Pradesh,Male,13.63K,,13.90K,+1.96%,14.38K,+3.49%,15.42K,+7.19%,15.90K,+3.12%,16.08K,+1.14%,15.80K,-1.70%,16.03K,+1.43%,20.67K,+28.93%,17.53K,-15.18%,19.41K,+10.73%
493,Ischemic heart disease,Arunachal Pradesh,Female,4.96K,,5.35K,+7.80%,5.63K,+5.16%,5.96K,+5.92%,6.11K,+2.53%,6.25K,+2.19%,6.13K,-1.78%,6.16K,+0.39%,7.66K,+24.38%,6.63K,-13.46%,7.26K,+9.52%
493,Ischemic heart disease,Assam,Male,446.13K,,438.96K,-1.61%,440.87K,+0.43%,468.96K,+6.37%,484.85K,+3.39%,494.56K,+2.00%,487.43K,-1.44%,490.21K,+0.57%,644.66K,+31.51%,563.81K,-12.54%,594.93K,+5.52%
493,Ischemic heart disease,Assam,Female,227.63K,,248.02K,+8.96%,262.81K,+5.96%,280.88K,+6.88%,289.53K,+3.08%,297.96K,+2.91%,285.03K,-4.34%,260.21K,-8.71%,268.10K,+3.04%,312.89K,+16.70%,329.61K,+5.34%
493,Ischemic heart disease,Bihar,Male,1.78M,,1.75M,-1.83%,1.68M,-4.03%,1.82M,+8.18%,1.77M,-2.47%,1.79M,+1.17%,1.74M,-2.83%,1.62M,-6.88%,2.23M,+37.30%,1.87M,-15.89%,1.99M,+6.14%
493,Ischemic heart disease,Bihar,Female,1.19M,,1.31M,+9.68%,1.30M,-0.49%,1.41M,+8.61%,1.36M,-3.74%,1.43M,+4.82%,1.37M,-3.78%,1.24M,-9.55%,1.44M,+16.32%,1.44M,-0.25%,1.50M,+4.25%
493,Ischemic heart disease,Chhattisgarh,Male,727.77K,,735.39K,+1.05%,751.04K,+2.13%,838.13K,+11.60%,861.26K,+2.76%,855.70K,-0.65%,847.59K,-0.95%,830.61K,-2.00%,1.18M,+42.57%,953.07K,-19.52%,958.33K,+0.55%
493,Ischemic heart disease,Chhattisgarh,Female,359.18K,,399.75K,+11.30%,425.33K,+6.40%,480.76K,+13.03%,500.50K,+4.11%,526.65K,+5.22%,530.89K,+0.80%,502.68K,-5.31%,679.48K,+35.17%,576.07K,-15.22%,562.41K,-2.37%
493,Ischemic heart disease,Delhi,Male,584.27K,,577.18K,-1.21%,555.38K,-3.78%,558.50K,+0.56%,510.08K,-8.67%,488.46K,-4.24%,433.87K,-11.18%,523.99K,+20.77%,679.07K,+29.60%,470.82K,-30.67%,482.52K,+2.49%
493,Ischemic heart disease,Delhi,Female,262.11K,,277.43K,+5.84%,265.79K,-4.20%,270.79K,+1.88%,248.21K,-8.34%,242.88K,-2.15%,216.24K,-10.97%,259.57K,+20.04%,320.08K,+23.31%,241.80K,-24.46%,243.92K,+0.88%
493,Ischemic heart disease,Goa,Male,78.32K,,79.93K,+2.06%,80.57K,+0.80%,82.36K,+2.23%,81.77K,-0.72%,80.25K,-1.86%,76.20K,-5.05%,77.19K,+1.31%,101.48K,+31.47%,82.62K,-18.58%,83.44K,+1.00%
493,Ischemic heart disease,Goa,Female,23.04K,,24.48K,+6.28%,25.05K,+2.32%,24.87K,-0.73%,24.27K,-2.41%,24.14K,-0.56%,22.99K,-4.75%,22.29K,-3.05%,26.25K,+17.79%,24.03K,-8.45%,24.62K,+2.43%
493,Ischemic heart disease,Gujarat,Male,2.39M,,2.37M,-0.98%,2.34M,-1.26%,2.36M,+0.87%,2.33M,-1.42%,2.21M,-4.92%,2.10M,-5.10%,2.17M,+3.04%,3.29M,+51.86%,2.14M,-34.83%,2.15M,+0.46%
493,Ischemic heart disease,Gujarat,Female,834.88K,,875.71K,+4.89%,869.92K,-0.66%,866.33K,-0.41%,848.76K,-2.03%,818.54K,-3.56%,786.57K,-3.91%,805.04K,+2.35%,1.17M,+45.33%,812.22K,-30.58%,816.45K,+0.52%
493,Ischemic heart disease,Haryana,Male,1.15M,,1.14M,-0.57%,1.10M,-3.84%,1.14M,+4.11%,1.09M,-4.51%,1.06M,-2.74%,949.30K,-10.59%,924.20K,-2.64%,1.16M,+25.18%,920.36K,-20.45%,932.88K,+1.36%
493,Ischemic heart disease,Haryana,Female,316.14K,,339.97K,+7.54%,323.62K,-4.81%,327.34K,+1.15%,302.77K,-7.51%,297.68K,-1.68%,266.01K,-10.64%,251.81K,-5.34%,300.74K,+19.43%,258.88K,-13.92%,265.22K,+2.45%
493,Ischemic heart disease,Himachal Pradesh,Male,230.97K,,212.16K,-8.14%,203.28K,-4.19%,210.59K,+3.59%,220.88K,+4.89%,229.09K,+3.72%,226.12K,-1.30%,216.20K,-4.38%,271.10K,+25.39%,284.74K,+5.03%,291.63K,+2.42%
493,Ischemic heart disease,Himachal Pradesh,Female,75.11K,,70.97K,-5.52%,67.55K,-4.82%,66.78K,-1.14%,66.66K,-0.18%,68.28K,+2.44%,66.87K,-2.06%,65.78K,-1.63%,82.62K,+25.60%,77.58K,-6.10%,76.59K,-1.27%
493,Ischemic heart disease,Jammu & Kashmir and Ladakh,Male,323.38K,,338.07K,+4.54%,361.30K,+6.87%,401.78K,+11.20%,414.56K,+3.18%,417.67K,+0.75%,398.08K,-4.69%,360.88K,-9.34%,396.91K,+9.98%,440.06K,+10.87%,443.52K,+0.79%
493,Ischemic heart disease,Jammu & Kashmir and Ladakh,Female,167.24K,,178.08K,+6.48%,187.58K,+5.33%,201.35K,+7.34%,202.95K,+0.80%,210.11K,+3.53%,205.02K,-2.42%,202.69K,-1.14%,260.08K,+28.31%,222.77K,-14.34%,225.41K,+1.19%
493,Ischemic heart disease,Jharkhand,Male,419.50K,,411.06K,-2.01%,351.76K,-14.43%,396.60K,+12.75%,385.27K,-2.86%,373.41K,-3.08%,347.74K,-6.88%,324.06K,-6.81%,449.64K,+38.75%,364.61K,-18.91%,369.44K,+1.33%
493,Ischemic heart disease,Jharkhand,Female,337.98K,,322.61K,-4.55%,324.44K,+0.57%,344.77K,+6.27%,327.74K,-4.94%,321.28K,-1.97%,296.97K,-7.57%,258.35K,-13.01%,281.42K,+8.93%,312.29K,+10.97%,310.43K,-0.59%
493,Ischemic heart disease,Karnataka,Male,2.75M,,2.75M,-0.06%,2.79M,+1.39%,2.94M,+5.45%,2.97M,+0.96%,2.89M,-2.82%,2.77M,-4.18%,2.98M,+7.57%,3.85M,+29.33%,2.96M,-23.17%,3.02M,+2.28%
493,Ischemic heart disease,Karnataka,Female,1.25M,,1.39M,+11.81%,1.47M,+5.22%,1.52M,+3.53%,1.47M,-2.94%,1.42M,-3.73%,1.31M,-7.36%,1.31M,-0.11%,1.57M,+20.03%,1.36M,-13.42%,1.40M,+2.37%
493,Ischemic heart disease,Kerala,Male,1.44M,,1.37M,-5.04%,1.30M,-5.17%,1.30M,+0.01%,1.25M,-3.37%,1.15M,-8.62%,1.01M,-11.75%,861.69K,-14.78%,994.13K,+15.37%,994.61K,+0.05%,1.01M,+1.50%
493,Ischemic heart disease,Kerala,Female,420.27K,,396.24K,-5.72%,395.28K,-0.24%,405.28K,+2.53%,400.90K,-1.08%,378.82K,-5.51%,339.63K,-10.35%,290.43K,-14.49%,300.14K,+3.35%,352.81K,+17.55%,368.68K,+4.50%
493,Ischemic heart disease,Madhya Pradesh,Male,2.09M,,2.11M,+0.95%,2.13M,+0.72%,2.24M,+5.46%,2.21M,-1.43%,2.17M,-1.74%,2.12M,-2.33%,2.09M,-1.68%,2.82M,+35.16%,2.27M,-19.47%,2.34M,+3.07%
493,Ischemic heart disease,Madhya Pradesh,Female,800.62K,,850.66K,+6.25%,855.26K,+0.54%,900.59K,+5.30%,896.79K,-0.42%,917.66K,+2.33%,909.61K,-0.88%,887.66K,-2.41%,1.14M,+28.74%,947.22K,-17.11%,969.34K,+2.34%
493,Ischemic heart disease,Maharashtra,Male,3.33M,,3.18M,-4.66%,2.95M,-7.05%,2.78M,-5.91%,2.64M,-4.87%,2.99M,+13.07%,2.23M,-25.27%,1.86M,-16.46%,2.34M,+25.42%,2.12M,-9.19%,2.23M,+5.08%
493,Ischemic heart disease,Maharashtra,Female,1.23M,,1.27M,+2.65%,1.21M,-4.65%,1.15M,-5.08%,1.02M,-11.28%,1.01M,-0.81%,791.28K,-21.56%,653.90K,-17.36%,792.02K,+21.12%,765.00K,-3.41%,799.04K,+4.45%
493,Ischemic heart disease,Manipur,Male,39.84K,,41.27K,+3.60%,43.13K,+4.50%,47.32K,+9.71%,49.32K,+4.23%,50.96K,+3.34%,49.84K,-2.20%,49.67K,-0.35%,76.91K,+54.84%,59.32K,-22.87%,62.71K,+5.72%
493,Ischemic heart disease,Manipur,Female,25.22K,,27.97K,+10.92%,29.93K,+6.98%,32.13K,+7.35%,32.83K,+2.20%,34.08K,+3.80%,33.34K,-2.17%,32.94K,-1.19%,49.64K,+50.68%,38.58K,-22.29%,40.53K,+5.06%
493,Ischemic heart disease,Meghalaya,Male,23.06K,,23.12K,+0.24%,23.36K,+1.06%,25.94K,+11.01%,27.22K,+4.94%,28.10K,+3.25%,27.54K,-2.02%,27.79K,+0.94%,45.51K,+63.76%,32.73K,-28.08%,33.98K,+3.79%
493,Ischemic heart disease,Meghalaya,Female,12.16K,,12.80K,+5.29%,13.13K,+2.57%,14.92K,+13.60%,16.00K,+7.28%,17.00K,+6.25%,16.82K,-1.06%,16.92K,+0.58%,26.67K,+57.65%,19.54K,-26.75%,20.35K,+4.14%
493,Ischemic heart disease,Mizoram,Male,4.80K,,4.70K,-1.96%,4.96K,+5.59%,5.91K,+19.13%,6.16K,+4.17%,6.22K,+0.89%,6.01K,-3.24%,6.14K,+2.12%,8.70K,+41.69%,7.20K,-17.27%,7.48K,+3.84%
493,Ischemic heart disease,Mizoram,Female,2.00K,,2.07K,+3.18%,2.19K,+5.76%,2.56K,+16.94%,2.62K,+2.39%,2.63K,+0.50%,2.50K,-4.82%,2.63K,+4.85%,3.65K,+39.02%,2.81K,-23.03%,2.84K,+1.15%
493,Ischemic heart disease,Nagaland,Male,16.88K,,16.71K,-0.98%,16.65K,-0.37%,17.33K,+4.06%,17.52K,+1.14%,17.53K,+0.01%,16.70K,-4.72%,16.73K,+0.19%,26.36K,+57.55%,18.69K,-29.07%,19.28K,+3.14%
493,Ischemic heart disease,Nagaland,Female,11.87K,,12.72K,+7.18%,13.08K,+2.83%,13.56K,+3.65%,13.74K,+1.33%,14.05K,+2.26%,13.61K,-3.13%,13.65K,+0.30%,20.50K,+50.17%,15.01K,-26.78%,15.57K,+3.74%
493,Ischemic heart disease,Odisha,Male,583.36K,,564.11K,-3.30%,554.98K,-1.62%,613.43K,+10.53%,631.82K,+3.00%,630.20K,-0.26%,613.27K,-2.69%,596.86K,-2.68%,751.51K,+25.91%,676.73K,-9.95%,687.84K,+1.64%
493,Ischemic heart disease,Odisha,Female,297.87K,,314.18K,+5.47%,324.12K,+3.16%,362.77K,+11.92%,382.41K,+5.41%,396.39K,+3.66%,392.65K,-0.94%,380.16K,-3.18%,424.03K,+11.54%,435.14K,+2.62%,437.83K,+0.62%
493,Ischemic heart disease,Other Union Territories,Male,111.62K,,115.63K,+3.60%,119.25K,+3.13%,128.60K,+7.84%,132.58K,+3.10%,133.29K,+0.54%,130.70K,-1.95%,138.36K,+5.86%,183.14K,+32.37%,148.12K,-19.12%,151.71K,+2.42%
493,Ischemic heart disease,Other Union Territories,Female,45.65K,,50.76K,+11.19%,53.29K,+4.98%,57.15K,+7.25%,58.35K,+2.11%,59.47K,+1.92%,58.49K,-1.66%,63.62K,+8.77%,85.49K,+34.39%,66.48K,-22.24%,67.58K,+1.65%
493,Ischemic heart disease,Punjab,Male,1.94M,,1.96M,+0.96%,1.97M,+0.72%,2.16M,+9.46%,2.23M,+3.35%,2.24M,+0.35%,2.15M,-4.09%,2.20M,+2.30%,2.64M,+20.10%,2.31M,-12.40%,2.29M,-1.06%
493,Ischemic heart disease,Punjab,Female,804.41K,,865.07K,+7.54%,898.12K,+3.82%,997.62K,+11.08%,1.02M,+1.99%,1.05M,+2.72%,1.02M,-2.52%,1.02M,+0.32%,1.15M,+12.49%,1.10M,-4.18%,1.10M,-0.35%
493,Ischemic heart disease,Rajasthan,Male,1.80M,,1.91M,+5.93%,1.99M,+4.58%,2.14M,+7.51%,2.19M,+2.29%,2.17M,-0.97%,2.10M,-3.11%,2.01M,-4.70%,2.39M,+19.45%,2.32M,-3.05%,2.32M,-0.29%
493,Ischemic heart disease,Rajasthan,Female,526.99K,,594.51K,+12.81%,628.33K,+5.69%,665.15K,+5.86%,663.01K,-0.32%,662.93K,-0.01%,633.10K,-4.50%,585.52K,-7.52%,675.85K,+15.43%,663.30K,-1.86%,663.63K,+0.05%
493,Ischemic heart disease,Sikkim,Male,13.27K,,13.35K,+0.56%,13.13K,-1.63%,13.29K,+1.22%,12.65K,-4.85%,11.68K,-7.64%,10.30K,-11.81%,9.37K,-9.00%,11.71K,+24.96%,11.82K,+0.90%,12.22K,+3.35%
493,Ischemic heart disease,Sikkim,Female,5.62K,,5.79K,+3.09%,5.60K,-3.40%,5.45K,-2.62%,5.10K,-6.36%,4.79K,-6.01%,4.33K,-9.79%,4.27K,-1.21%,5.71K,+33.72%,5.10K,-10.76%,5.16K,+1.27%
493,Ischemic heart disease,Tamil Nadu,Male,4.24M,,4.17M,-1.80%,3.95M,-5.14%,3.94M,-0.32%,3.75M,-4.90%,3.44M,-8.30%,3.03M,-11.90%,2.98M,-1.68%,3.46M,+16.11%,2.84M,-17.81%,2.88M,+1.54%
493,Ischemic heart disease,Tamil Nadu,Female,1.62M,,1.65M,+1.92%,1.55M,-6.08%,1.48M,-4.36%,1.35M,-8.98%,1.19M,-11.45%,1.02M,-14.42%,974.45K,-4.51%,1.06M,+8.61%,937.32K,-11.44%,978.76K,+4.42%
493,Ischemic heart disease,Telangana,Male,2.39M,,2.42M,+1.26%,2.45M,+1.15%,2.66M,+8.60%,2.77M,+4.04%,2.82M,+2.00%,2.84M,+0.74%,2.84M,-0.10%,3.54M,+24.56%,3.01M,-15.00%,2.96M,-1.59%
493,Ischemic heart disease,Telangana,Female,1.31M,,1.38M,+5.65%,1.38M,-0.12%,1.46M,+5.46%,1.46M,+0.34%,1.44M,-1.72%,1.36M,-5.40%,1.24M,-8.93%,1.28M,+3.07%,1.41M,+10.66%,1.38M,-2.52%
493,Ischemic heart disease,Tripura,Male,83.47K,,73.43K,-12.03%,77.26K,+5.23%,93.45K,+20.95%,96.13K,+2.87%,94.22K,-1.99%,91.69K,-2.68%,91.67K,-0.02%,108.93K,+18.83%,107.07K,-1.71%,113.26K,+5.78%
493,Ischemic heart disease,Tripura,Female,43.14K,,37.50K,-13.09%,40.78K,+8.76%,52.15K,+27.88%,54.11K,+3.75%,53.08K,-1.90%,52.17K,-1.72%,51.87K,-0.56%,58.43K,+12.63%,59.73K,+2.24%,63.34K,+6.04%
493,Ischemic heart disease,Uttar Pradesh,Male,4.59M,,4.50M,-1.89%,4.24M,-5.89%,4.39M,+3.70%,4.02M,-8.55%,3.78M,-5.89%,3.34M,-11.67%,2.98M,-10.63%,3.78M,+26.55%,3.55M,-6.05%,3.60M,+1.54%
493,Ischemic heart disease,Uttar Pradesh,Female,2.12M,,2.36M,+11.34%,2.32M,-1.78%,2.44M,+4.94%,2.23M,-8.45%,2.17M,-2.48%,1.92M,-11.75%,1.62M,-15.55%,1.74M,+7.18%,2.08M,+19.96%,2.11M,+1.44%
493,Ischemic heart disease,Uttarakhand,Male,716.31K,,738.64K,+3.12%,758.92K,+2.75%,811.29K,+6.90%,807.12K,-0.51%,787.87K,-2.38%,712.70K,-9.54%,690.71K,-3.09%,832.02K,+20.46%,766.08K,-7.92%,761.25K,-0.63%
493,Ischemic heart disease,Uttarakhand,Female,248.53K,,276.17K,+11.12%,283.52K,+2.66%,298.55K,+5.30%,296.18K,-0.79%,294.53K,-0.56%,266.02K,-9.68%,248.45K,-6.61%,280.11K,+12.74%,278.94K,-0.42%,276.77K,-0.78%
493,Ischemic heart disease,West Bengal,Male,2.34M,,2.39M,+2.21%,2.31M,-3.54%,2.44M,+5.98%,2.45M,+0.26%,2.48M,+1.14%,2.39M,-3.41%,2.46M,+2.87%,3.20M,+30.10%,2.66M,-16.86%,2.85M,+6.86%
493,Ischemic heart disease,West Bengal,Female,1.27M,,1.40M,+10.24%,1.39M,-0.91%,1.45M,+4.46%,1.41M,-2.79%,1.39M,-1.26%,1.31M,-5.75%,1.34M,+2.07%,1.68M,+25.55%,1.42M,-15.23%,1.52M,+7.00%
494,Stroke,Andhra Pradesh,Male,529.39K,,510.70K,-3.53%,507.28K,-0.67%,530.33K,+4.54%,539.02K,+1.64%,511.38K,-5.13%,481.90K,-5.76%,479.91K,-0.41%,559.52K,+16.59%,458.00K,-18.14%,452.62K,-1.18%
494,Stroke,Andhra Pradesh,Female,399.53K,,429.41K,+7.48%,453.79K,+5.68%,480.14K,+5.81%,498.81K,+3.89%,505.76K,+1.39%,508.50K,+0.54%,497.41K,-2.18%,508.55K,+2.24%,491.71K,-3.31%,488.12K,-0.73%
494,Stroke,Arunachal Pradesh,Male,8.15K,,8.07K,-1.06%,8.24K,+2.09%,8.74K,+6.09%,9.02K,+3.24%,8.98K,-0.46%,8.73K,-2.74%,8.73K,-0.04%,10.45K,+19.69%,8.87K,-15.05%,9.67K,+8.99%
494,Stroke,Arunachal Pradesh,Female,4.46K,,4.66K,+4.36%,4.82K,+3.40%,5.00K,+3.89%,5.10K,+1.84%,5.16K,+1.23%,5.10K,-1.17%,5.16K,+1.19%,6.16K,+19.32%,5.35K,-13.16%,5.88K,+9.99%
494,Stroke,Assam,Male,548.37K,,530.95K,-3.18%,531.13K,+0.03%,559.54K,+5.35%,575.49K,+2.85%,576.55K,+0.18%,563.80K,-2.21%,554.35K,-1.68%,677.02K,+22.13%,576.84K,-14.80%,592.10K,+2.65%
494,Stroke,Assam,Female,312.58K,,334.19K,+6.91%,352.87K,+5.59%,374.69K,+6.19%,386.79K,+3.23%,394.47K,+1.99%,381.13K,-3.38%,355.03K,-6.85%,354.00K,-0.29%,406.52K,+14.83%,418.21K,+2.88%
494,Stroke,Bihar,Male,633.64K,,604.21K,-4.64%,584.40K,-3.28%,619.58K,+6.02%,621.79K,+0.36%,614.41K,-1.19%,595.07K,-3.15%,562.38K,-5.49%,688.76K,+22.47%,577.17K,-16.20%,594.33K,+2.97%
494,Stroke,Bihar,Female,517.85K,,563.76K,+8.86%,563.18K,-0.10%,594.61K,+5.58%,590.24K,-0.74%,603.31K,+2.21%,589.73K,-2.25%,554.49K,-5.98%,589.96K,+6.40%,593.14K,+0.54%,608.71K,+2.62%
494,Stroke,Chhattisgarh,Male,517.27K,,508.48K,-1.70%,518.26K,+1.92%,573.09K,+10.58%,598.37K,+4.41%,584.42K,-2.33%,573.78K,-1.82%,559.53K,-2.48%,724.81K,+29.54%,577.11K,-20.38%,569.71K,-1.28%
494,Stroke,Chhattisgarh,Female,351.38K,,376.12K,+7.04%,391.61K,+4.12%,429.61K,+9.70%,454.75K,+5.85%,472.53K,+3.91%,480.23K,+1.63%,457.42K,-4.75%,567.05K,+23.97%,490.08K,-13.57%,477.16K,-2.64%
494,Stroke,Delhi,Male,94.78K,,91.00K,-3.99%,88.18K,-3.10%,86.88K,-1.47%,82.30K,-5.27%,77.62K,-5.69%,72.29K,-6.87%,88.89K,+22.97%,102.41K,+15.21%,73.00K,-28.72%,73.59K,+0.80%
494,Stroke,Delhi,Female,58.34K,,59.82K,+2.55%,57.79K,-3.40%,57.80K,+0.03%,55.51K,-3.98%,54.21K,-2.34%,52.28K,-3.57%,64.26K,+22.93%,72.13K,+12.25%,56.83K,-21.22%,57.39K,+0.99%
494,Stroke,Goa,Male,17.45K,,17.28K,-0.93%,17.29K,+0.06%,17.44K,+0.86%,17.36K,-0.49%,16.96K,-2.29%,16.17K,-4.62%,16.34K,+1.04%,19.84K,+21.41%,16.23K,-18.22%,16.01K,-1.34%
494,Stroke,Goa,Female,8.40K,,8.71K,+3.64%,8.86K,+1.78%,8.74K,-1.38%,8.60K,-1.67%,8.56K,-0.46%,8.34K,-2.60%,8.29K,-0.49%,9.41K,+13.40%,8.65K,-8.07%,8.71K,+0.72%
494,Stroke,Gujarat,Male,529.04K,,566.93K,+7.16%,615.22K,+8.52%,677.23K,+10.08%,730.54K,+7.87%,749.25K,+2.56%,756.42K,+0.96%,819.97K,+8.40%,1.18M,+44.45%,804.42K,-32.09%,785.52K,-2.35%
494,Stroke,Gujarat,Female,359.52K,,409.57K,+13.92%,449.68K,+9.79%,488.18K,+8.56%,524.55K,+7.45%,549.29K,+4.72%,574.65K,+4.62%,620.58K,+7.99%,862.13K,+38.92%,598.54K,-30.57%,598.26K,-0.05%
494,Stroke,Haryana,Male,241.00K,,267.01K,+10.79%,294.53K,+10.31%,340.40K,+15.57%,368.87K,+8.36%,386.24K,+4.71%,382.08K,-1.08%,389.04K,+1.82%,457.54K,+17.61%,373.06K,-18.46%,362.07K,-2.95%
494,Stroke,Haryana,Female,138.93K,,163.82K,+17.91%,176.39K,+7.68%,194.87K,+10.47%,203.71K,+4.53%,214.70K,+5.40%,216.19K,+0.69%,223.25K,+3.27%,253.35K,+13.48%,217.57K,-14.12%,216.27K,-0.60%
494,Stroke,Himachal Pradesh,Male,38.41K,,35.19K,-8.38%,34.01K,-3.34%,34.98K,+2.85%,36.84K,+5.32%,37.82K,+2.66%,37.56K,-0.70%,36.30K,-3.34%,41.98K,+15.66%,42.36K,+0.90%,42.93K,+1.33%
494,Stroke,Himachal Pradesh,Female,23.47K,,21.95K,-6.51%,20.92K,-4.67%,20.52K,-1.94%,20.71K,+0.96%,21.19K,+2.29%,21.22K,+0.14%,21.41K,+0.90%,25.65K,+19.80%,23.72K,-7.52%,23.63K,-0.39%
494,Stroke,Jammu & Kashmir and Ladakh,Male,72.27K,,73.67K,+1.93%,77.65K,+5.41%,84.16K,+8.38%,87.59K,+4.07%,87.14K,-0.51%,82.98K,-4.77%,76.19K,-8.18%,79.22K,+3.97%,83.60K,+5.53%,83.36K,-0.28%
494,Stroke,Jammu & Kashmir and Ladakh,Female,40.34K,,41.81K,+3.64%,43.58K,+4.24%,45.89K,+5.31%,47.21K,+2.87%,48.87K,+3.52%,49.28K,+0.83%,50.50K,+2.48%,62.81K,+24.38%,51.85K,-17.45%,52.69K,+1.61%
494,Stroke,Jharkhand,Male,256.81K,,283.23K,+10.29%,277.68K,-1.96%,338.69K,+21.97%,369.36K,+9.06%,386.26K,+4.57%,390.22K,+1.02%,380.20K,-2.57%,490.25K,+28.95%,399.56K,-18.50%,399.42K,-0.03%
494,Stroke,Jharkhand,Female,267.34K,,273.97K,+2.48%,301.92K,+10.20%,335.47K,+11.11%,347.65K,+3.63%,358.24K,+3.05%,354.97K,-0.91%,332.37K,-6.37%,350.48K,+5.45%,385.53K,+10.00%,385.32K,-0.06%
494,Stroke,Karnataka,Male,633.57K,,623.70K,-1.56%,635.39K,+1.87%,669.55K,+5.38%,680.78K,+1.68%,658.91K,-3.21%,629.07K,-4.53%,667.81K,+6.16%,795.77K,+19.16%,606.15K,-23.83%,602.65K,-0.58%
494,Stroke,Karnataka,Female,406.51K,,441.86K,+8.70%,461.35K,+4.41%,472.50K,+2.42%,458.06K,-3.06%,439.47K,-4.06%,413.75K,-5.85%,416.05K,+0.56%,484.96K,+16.56%,408.37K,-15.79%,412.99K,+1.13%
494,Stroke,Kerala,Male,444.01K,,467.14K,+5.21%,496.03K,+6.19%,549.59K,+10.80%,591.22K,+7.57%,588.93K,-0.39%,561.56K,-4.65%,507.62K,-9.61%,566.03K,+11.51%,565.73K,-0.05%,554.25K,-2.03%
494,Stroke,Kerala,Female,246.16K,,247.72K,+0.64%,264.62K,+6.82%,288.65K,+9.08%,306.31K,+6.12%,307.89K,+0.52%,296.55K,-3.68%,270.35K,-8.84%,279.20K,+3.27%,322.10K,+15.37%,328.06K,+1.85%
494,Stroke,Madhya Pradesh,Male,645.91K,,639.60K,-0.98%,643.58K,+0.62%,672.17K,+4.44%,671.10K,-0.16%,648.92K,-3.31%,627.59K,-3.29%,618.05K,-1.52%,747.19K,+20.89%,614.23K,-17.79%,616.17K,+0.31%
494,Stroke,Madhya Pradesh,Female,462.92K,,476.52K,+2.94%,472.61K,-0.82%,486.10K,+2.85%,488.40K,+0.47%,492.35K,+0.81%,490.18K,-0.44%,488.02K,-0.44%,584.81K,+19.83%,485.34K,-17.01%,490.77K,+1.12%
494,Stroke,Maharashtra,Male,1.41M,,1.48M,+4.67%,1.52M,+2.92%,1.56M,+2.63%,1.64M,+4.72%,1.97M,+20.38%,1.57M,-20.10%,1.38M,-12.14%,1.66M,+19.98%,1.48M,-10.92%,1.49M,+1.11%
494,Stroke,Maharashtra,Female,720.77K,,803.71K,+11.51%,835.84K,+4.00%,860.17K,+2.91%,848.29K,-1.38%,906.92K,+6.91%,768.26K,-15.29%,681.04K,-11.35%,811.46K,+19.15%,769.94K,-5.12%,788.74K,+2.44%
494,Stroke,Manipur,Male,38.05K,,38.23K,+0.46%,39.38K,+3.02%,42.58K,+8.12%,44.29K,+4.01%,44.69K,+0.90%,43.32K,-3.06%,42.37K,-2.20%,60.18K,+42.04%,46.38K,-22.93%,48.06K,+3.62%
494,Stroke,Manipur,Female,18.96K,,20.34K,+7.27%,21.43K,+5.36%,22.59K,+5.44%,23.11K,+2.28%,23.71K,+2.61%,23.53K,-0.75%,23.50K,-0.14%,33.17K,+41.13%,26.14K,-21.19%,27.07K,+3.57%
494,Stroke,Meghalaya,Male,16.33K,,15.78K,-3.40%,15.81K,+0.19%,17.42K,+10.23%,18.43K,+5.79%,18.80K,+2.01%,18.46K,-1.79%,18.42K,-0.24%,27.63K,+50.01%,19.69K,-28.74%,20.05K,+1.81%
494,Stroke,Meghalaya,Female,9.22K,,9.30K,+0.82%,9.37K,+0.74%,10.45K,+11.51%,11.22K,+7.37%,11.81K,+5.31%,11.94K,+1.12%,12.18K,+1.96%,17.94K,+47.28%,13.36K,-25.52%,13.82K,+3.42%
494,Stroke,Mizoram,Male,3.22K,,3.05K,-5.32%,3.17K,+4.08%,3.73K,+17.56%,3.93K,+5.51%,3.94K,+0.21%,3.83K,-2.83%,3.86K,+0.91%,4.94K,+27.94%,4.13K,-16.36%,4.19K,+1.26%
494,Stroke,Mizoram,Female,1.41K,,1.44K,+2.32%,1.54K,+6.37%,1.80K,+17.01%,1.91K,+6.00%,1.97K,+3.52%,1.99K,+0.82%,2.16K,+8.48%,2.86K,+32.45%,2.38K,-16.68%,2.36K,-0.88%
494,Stroke,Nagaland,Male,17.57K,,17.21K,-2.05%,17.23K,+0.07%,17.89K,+3.85%,18.24K,+1.93%,18.11K,-0.70%,17.26K,-4.66%,17.04K,-1.28%,24.69K,+44.84%,17.77K,-28.01%,18.14K,+2.08%
494,Stroke,Nagaland,Female,7.41K,,7.69K,+3.77%,7.80K,+1.48%,7.94K,+1.77%,8.00K,+0.83%,8.07K,+0.87%,7.89K,-2.22%,7.96K,+0.84%,11.17K,+40.35%,8.30K,-25.68%,8.43K,+1.48%
494,Stroke,Odisha,Male,596.84K,,567.35K,-4.94%,564.59K,-0.49%,625.54K,+10.80%,655.95K,+4.86%,651.83K,-0.63%,636.57K,-2.34%,624.27K,-1.93%,720.73K,+15.45%,649.63K,-9.86%,653.59K,+0.61%
494,Stroke,Odisha,Female,458.61K,,469.09K,+2.28%,480.32K,+2.39%,527.50K,+9.82%,558.81K,+5.94%,573.81K,+2.68%,576.46K,+0.46%,564.76K,-2.03%,603.46K,+6.85%,621.22K,+2.94%,626.28K,+0.81%
494,Stroke,Other Union Territories,Male,19.06K,,19.27K,+1.13%,19.75K,+2.48%,21.04K,+6.50%,21.71K,+3.18%,21.68K,-0.11%,21.30K,-1.74%,22.65K,+6.33%,27.54K,+21.56%,22.24K,-19.24%,22.16K,-0.34%
494,Stroke,Other Union Territories,Female,14.06K,,15.20K,+8.10%,15.82K,+4.05%,16.71K,+5.63%,17.07K,+2.17%,17.33K,+1.56%,17.37K,+0.23%,19.23K,+10.68%,24.38K,+26.78%,19.33K,-20.70%,19.32K,-0.09%
494,Stroke,Punjab,Male,200.95K,,198.78K,-1.08%,202.43K,+1.83%,220.24K,+8.80%,231.81K,+5.25%,232.80K,+0.43%,229.13K,-1.58%,236.44K,+3.19%,260.80K,+10.30%,230.61K,-11.58%,223.12K,-3.25%
494,Stroke,Punjab,Female,136.83K,,145.70K,+6.48%,152.12K,+4.41%,167.04K,+9.81%,174.56K,+4.50%,180.29K,+3.28%,184.75K,+2.47%,192.43K,+4.16%,207.76K,+7.97%,198.48K,-4.47%,196.57K,-0.96%
494,Stroke,Rajasthan,Male,368.43K,,383.68K,+4.14%,403.58K,+5.19%,436.28K,+8.10%,455.68K,+4.45%,450.83K,-1.07%,438.15K,-2.81%,425.09K,-2.98%,463.92K,+9.13%,442.04K,-4.72%,432.63K,-2.13%
494,Stroke,Rajasthan,Female,225.95K,,248.47K,+9.97%,261.98K,+5.44%,274.35K,+4.72%,277.38K,+1.11%,275.83K,-0.56%,269.99K,-2.11%,258.99K,-4.08%,280.33K,+8.24%,275.04K,-1.89%,275.73K,+0.25%
494,Stroke,Sikkim,Male,3.82K,,3.77K,-1.29%,3.72K,-1.21%,3.77K,+1.32%,3.66K,-2.92%,3.41K,-6.86%,3.06K,-10.23%,2.85K,-6.91%,3.24K,+13.79%,3.24K,-0.02%,3.30K,+1.64%
494,Stroke,Sikkim,Female,2.11K,,2.16K,+2.39%,2.12K,-1.87%,2.08K,-1.55%,2.01K,-3.43%,1.94K,-3.59%,1.83K,-5.73%,1.88K,+2.76%,2.33K,+23.86%,2.15K,-7.77%,2.20K,+2.25%
494,Stroke,Tamil Nadu,Male,714.97K,,752.25K,+5.21%,783.22K,+4.12%,856.93K,+9.41%,898.70K,+4.87%,893.95K,-0.53%,856.27K,-4.21%,863.64K,+0.86%,952.78K,+10.32%,774.83K,-18.68%,773.91K,-0.12%
494,Stroke,Tamil Nadu,Female,540.89K,,606.23K,+12.08%,638.34K,+5.30%,678.30K,+6.26%,683.85K,+0.82%,659.94K,-3.50%,620.75K,-5.94%,629.03K,+1.33%,681.99K,+8.42%,622.92K,-8.66%,643.59K,+3.32%
494,Stroke,Telangana,Male,466.65K,,455.39K,-2.41%,459.25K,+0.85%,488.94K,+6.46%,505.79K,+3.45%,505.53K,-0.05%,498.21K,-1.45%,493.57K,-0.93%,562.71K,+14.01%,470.30K,-16.42%,455.15K,-3.22%
494,Stroke,Telangana,Female,322.34K,,329.65K,+2.27%,329.85K,+0.06%,343.77K,+4.22%,346.65K,+0.84%,338.86K,-2.25%,324.15K,-4.34%,301.38K,-7.02%,297.80K,-1.19%,323.86K,+8.75%,315.94K,-2.45%
494,Stroke,Tripura,Male,72.59K,,61.11K,-15.82%,63.17K,+3.38%,75.54K,+19.59%,78.22K,+3.54%,74.98K,-4.15%,73.00K,-2.64%,72.21K,-1.08%,79.86K,+10.60%,76.17K,-4.63%,77.84K,+2.19%
494,Stroke,Tripura,Female,40.81K,,34.13K,-16.35%,36.41K,+6.67%,45.47K,+24.87%,47.20K,+3.80%,45.47K,-3.67%,45.55K,+0.17%,45.85K,+0.67%,49.55K,+8.07%,49.86K,+0.62%,51.49K,+3.27%
494,Stroke,Uttar Pradesh,Male,1.70M,,1.84M,+7.87%,1.95M,+6.15%,2.19M,+12.08%,2.27M,+3.68%,2.28M,+0.63%,2.20M,-3.47%,2.10M,-4.73%,2.50M,+18.98%,2.33M,-6.73%,2.32M,-0.40%
494,Stroke,Uttar Pradesh,Female,1.34M,,1.63M,+21.29%,1.78M,+9.50%,1.99M,+11.41%,2.06M,+3.66%,2.13M,+3.45%,2.09M,-1.76%,1.95M,-6.94%,1.97M,+1.40%,2.36M,+19.78%,2.35M,-0.42%
494,Stroke,Uttarakhand,Male,130.13K,,130.88K,+0.58%,135.13K,+3.25%,142.97K,+5.81%,143.29K,+0.22%,136.84K,-4.50%,124.59K,-8.96%,122.10K,-2.00%,135.23K,+10.76%,122.49K,-9.43%,120.95K,-1.26%
494,Stroke,Uttarakhand,Female,73.19K,,79.10K,+8.07%,81.43K,+2.94%,84.88K,+4.24%,85.55K,+0.78%,83.71K,-2.14%,77.82K,-7.04%,74.00K,-4.91%,77.15K,+4.26%,78.68K,+1.98%,78.30K,-0.48%
494,Stroke,West Bengal,Male,1.91M,,1.86M,-2.54%,1.79M,-3.98%,1.84M,+2.83%,1.84M,+0.09%,1.81M,-1.44%,1.74M,-3.74%,1.79M,+2.73%,2.14M,+19.62%,1.74M,-19.07%,1.77M,+2.28%
494,Stroke,West Bengal,Female,1.17M,,1.23M,+5.67%,1.22M,-0.77%,1.25M,+1.91%,1.22M,-2.00%,1.19M,-2.79%,1.14M,-3.58%,1.19M,+4.43%,1.41M,+18.24%,1.19M,-15.91%,1.24M,+4.02%
498,Hypertensive heart disease,Andhra Pradesh,Male,106.96K,,106.96K,+0.01%,112.16K,+4.86%,122.08K,+8.84%,130.19K,+6.65%,128.23K,-1.51%,127.81K,-0.32%,132.83K,+3.93%,157.56K,+18.62%,130.32K,-17.29%,132.64K,+1.78%
498,Hypertensive heart disease,Andhra Pradesh,Female,83.54K,,91.92K,+10.03%,100.75K,+9.61%,106.92K,+6.12%,112.43K,+5.15%,114.28K,+1.65%,116.24K,+1.71%,124.25K,+6.89%,129.40K,+4.14%,133.52K,+3.18%,140.39K,+5.15%
498,Hypertensive heart disease,Arunachal Pradesh,Male,1.31K,,1.33K,+0.84%,1.40K,+5.41%,1.52K,+8.46%,1.60K,+5.64%,1.62K,+1.15%,1.62K,+0.11%,1.69K,+4.30%,2.10K,+24.00%,1.76K,-15.90%,2.01K,+13.91%
498,Hypertensive heart disease,Arunachal Pradesh,Female,704.77,,775.66,+10.06%,855.00,+10.23%,926.86,+8.40%,983.00,+6.06%,1.03K,+4.61%,1.08K,+4.58%,1.16K,+7.60%,1.45K,+25.15%,1.28K,-11.93%,1.50K,+17.42%
498,Hypertensive heart disease,Assam,Male,40.91K,,39.53K,-3.37%,39.83K,+0.75%,41.71K,+4.74%,43.22K,+3.62%,43.40K,+0.41%,43.33K,-0.16%,43.98K,+1.49%,55.83K,+26.96%,48.90K,-12.41%,50.81K,+3.91%
498,Hypertensive heart disease,Assam,Female,23.78K,,26.68K,+12.23%,29.83K,+11.79%,32.65K,+9.46%,35.22K,+7.86%,37.17K,+5.55%,38.23K,+2.85%,37.78K,-1.19%,39.84K,+5.47%,48.09K,+20.70%,51.19K,+6.45%
498,Hypertensive heart disease,Bihar,Male,157.85K,,154.79K,-1.94%,155.29K,+0.32%,167.13K,+7.63%,176.96K,+5.88%,179.00K,+1.15%,183.00K,+2.24%,184.99K,+1.08%,231.53K,+25.16%,194.20K,-16.12%,203.28K,+4.67%
498,Hypertensive heart disease,Bihar,Female,97.68K,,113.63K,+16.33%,123.46K,+8.65%,134.50K,+8.95%,145.95K,+8.51%,155.93K,+6.84%,166.70K,+6.91%,174.72K,+4.81%,185.88K,+6.39%,193.22K,+3.95%,204.32K,+5.74%
498,Hypertensive heart disease,Chhattisgarh,Male,48.22K,,49.23K,+2.09%,52.01K,+5.65%,58.48K,+12.42%,62.97K,+7.69%,62.80K,-0.28%,63.84K,+1.65%,65.24K,+2.20%,86.11K,+31.99%,69.73K,-19.03%,70.75K,+1.46%
498,Hypertensive heart disease,Chhattisgarh,Female,26.58K,,30.05K,+13.04%,33.69K,+12.10%,38.60K,+14.58%,42.82K,+10.95%,45.96K,+7.33%,49.67K,+8.07%,52.21K,+5.11%,67.46K,+29.21%,58.30K,-13.58%,60.20K,+3.27%
498,Hypertensive heart disease,Delhi,Male,19.54K,,19.25K,-1.52%,19.64K,+2.03%,19.49K,-0.74%,19.32K,-0.86%,18.35K,-5.07%,18.17K,-0.98%,24.91K,+37.10%,28.55K,+14.64%,19.53K,-31.59%,19.90K,+1.88%
498,Hypertensive heart disease,Delhi,Female,11.81K,,12.81K,+8.44%,13.48K,+5.21%,13.86K,+2.85%,14.47K,+4.33%,14.44K,-0.16%,15.56K,+7.76%,22.60K,+45.21%,24.78K,+9.65%,18.80K,-24.14%,19.63K,+4.41%
498,Hypertensive heart disease,Goa,Male,3.08K,,3.11K,+0.77%,3.20K,+3.12%,3.30K,+3.01%,3.35K,+1.46%,3.31K,-1.17%,3.24K,-1.93%,3.41K,+4.96%,4.27K,+25.52%,3.46K,-19.04%,3.43K,-0.87%
498,Hypertensive heart disease,Goa,Female,1.46K,,1.58K,+7.98%,1.69K,+7.57%,1.74K,+2.52%,1.77K,+1.60%,1.80K,+1.89%,1.83K,+1.88%,1.90K,+3.68%,2.22K,+16.78%,2.08K,-6.26%,2.15K,+3.61%
498,Hypertensive heart disease,Gujarat,Male,100.23K,,103.64K,+3.40%,110.87K,+6.98%,119.45K,+7.73%,126.60K,+5.99%,126.27K,-0.26%,127.65K,+1.10%,139.88K,+9.58%,201.28K,+43.90%,132.88K,-33.98%,135.98K,+2.33%
498,Hypertensive heart disease,Gujarat,Female,62.54K,,68.47K,+9.49%,73.33K,+7.10%,76.40K,+4.19%,79.34K,+3.85%,79.85K,+0.64%,82.98K,+3.92%,93.29K,+12.42%,131.92K,+41.41%,94.62K,-28.28%,101.63K,+7.42%
498,Hypertensive heart disease,Haryana,Male,41.49K,,43.76K,+5.47%,47.01K,+7.44%,51.97K,+10.54%,56.32K,+8.37%,57.46K,+2.03%,58.08K,+1.09%,62.42K,+7.46%,72.20K,+15.68%,57.27K,-20.68%,57.42K,+0.26%
498,Hypertensive heart disease,Haryana,Female,24.91K,,27.86K,+11.82%,29.23K,+4.94%,30.12K,+3.04%,31.30K,+3.93%,31.86K,+1.78%,33.35K,+4.68%,36.66K,+9.93%,41.02K,+11.88%,36.29K,-11.53%,37.95K,+4.57%
498,Hypertensive heart disease,Himachal Pradesh,Male,10.60K,,9.71K,-8.37%,9.55K,-1.68%,9.93K,+3.96%,10.84K,+9.16%,11.37K,+4.95%,11.67K,+2.67%,11.68K,+0.08%,14.01K,+19.88%,14.58K,+4.08%,15.36K,+5.37%
498,Hypertensive heart disease,Himachal Pradesh,Female,6.66K,,6.43K,-3.53%,6.43K,-0.06%,6.46K,+0.55%,6.87K,+6.33%,7.31K,+6.38%,7.77K,+6.28%,8.33K,+7.27%,10.47K,+25.68%,9.96K,-4.93%,10.55K,+5.99%
498,Hypertensive heart disease,Jammu & Kashmir and Ladakh,Male,16.75K,,17.27K,+3.14%,18.80K,+8.81%,20.67K,+10.00%,22.23K,+7.54%,22.44K,+0.92%,22.26K,-0.77%,21.20K,-4.78%,21.96K,+3.61%,24.14K,+9.91%,24.65K,+2.11%
498,Hypertensive heart disease,Jammu & Kashmir and Ladakh,Female,10.01K,,10.75K,+7.39%,11.92K,+10.85%,12.84K,+7.68%,13.83K,+7.73%,14.68K,+6.17%,15.86K,+8.05%,17.44K,+9.90%,22.12K,+26.86%,19.03K,-13.97%,20.40K,+7.22%
498,Hypertensive heart disease,Jharkhand,Male,40.60K,,42.50K,+4.70%,40.70K,-4.25%,47.95K,+17.83%,52.31K,+9.09%,53.55K,+2.37%,53.91K,+0.67%,54.79K,+1.63%,70.39K,+28.48%,57.36K,-18.51%,60.05K,+4.69%
498,Hypertensive heart disease,Jharkhand,Female,25.14K,,25.60K,+1.80%,29.28K,+14.40%,32.73K,+11.77%,36.23K,+10.69%,38.46K,+6.17%,39.90K,+3.75%,40.77K,+2.16%,42.87K,+5.15%,47.62K,+11.09%,51.49K,+8.13%
498,Hypertensive heart disease,Karnataka,Male,94.16K,,93.25K,-0.97%,97.24K,+4.29%,104.37K,+7.33%,108.86K,+4.30%,107.63K,-1.13%,106.53K,-1.02%,119.22K,+11.90%,146.04K,+22.50%,113.27K,-22.44%,115.42K,+1.90%
498,Hypertensive heart disease,Karnataka,Female,65.56K,,72.71K,+10.91%,79.27K,+9.01%,83.52K,+5.36%,84.06K,+0.65%,83.53K,-0.63%,83.09K,-0.53%,89.98K,+8.29%,108.09K,+20.13%,95.76K,-11.41%,100.86K,+5.33%
498,Hypertensive heart disease,Kerala,Male,58.04K,,59.02K,+1.69%,61.15K,+3.60%,65.46K,+7.04%,68.41K,+4.51%,66.22K,-3.19%,62.59K,-5.48%,55.90K,-10.69%,63.16K,+12.99%,63.72K,+0.88%,64.41K,+1.09%
498,Hypertensive heart disease,Kerala,Female,46.41K,,45.76K,-1.40%,48.79K,+6.62%,52.17K,+6.94%,54.38K,+4.24%,53.76K,-1.15%,52.08K,-3.13%,48.06K,-7.73%,50.06K,+4.17%,60.08K,+20.01%,64.43K,+7.25%
498,Hypertensive heart disease,Madhya Pradesh,Male,106.22K,,107.05K,+0.78%,111.56K,+4.21%,118.33K,+6.07%,122.86K,+3.83%,120.82K,-1.65%,121.71K,+0.73%,127.04K,+4.37%,157.81K,+24.22%,128.50K,-18.57%,132.15K,+2.84%
498,Hypertensive heart disease,Madhya Pradesh,Female,61.50K,,66.58K,+8.26%,70.45K,+5.80%,74.82K,+6.20%,79.83K,+6.70%,83.19K,+4.21%,88.55K,+6.45%,96.54K,+9.02%,118.34K,+22.58%,100.47K,-15.10%,107.18K,+6.68%
498,Hypertensive heart disease,Maharashtra,Male,192.00K,,195.81K,+1.99%,199.25K,+1.76%,200.15K,+0.45%,207.59K,+3.72%,248.95K,+19.92%,199.07K,-20.04%,177.10K,-11.03%,215.15K,+21.48%,194.60K,-9.55%,202.67K,+4.15%
498,Hypertensive heart disease,Maharashtra,Female,108.77K,,119.70K,+10.06%,124.25K,+3.80%,124.54K,+0.24%,120.21K,-3.48%,126.64K,+5.35%,108.89K,-14.02%,99.95K,-8.21%,119.41K,+19.46%,117.45K,-1.64%,126.38K,+7.61%
498,Hypertensive heart disease,Manipur,Male,3.83K,,3.90K,+1.85%,4.14K,+6.20%,4.56K,+10.31%,4.90K,+7.32%,5.03K,+2.65%,5.07K,+0.80%,5.20K,+2.55%,7.63K,+46.88%,5.93K,-22.30%,6.21K,+4.64%
498,Hypertensive heart disease,Manipur,Female,2.53K,,2.84K,+12.22%,3.19K,+12.23%,3.50K,+9.76%,3.77K,+7.75%,4.00K,+6.04%,4.26K,+6.34%,4.57K,+7.36%,6.82K,+49.24%,5.53K,-18.93%,5.91K,+6.84%
498,Hypertensive heart disease,Meghalaya,Male,2.70K,,2.67K,-1.23%,2.76K,+3.36%,3.08K,+11.41%,3.31K,+7.54%,3.39K,+2.53%,3.41K,+0.45%,3.53K,+3.66%,5.55K,+57.08%,3.95K,-28.75%,4.09K,+3.54%
498,Hypertensive heart disease,Meghalaya,Female,1.79K,,1.91K,+6.69%,2.03K,+6.78%,2.32K,+14.18%,2.57K,+10.41%,2.75K,+7.02%,2.91K,+5.96%,3.15K,+8.32%,4.97K,+57.60%,3.77K,-23.98%,4.08K,+8.04%
498,Hypertensive heart disease,Mizoram,Male,756.95,,704.12,-6.98%,736.39,+4.58%,889.52,+20.79%,937.97,+5.45%,916.68,-2.27%,883.63,-3.61%,902.35,+2.12%,1.23K,+36.11%,985.81,-19.74%,1.00K,+1.65%
498,Hypertensive heart disease,Mizoram,Female,478.01,,505.54,+5.76%,551.67,+9.12%,656.82,+19.06%,689.13,+4.92%,690.76,+0.24%,693.05,+0.33%,769.80,+11.07%,1.09K,+41.15%,852.96,-21.50%,865.86,+1.51%
498,Hypertensive heart disease,Nagaland,Male,1.53K,,1.52K,-0.84%,1.57K,+3.20%,1.66K,+5.85%,1.73K,+4.59%,1.75K,+0.67%,1.72K,-1.58%,1.78K,+3.50%,2.68K,+50.69%,1.93K,-27.80%,1.97K,+2.08%
498,Hypertensive heart disease,Nagaland,Female,959.18,,1.04K,+8.14%,1.12K,+7.62%,1.18K,+5.57%,1.24K,+5.39%,1.29K,+4.23%,1.35K,+4.13%,1.46K,+8.33%,2.16K,+48.12%,1.69K,-22.10%,1.78K,+5.89%
498,Hypertensive heart disease,Odisha,Male,64.03K,,60.13K,-6.08%,59.60K,-0.89%,64.97K,+9.00%,67.84K,+4.42%,66.38K,-2.15%,65.19K,-1.80%,65.46K,+0.42%,77.58K,+18.51%,68.91K,-11.18%,71.73K,+4.10%
498,Hypertensive heart disease,Odisha,Female,36.38K,,38.06K,+4.62%,40.57K,+6.60%,45.05K,+11.02%,48.72K,+8.15%,50.31K,+3.27%,52.17K,+3.71%,54.16K,+3.80%,58.10K,+7.29%,61.15K,+5.25%,65.43K,+6.99%
498,Hypertensive heart disease,Other Union Territories,Male,4.73K,,4.83K,+2.16%,5.07K,+5.10%,5.48K,+7.97%,5.79K,+5.65%,5.84K,+0.95%,5.92K,+1.23%,6.56K,+10.92%,8.20K,+25.03%,6.58K,-19.80%,6.66K,+1.18%
498,Hypertensive heart disease,Other Union Territories,Female,2.96K,,3.31K,+11.88%,3.63K,+9.80%,3.95K,+8.73%,4.19K,+6.13%,4.37K,+4.10%,4.63K,+6.01%,5.46K,+18.06%,7.16K,+31.12%,5.73K,-19.96%,5.92K,+3.21%
498,Hypertensive heart disease,Punjab,Male,49.36K,,48.91K,-0.91%,51.01K,+4.29%,56.00K,+9.78%,61.06K,+9.05%,61.93K,+1.42%,63.61K,+2.72%,68.49K,+7.67%,75.53K,+10.28%,66.79K,-11.57%,66.19K,-0.91%
498,Hypertensive heart disease,Punjab,Female,36.11K,,39.90K,+10.50%,44.00K,+10.27%,49.28K,+11.98%,54.17K,+9.93%,57.19K,+5.58%,63.09K,+10.32%,70.19K,+11.25%,76.36K,+8.79%,73.91K,-3.20%,76.78K,+3.89%
498,Hypertensive heart disease,Rajasthan,Male,89.14K,,94.05K,+5.50%,101.90K,+8.35%,111.38K,+9.30%,120.31K,+8.01%,120.04K,-0.23%,121.06K,+0.85%,123.20K,+1.77%,135.15K,+9.70%,130.84K,-3.19%,131.69K,+0.65%
498,Hypertensive heart disease,Rajasthan,Female,56.02K,,63.84K,+13.96%,70.80K,+10.90%,75.99K,+7.32%,81.01K,+6.60%,82.56K,+1.91%,86.02K,+4.19%,89.43K,+3.97%,97.52K,+9.05%,98.40K,+0.89%,103.99K,+5.69%
498,Hypertensive heart disease,Sikkim,Male,832.20,,825.83,-0.77%,836.40,+1.28%,858.64,+2.66%,845.34,-1.55%,787.69,-6.82%,710.87,-9.75%,679.96,-4.35%,795.44,+16.98%,804.01,+1.08%,819.80,+1.96%
498,Hypertensive heart disease,Sikkim,Female,483.17,,508.51,+5.24%,524.50,+3.15%,524.99,+0.09%,515.39,-1.83%,499.35,-3.11%,481.94,-3.49%,526.19,+9.18%,685.63,+30.30%,627.61,-8.46%,645.58,+2.86%
498,Hypertensive heart disease,Tamil Nadu,Male,146.36K,,153.22K,+4.69%,160.15K,+4.52%,172.85K,+7.93%,180.91K,+4.66%,177.86K,-1.69%,170.20K,-4.31%,178.31K,+4.76%,199.92K,+12.12%,166.30K,-16.82%,171.86K,+3.35%
498,Hypertensive heart disease,Tamil Nadu,Female,95.81K,,107.70K,+12.41%,114.87K,+6.65%,120.02K,+4.48%,120.66K,+0.53%,116.08K,-3.79%,111.43K,-4.01%,116.06K,+4.15%,125.60K,+8.22%,117.16K,-6.72%,129.11K,+10.20%
498,Hypertensive heart disease,Telangana,Male,91.62K,,90.58K,-1.13%,93.50K,+3.22%,101.20K,+8.24%,108.24K,+6.95%,111.10K,+2.64%,114.18K,+2.77%,120.03K,+5.13%,140.89K,+17.38%,119.25K,-15.36%,119.92K,+0.56%
498,Hypertensive heart disease,Telangana,Female,62.32K,,65.96K,+5.84%,68.61K,+4.02%,73.39K,+6.96%,77.89K,+6.13%,79.74K,+2.38%,81.60K,+2.33%,82.23K,+0.77%,83.52K,+1.58%,94.20K,+12.78%,97.67K,+3.68%
498,Hypertensive heart disease,Tripura,Male,5.28K,,4.56K,-13.65%,4.91K,+7.82%,5.96K,+21.41%,6.36K,+6.59%,6.18K,-2.77%,6.26K,+1.37%,6.47K,+3.27%,7.29K,+12.64%,7.10K,-2.50%,7.30K,+2.80%
498,Hypertensive heart disease,Tripura,Female,3.73K,,3.31K,-11.38%,3.79K,+14.47%,4.82K,+27.42%,5.20K,+7.80%,5.13K,-1.39%,5.48K,+6.96%,5.88K,+7.28%,6.52K,+10.80%,6.86K,+5.28%,7.24K,+5.47%
498,Hypertensive heart disease,Uttar Pradesh,Male,299.57K,,295.08K,-1.50%,293.23K,-0.63%,299.91K,+2.28%,300.25K,+0.11%,282.69K,-5.85%,266.55K,-5.71%,256.64K,-3.72%,293.79K,+14.48%,278.62K,-5.17%,289.30K,+3.83%
498,Hypertensive heart disease,Uttar Pradesh,Female,171.16K,,192.05K,+12.20%,202.34K,+5.36%,207.08K,+2.34%,212.85K,+2.79%,208.54K,-2.03%,204.89K,-1.75%,201.74K,-1.54%,198.25K,-1.73%,244.29K,+23.22%,260.28K,+6.55%
498,Hypertensive heart disease,Uttarakhand,Male,21.69K,,22.13K,+2.01%,23.55K,+6.42%,25.17K,+6.85%,26.27K,+4.38%,25.58K,-2.61%,24.42K,-4.54%,25.28K,+3.53%,28.14K,+11.30%,25.85K,-8.13%,26.29K,+1.68%
498,Hypertensive heart disease,Uttarakhand,Female,13.55K,,15.13K,+11.63%,16.39K,+8.36%,17.39K,+6.11%,18.69K,+7.43%,19.01K,+1.72%,19.22K,+1.10%,20.00K,+4.09%,21.11K,+5.54%,21.97K,+4.07%,23.25K,+5.82%
498,Hypertensive heart disease,West Bengal,Male,115.83K,,115.84K,+0.01%,117.14K,+1.13%,123.61K,+5.52%,129.56K,+4.81%,130.49K,+0.72%,132.31K,+1.40%,144.65K,+9.33%,176.54K,+22.05%,145.53K,-17.57%,151.13K,+3.85%
498,Hypertensive heart disease,West Bengal,Female,78.60K,,88.05K,+12.02%,95.80K,+8.81%,101.63K,+6.08%,106.66K,+4.96%,107.48K,+0.77%,112.12K,+4.32%,128.15K,+14.29%,153.46K,+19.75%,134.82K,-12.14%,144.06K,+6.85%
499,Cardiomyopathy and myocarditis,Andhra Pradesh,Male,2.44K,,2.63K,+7.66%,2.22K,-15.54%,2.61K,+17.54%,2.83K,+8.61%,2.42K,-14.52%,3.41K,+40.78%,2.32K,-32.01%,2.26K,-2.51%,2.33K,+2.84%,2.78K,+19.78%
499,Cardiomyopathy and myocarditis,Andhra Pradesh,Female,417.96,,514.25,+23.04%,307.74,-40.16%,403.17,+31.01%,446.77,+10.81%,300.52,-32.74%,684.61,+127.81%,217.93,-68.17%,41.73,-80.85%,263.59,+531.72%,441.96,+67.67%
499,Cardiomyopathy and myocarditis,Arunachal Pradesh,Male,68.30,,67.50,-1.18%,69.66,+3.20%,73.53,+5.56%,74.96,+1.95%,79.36,+5.87%,79.19,-0.21%,82.02,+3.57%,102.07,+24.44%,-62.81,-161.53%,94.75,-250.86%
499,Cardiomyopathy and myocarditis,Arunachal Pradesh,Female,14.25,,15.10,+5.97%,16.13,+6.78%,17.19,+6.62%,17.88,+3.97%,20.24,+13.22%,20.82,+2.85%,21.50,+3.29%,26.10,+21.41%,-35.07,-234.33%,24.79,-170.70%
499,Cardiomyopathy and myocarditis,Assam,Male,2.22K,,2.06K,-7.02%,1.89K,-8.25%,1.99K,+5.34%,2.00K,+0.45%,2.12K,+5.57%,2.08K,-1.56%,2.11K,+1.21%,2.70K,+28.14%,2.40K,-11.26%,2.49K,+3.97%
499,Cardiomyopathy and myocarditis,Assam,Female,632.45,,664.69,+5.10%,659.97,-0.71%,740.75,+12.24%,783.57,+5.78%,906.22,+15.65%,916.14,+1.09%,878.83,-4.07%,890.24,+1.30%,1.07K,+20.45%,1.10K,+2.75%
499,Cardiomyopathy and myocarditis,Bihar,Male,9.87K,,11.28K,+14.35%,9.81K,-13.10%,10.36K,+5.69%,10.50K,+1.28%,11.30K,+7.70%,12.78K,+13.06%,10.57K,-17.29%,12.91K,+22.17%,13.00K,+0.69%,13.86K,+6.60%
499,Cardiomyopathy and myocarditis,Bihar,Female,3.10K,,4.23K,+36.39%,3.79K,-10.41%,4.05K,+6.94%,4.15K,+2.30%,4.73K,+14.09%,5.54K,+17.07%,4.37K,-21.09%,4.27K,-2.35%,5.64K,+32.09%,5.93K,+5.21%
499,Cardiomyopathy and myocarditis,Chhattisgarh,Male,2.60K,,2.71K,+4.04%,2.36K,-12.78%,3.16K,+33.78%,3.34K,+5.63%,2.97K,-10.98%,3.59K,+20.82%,2.60K,-27.55%,3.09K,+18.76%,3.68K,+19.14%,3.08K,-16.32%
499,Cardiomyopathy and myocarditis,Chhattisgarh,Female,800.82,,915.12,+14.27%,785.42,-14.17%,1.15K,+46.37%,1.25K,+8.96%,1.15K,-8.01%,1.53K,+32.52%,970.47,-36.45%,1.01K,+4.08%,1.53K,+51.74%,1.18K,-22.91%
499,Cardiomyopathy and myocarditis,Delhi,Male,2.08K,,2.34K,+12.57%,2.08K,-10.97%,1.96K,-5.96%,1.97K,+0.59%,1.92K,-2.67%,2.11K,+10.04%,2.54K,+20.30%,2.78K,+9.76%,2.25K,-19.02%,1.88K,-16.74%
499,Cardiomyopathy and myocarditis,Delhi,Female,556.08,,682.95,+22.81%,602.26,-11.82%,576.53,-4.27%,613.60,+6.43%,622.25,+1.41%,736.31,+18.33%,902.11,+22.52%,892.76,-1.04%,817.92,-8.38%,651.21,-20.38%
499,Cardiomyopathy and myocarditis,Goa,Male,45.03,,40.48,-10.10%,34.31,-15.24%,46.31,+34.96%,35.79,-22.72%,40.98,+14.51%,36.27,-11.50%,36.70,+1.19%,44.69,+21.76%,42.43,-5.06%,26.29,-38.04%
499,Cardiomyopathy and myocarditis,Goa,Female,2.58,,1.38,-46.30%,-0.35,-124.98%,2.29,-762.24%,-0.14,-106.28%,1.24,-964.50%,0.40,-68.16%,-0.04,-110.90%,-0.44,+926.75%,1.55,-449.56%,-2.14,-238.38%
499,Cardiomyopathy and myocarditis,Gujarat,Male,4.12K,,4.79K,+16.43%,5.26K,+9.85%,4.98K,-5.42%,5.24K,+5.32%,5.29K,+0.86%,5.71K,+8.03%,6.33K,+10.85%,7.56K,+19.31%,5.38K,-28.82%,4.57K,-15.12%
499,Cardiomyopathy and myocarditis,Gujarat,Female,942.29,,1.22K,+29.21%,1.36K,+11.87%,1.21K,-11.46%,1.29K,+6.58%,1.32K,+2.94%,1.48K,+12.03%,1.62K,+8.96%,1.58K,-2.09%,1.36K,-13.92%,1.06K,-22.26%
499,Cardiomyopathy and myocarditis,Haryana,Male,4.72K,,5.70K,+20.82%,5.39K,-5.56%,5.66K,+4.98%,6.26K,+10.73%,6.36K,+1.64%,7.19K,+12.97%,7.29K,+1.44%,7.88K,+8.10%,7.14K,-9.51%,5.99K,-16.01%
499,Cardiomyopathy and myocarditis,Haryana,Female,1.21K,,1.58K,+30.57%,1.42K,-9.80%,1.39K,-2.55%,1.49K,+7.14%,1.49K,-0.13%,1.71K,+15.29%,1.67K,-2.65%,1.59K,-4.70%,1.66K,+4.39%,1.37K,-17.36%
499,Cardiomyopathy and myocarditis,Himachal Pradesh,Male,562.05,,531.64,-5.41%,479.13,-9.88%,479.35,+0.05%,526.80,+9.90%,541.89,+2.86%,597.00,+10.17%,567.84,-4.88%,633.68,+11.59%,735.03,+16.00%,712.28,-3.09%
499,Cardiomyopathy and myocarditis,Himachal Pradesh,Female,137.67,,136.81,-0.62%,120.78,-11.72%,116.72,-3.35%,126.24,+8.15%,129.73,+2.77%,148.10,+14.16%,142.66,-3.68%,152.94,+7.21%,166.47,+8.85%,152.14,-8.61%
499,Cardiomyopathy and myocarditis,Jammu & Kashmir and Ladakh,Male,1.05K,,1.11K,+6.52%,1.16K,+4.06%,1.24K,+6.77%,1.31K,+6.06%,1.34K,+2.18%,1.39K,+3.82%,1.28K,-8.40%,1.27K,-0.35%,1.48K,+16.54%,1.45K,-2.42%
499,Cardiomyopathy and myocarditis,Jammu & Kashmir and Ladakh,Female,224.13,,249.22,+11.19%,256.94,+3.10%,262.90,+2.32%,278.94,+6.10%,298.80,+7.12%,331.29,+10.87%,334.28,+0.90%,391.83,+17.22%,355.49,-9.27%,352.11,-0.95%
499,Cardiomyopathy and myocarditis,Jharkhand,Male,2.28K,,2.82K,+23.31%,2.34K,-17.05%,3.02K,+29.16%,3.12K,+3.35%,3.27K,+4.91%,3.76K,+14.79%,2.94K,-21.71%,3.73K,+26.82%,3.91K,+4.89%,3.94K,+0.77%
499,Cardiomyopathy and myocarditis,Jharkhand,Female,743.33,,878.80,+18.22%,814.78,-7.29%,988.16,+21.28%,1.00K,+1.21%,1.06K,+5.52%,1.23K,+16.76%,871.08,-29.31%,846.67,-2.80%,1.31K,+54.51%,1.32K,+0.85%
499,Cardiomyopathy and myocarditis,Karnataka,Male,2.87K,,2.65K,-7.75%,2.28K,-13.88%,3.27K,+43.30%,2.96K,-9.39%,2.62K,-11.28%,3.04K,+15.70%,3.07K,+1.07%,3.49K,+13.75%,2.87K,-17.93%,2.63K,-8.20%
499,Cardiomyopathy and myocarditis,Karnataka,Female,668.47,,663.94,-0.68%,514.40,-22.52%,930.12,+80.82%,749.06,-19.47%,611.22,-18.40%,779.01,+27.45%,677.73,-13.00%,651.02,-3.94%,689.61,+5.93%,579.85,-15.92%
499,Cardiomyopathy and myocarditis,Kerala,Male,666.94,,535.09,-19.77%,407.05,-23.93%,767.94,+88.66%,501.08,-34.75%,509.40,+1.66%,367.75,-27.81%,324.24,-11.83%,417.04,+28.62%,476.83,+14.33%,237.02,-50.29%
499,Cardiomyopathy and myocarditis,Kerala,Female,-10.81,,-56.67,+424.14%,-104.64,+84.64%,6.47,-106.19%,-82.10,-1368.06%,-64.22,-21.78%,-91.11,+41.87%,-82.50,-9.45%,-64.17,-22.22%,-54.41,-15.21%,-145.37,+167.18%
499,Cardiomyopathy and myocarditis,Madhya Pradesh,Male,7.50K,,8.35K,+11.31%,8.24K,-1.29%,8.47K,+2.81%,8.73K,+3.10%,8.71K,-0.29%,9.65K,+10.86%,8.58K,-11.13%,9.80K,+14.22%,9.88K,+0.86%,8.18K,-17.21%
499,Cardiomyopathy and myocarditis,Madhya Pradesh,Female,2.01K,,2.46K,+22.39%,2.43K,-1.38%,2.51K,+3.36%,2.70K,+7.47%,2.87K,+6.29%,3.39K,+18.26%,2.95K,-13.07%,3.03K,+2.65%,3.49K,+15.37%,2.71K,-22.45%
499,Cardiomyopathy and myocarditis,Maharashtra,Male,6.09K,,6.10K,+0.07%,5.46K,-10.41%,6.72K,+23.08%,6.03K,-10.40%,6.99K,+16.02%,6.54K,-6.47%,4.59K,-29.78%,4.48K,-2.52%,5.85K,+30.70%,4.85K,-17.13%
499,Cardiomyopathy and myocarditis,Maharashtra,Female,1.39K,,1.51K,+8.70%,1.31K,-13.64%,1.76K,+34.60%,1.29K,-26.46%,1.26K,-2.91%,1.30K,+3.34%,820.71,-36.82%,646.60,-21.21%,1.19K,+83.67%,882.57,-25.69%
499,Cardiomyopathy and myocarditis,Manipur,Male,148.70,,149.63,+0.63%,153.78,+2.77%,165.48,+7.61%,175.74,+6.20%,184.79,+5.15%,188.89,+2.22%,192.06,+1.68%,271.66,+41.44%,204.94,-24.56%,215.19,+5.00%
499,Cardiomyopathy and myocarditis,Manipur,Female,31.18,,33.94,+8.86%,36.14,+6.49%,38.96,+7.78%,42.19,+8.30%,46.67,+10.61%,49.80,+6.72%,50.72,+1.84%,67.73,+33.55%,52.93,-21.86%,56.08,+5.96%
499,Cardiomyopathy and myocarditis,Meghalaya,Male,151.10,,149.07,-1.34%,145.19,-2.61%,157.80,+8.68%,164.61,+4.32%,180.78,+9.82%,181.14,+0.20%,188.69,+4.17%,288.36,+52.82%,206.47,-28.40%,215.05,+4.15%
499,Cardiomyopathy and myocarditis,Meghalaya,Female,32.09,,33.14,+3.28%,31.94,-3.64%,36.33,+13.74%,39.94,+9.95%,48.65,+21.82%,50.95,+4.72%,53.55,+5.10%,77.04,+43.86%,57.91,-24.83%,60.53,+4.54%
499,Cardiomyopathy and myocarditis,Mizoram,Male,39.66,,36.75,-7.33%,36.43,-0.87%,42.64,+17.03%,43.75,+2.62%,45.09,+3.05%,46.35,+2.79%,46.65,+0.66%,62.06,+33.03%,48.24,-22.26%,50.11,+3.88%
499,Cardiomyopathy and myocarditis,Mizoram,Female,8.11,,7.86,-3.05%,7.91,+0.69%,9.61,+21.44%,10.11,+5.14%,11.38,+12.57%,12.22,+7.40%,13.06,+6.92%,16.76,+28.30%,12.62,-24.68%,12.58,-0.34%
499,Cardiomyopathy and myocarditis,Nagaland,Male,66.87,,63.97,-4.33%,63.31,-1.03%,64.55,+1.95%,65.16,+0.95%,69.74,+7.04%,68.37,-1.97%,71.48,+4.55%,103.63,+44.97%,73.00,-29.56%,73.24,+0.33%
499,Cardiomyopathy and myocarditis,Nagaland,Female,14.33,,14.56,+1.64%,14.88,+2.16%,15.24,+2.47%,15.74,+3.25%,18.31,+16.33%,18.72,+2.27%,19.95,+6.54%,26.56,+33.15%,19.67,-25.96%,19.95,+1.43%
499,Cardiomyopathy and myocarditis,Odisha,Male,2.42K,,2.35K,-3.12%,1.89K,-19.51%,2.30K,+21.78%,2.40K,+4.42%,2.13K,-11.43%,2.36K,+10.90%,1.90K,-19.24%,2.14K,+12.17%,2.34K,+9.55%,2.25K,-4.00%
499,Cardiomyopathy and myocarditis,Odisha,Female,608.86,,652.86,+7.23%,494.68,-24.23%,677.97,+37.05%,745.27,+9.93%,662.53,-11.10%,818.08,+23.48%,577.86,-29.36%,530.54,-8.19%,815.66,+53.74%,751.71,-7.84%
499,Cardiomyopathy and myocarditis,Other Union Territories,Male,155.52,,183.10,+17.74%,164.04,-10.41%,176.57,+7.64%,192.72,+9.15%,181.41,-5.87%,204.66,+12.82%,214.12,+4.62%,233.63,+9.11%,229.93,-1.58%,179.66,-21.86%
499,Cardiomyopathy and myocarditis,Other Union Territories,Female,33.50,,45.88,+36.96%,39.73,-13.42%,43.78,+10.21%,49.93,+14.04%,46.39,-7.08%,56.73,+22.30%,59.18,+4.31%,58.34,-1.42%,65.21,+11.79%,43.12,-33.88%
499,Cardiomyopathy and myocarditis,Punjab,Male,4.53K,,4.81K,+6.08%,4.25K,-11.67%,4.82K,+13.63%,5.25K,+8.85%,5.01K,-4.62%,5.55K,+10.83%,5.74K,+3.46%,6.01K,+4.60%,5.83K,-2.97%,4.90K,-15.89%
499,Cardiomyopathy and myocarditis,Punjab,Female,1.57K,,1.86K,+18.09%,1.70K,-8.55%,1.99K,+17.26%,2.20K,+10.58%,2.15K,-2.26%,2.54K,+17.76%,2.60K,+2.54%,2.49K,-4.26%,2.76K,+10.67%,2.32K,-15.80%
499,Cardiomyopathy and myocarditis,Rajasthan,Male,8.53K,,9.81K,+14.94%,10.18K,+3.78%,10.17K,-0.11%,11.27K,+10.84%,10.85K,-3.71%,12.05K,+11.01%,11.76K,-2.41%,11.47K,-2.46%,12.57K,+9.64%,10.09K,-19.77%
499,Cardiomyopathy and myocarditis,Rajasthan,Female,2.05K,,2.61K,+27.42%,2.78K,+6.42%,2.73K,-1.73%,3.05K,+11.88%,3.01K,-1.39%,3.48K,+15.54%,3.36K,-3.36%,3.03K,-9.80%,3.50K,+15.53%,2.72K,-22.26%
499,Cardiomyopathy and myocarditis,Sikkim,Male,34.78,,35.38,+1.72%,35.03,-0.98%,33.03,-5.70%,31.62,-4.27%,31.54,-0.27%,27.89,-11.57%,27.10,-2.83%,30.88,+13.94%,28.79,-6.75%,32.10,+11.50%
499,Cardiomyopathy and myocarditis,Sikkim,Female,8.60,,9.25,+7.58%,9.23,-0.28%,8.36,-9.40%,8.12,-2.88%,8.72,+7.36%,7.98,-8.51%,8.55,+7.24%,10.15,+18.70%,8.40,-17.25%,9.68,+15.15%
499,Cardiomyopathy and myocarditis,Tamil Nadu,Male,1.82K,,2.61K,+43.08%,1.32K,-49.49%,1.67K,+26.83%,2.06K,+23.21%,1.47K,-28.82%,2.46K,+67.47%,1.39K,-43.22%,1.41K,+1.06%,806.94,-42.75%,1.14K,+41.38%
499,Cardiomyopathy and myocarditis,Tamil Nadu,Female,72.91,,337.12,+362.41%,-193.22,-157.31%,-107.00,-44.62%,-2.37,-97.79%,-191.04,+7974.97%,164.22,-185.96%,-210.01,-227.89%,-266.89,+27.08%,-341.89,+28.10%,-265.60,-22.31%
499,Cardiomyopathy and myocarditis,Telangana,Male,3.63K,,3.25K,-10.54%,2.66K,-18.28%,4.06K,+53.02%,3.91K,-3.72%,3.72K,-4.94%,5.09K,+36.78%,3.75K,-26.25%,3.40K,-9.40%,4.36K,+28.26%,3.59K,-17.59%
499,Cardiomyopathy and myocarditis,Telangana,Female,998.78,,905.97,-9.29%,649.57,-28.30%,1.19K,+82.54%,1.06K,-10.22%,946.98,-11.04%,1.40K,+47.38%,794.32,-43.09%,491.29,-38.15%,1.11K,+125.42%,819.97,-25.96%
499,Cardiomyopathy and myocarditis,Tripura,Male,323.71,,285.71,-11.74%,269.59,-5.64%,327.21,+21.37%,326.05,-0.35%,340.10,+4.31%,379.59,+11.61%,373.10,-1.71%,412.36,+10.52%,396.02,-3.96%,417.68,+5.47%
499,Cardiomyopathy and myocarditis,Tripura,Female,84.88,,74.60,-12.11%,70.22,-5.87%,93.12,+32.60%,94.23,+1.19%,102.96,+9.26%,123.91,+20.35%,119.86,-3.27%,123.37,+2.92%,126.06,+2.18%,133.69,+6.06%
499,Cardiomyopathy and myocarditis,Uttar Pradesh,Male,26.46K,,29.89K,+12.97%,27.23K,-8.89%,25.87K,-5.01%,26.08K,+0.84%,24.96K,-4.32%,25.38K,+1.71%,21.09K,-16.92%,22.38K,+6.11%,26.81K,+19.83%,23.78K,-11.33%
499,Cardiomyopathy and myocarditis,Uttar Pradesh,Female,7.64K,,10.14K,+32.62%,9.76K,-3.69%,9.34K,-4.29%,9.99K,+6.93%,10.00K,+0.05%,10.68K,+6.79%,8.66K,-18.86%,7.29K,-15.81%,11.77K,+61.39%,10.13K,-13.94%
499,Cardiomyopathy and myocarditis,Uttarakhand,Male,1.19K,,1.33K,+11.24%,1.30K,-2.07%,1.28K,-1.75%,1.36K,+6.03%,1.35K,-0.10%,1.46K,+7.79%,1.39K,-4.97%,1.44K,+3.60%,1.55K,+7.96%,1.38K,-11.24%
499,Cardiomyopathy and myocarditis,Uttarakhand,Female,350.03,,435.68,+24.47%,419.25,-3.77%,392.85,-6.30%,428.81,+9.15%,445.22,+3.83%,507.14,+13.91%,453.46,-10.58%,414.26,-8.65%,527.11,+27.24%,451.78,-14.29%
499,Cardiomyopathy and myocarditis,West Bengal,Male,7.13K,,8.16K,+14.55%,6.82K,-16.44%,7.29K,+6.84%,7.38K,+1.32%,7.13K,-3.46%,7.72K,+8.30%,7.84K,+1.54%,9.10K,+16.12%,8.33K,-8.50%,8.80K,+5.69%
499,Cardiomyopathy and myocarditis,West Bengal,Female,1.68K,,2.22K,+32.09%,1.83K,-17.55%,1.99K,+8.70%,2.01K,+1.00%,1.92K,-4.61%,2.17K,+12.75%,2.22K,+2.56%,2.41K,+8.67%,2.35K,-2.56%,2.50K,+6.25%
500,Atrial fibrillation and flutter,Andhra Pradesh,Male,3.53K,,3.56K,+1.06%,3.69K,+3.47%,3.90K,+5.76%,4.08K,+4.49%,4.12K,+1.01%,4.14K,+0.60%,4.32K,+4.21%,4.75K,+9.99%,4.40K,-7.38%,4.50K,+2.39%
500,Atrial fibrillation and flutter,Andhra Pradesh,Female,2.81K,,2.97K,+5.67%,3.14K,+5.72%,3.28K,+4.44%,3.41K,+4.01%,3.48K,+1.94%,3.54K,+1.82%,3.72K,+5.06%,3.86K,+3.56%,3.93K,+1.99%,4.05K,+3.04%
500,Atrial fibrillation and flutter,Arunachal Pradesh,Male,59.62,,60.89,+2.13%,63.15,+3.70%,67.07,+6.22%,70.04,+4.43%,72.08,+2.91%,74.38,+3.20%,78.17,+5.09%,86.91,+11.19%,86.24,-0.77%,90.82,+5.31%
500,Atrial fibrillation and flutter,Arunachal Pradesh,Female,29.43,,30.52,+3.71%,31.95,+4.68%,33.30,+4.23%,34.18,+2.65%,35.54,+3.97%,37.01,+4.15%,39.26,+6.08%,43.72,+11.34%,44.66,+2.16%,47.38,+6.09%
500,Atrial fibrillation and flutter,Assam,Male,1.52K,,1.51K,-0.45%,1.54K,+1.72%,1.60K,+3.82%,1.66K,+3.74%,1.69K,+1.64%,1.73K,+2.48%,1.77K,+2.72%,1.98K,+11.67%,1.92K,-3.29%,2.00K,+4.09%
500,Atrial fibrillation and flutter,Assam,Female,919.33,,944.63,+2.75%,982.46,+4.00%,1.03K,+5.34%,1.08K,+4.28%,1.11K,+2.58%,1.14K,+2.61%,1.16K,+1.76%,1.20K,+3.76%,1.33K,+10.57%,1.40K,+5.34%
500,Atrial fibrillation and flutter,Bihar,Male,4.20K,,4.16K,-1.02%,4.20K,+1.03%,4.34K,+3.40%,4.46K,+2.66%,4.51K,+1.20%,4.59K,+1.69%,4.70K,+2.31%,5.24K,+11.57%,4.90K,-6.48%,5.10K,+4.14%
500,Atrial fibrillation and flutter,Bihar,Female,3.08K,,3.22K,+4.66%,3.36K,+4.08%,3.50K,+4.19%,3.62K,+3.53%,3.74K,+3.18%,3.85K,+3.14%,3.97K,+3.16%,4.11K,+3.29%,4.21K,+2.67%,4.37K,+3.64%
500,Atrial fibrillation and flutter,Chhattisgarh,Male,1.27K,,1.29K,+1.19%,1.34K,+4.31%,1.44K,+7.32%,1.53K,+5.98%,1.56K,+2.57%,1.62K,+3.63%,1.71K,+5.34%,2.00K,+16.97%,1.81K,-9.28%,1.89K,+4.19%
500,Atrial fibrillation and flutter,Chhattisgarh,Female,867.20,,913.20,+5.30%,983.47,+7.69%,1.07K,+8.82%,1.15K,+7.56%,1.22K,+6.12%,1.30K,+6.21%,1.38K,+6.38%,1.62K,+17.09%,1.50K,-7.01%,1.57K,+4.63%
500,Atrial fibrillation and flutter,Delhi,Male,876.89,,899.39,+2.57%,940.84,+4.61%,990.33,+5.26%,1.03K,+4.37%,1.07K,+3.09%,1.11K,+4.58%,1.30K,+16.73%,1.42K,+9.24%,1.27K,-10.73%,1.33K,+4.86%
500,Atrial fibrillation and flutter,Delhi,Female,542.45,,582.77,+7.43%,619.83,+6.36%,662.68,+6.91%,707.62,+6.78%,742.66,+4.95%,788.65,+6.19%,942.37,+19.49%,1.02K,+8.51%,955.98,-6.52%,1.01K,+5.82%
500,Atrial fibrillation and flutter,Goa,Male,116.75,,118.85,+1.80%,123.00,+3.49%,127.76,+3.87%,131.42,+2.87%,133.54,+1.61%,135.02,+1.11%,139.86,+3.58%,158.03,+13.00%,147.15,-6.89%,151.35,+2.86%
500,Atrial fibrillation and flutter,Goa,Female,80.03,,84.37,+5.41%,88.50,+4.90%,92.60,+4.63%,95.49,+3.13%,98.59,+3.24%,101.72,+3.17%,106.02,+4.23%,114.95,+8.42%,115.60,+0.56%,120.57,+4.31%
500,Atrial fibrillation and flutter,Gujarat,Male,3.19K,,3.29K,+3.10%,3.45K,+4.98%,3.66K,+6.02%,3.85K,+5.04%,3.94K,+2.38%,4.06K,+3.05%,4.33K,+6.63%,5.24K,+21.03%,4.41K,-15.82%,4.60K,+4.26%
500,Atrial fibrillation and flutter,Gujarat,Female,2.20K,,2.32K,+5.15%,2.43K,+4.76%,2.56K,+5.32%,2.68K,+4.73%,2.77K,+3.31%,2.88K,+4.08%,3.12K,+8.39%,3.77K,+20.71%,3.31K,-12.18%,3.49K,+5.30%
500,Atrial fibrillation and flutter,Haryana,Male,1.51K,,1.58K,+4.14%,1.67K,+6.17%,1.81K,+8.34%,1.92K,+6.05%,2.00K,+4.13%,2.07K,+3.44%,2.22K,+7.20%,2.44K,+10.14%,2.22K,-8.98%,2.30K,+3.47%
500,Atrial fibrillation and flutter,Haryana,Female,986.95,,1.05K,+6.13%,1.10K,+4.87%,1.15K,+4.46%,1.18K,+2.59%,1.22K,+3.28%,1.27K,+4.38%,1.36K,+6.85%,1.46K,+7.75%,1.40K,-3.87%,1.48K,+5.12%
500,Atrial fibrillation and flutter,Himachal Pradesh,Male,513.34,,509.83,-0.68%,522.83,+2.55%,546.58,+4.54%,578.21,+5.79%,608.05,+5.16%,627.41,+3.19%,644.09,+2.66%,702.60,+9.08%,719.99,+2.48%,755.12,+4.88%
500,Atrial fibrillation and flutter,Himachal Pradesh,Female,298.48,,302.07,+1.20%,311.43,+3.10%,321.49,+3.23%,336.86,+4.78%,355.94,+5.66%,376.95,+5.90%,399.92,+6.10%,447.56,+11.91%,452.76,+1.16%,476.04,+5.14%
500,Atrial fibrillation and flutter,Jammu & Kashmir and Ladakh,Male,641.20,,660.85,+3.06%,700.30,+5.97%,748.30,+6.85%,790.07,+5.58%,817.26,+3.44%,840.71,+2.87%,853.29,+1.50%,897.06,+5.13%,949.54,+5.85%,983.39,+3.57%
500,Atrial fibrillation and flutter,Jammu & Kashmir and Ladakh,Female,375.79,,392.04,+4.32%,416.48,+6.23%,441.01,+5.89%,465.59,+5.57%,491.29,+5.52%,521.16,+6.08%,562.88,+8.01%,642.83,+14.20%,609.69,-5.16%,643.08,+5.48%
500,Atrial fibrillation and flutter,Jharkhand,Male,1.37K,,1.41K,+3.35%,1.43K,+1.48%,1.58K,+10.13%,1.68K,+6.73%,1.75K,+4.09%,1.81K,+3.49%,1.90K,+4.48%,2.14K,+13.07%,1.99K,-7.30%,2.08K,+4.74%
500,Atrial fibrillation and flutter,Jharkhand,Female,960.44,,967.76,+0.76%,1.02K,+5.75%,1.09K,+6.26%,1.15K,+5.87%,1.20K,+4.00%,1.24K,+3.86%,1.29K,+3.53%,1.34K,+3.73%,1.41K,+5.52%,1.48K,+4.84%
500,Atrial fibrillation and flutter,Karnataka,Male,3.47K,,3.51K,+1.06%,3.59K,+2.21%,3.72K,+3.78%,3.83K,+2.78%,3.88K,+1.49%,3.93K,+1.12%,4.18K,+6.51%,4.63K,+10.56%,4.22K,-8.72%,4.36K,+3.27%
500,Atrial fibrillation and flutter,Karnataka,Female,2.66K,,2.79K,+5.13%,2.92K,+4.57%,3.03K,+3.51%,3.07K,+1.56%,3.13K,+1.77%,3.18K,+1.80%,3.33K,+4.58%,3.65K,+9.57%,3.52K,-3.41%,3.67K,+4.30%
500,Atrial fibrillation and flutter,Kerala,Male,2.86K,,2.93K,+2.46%,3.03K,+3.47%,3.18K,+4.95%,3.32K,+4.40%,3.34K,+0.59%,3.35K,+0.18%,3.26K,-2.51%,3.44K,+5.57%,3.50K,+1.66%,3.58K,+2.21%
500,Atrial fibrillation and flutter,Kerala,Female,2.13K,,2.18K,+2.09%,2.29K,+5.26%,2.42K,+5.89%,2.54K,+4.77%,2.61K,+2.83%,2.67K,+2.06%,2.68K,+0.60%,2.82K,+5.05%,3.04K,+7.92%,3.19K,+5.07%
500,Atrial fibrillation and flutter,Madhya Pradesh,Male,3.14K,,3.16K,+0.56%,3.24K,+2.77%,3.38K,+4.16%,3.48K,+3.04%,3.55K,+2.00%,3.64K,+2.43%,3.82K,+5.10%,4.26K,+11.48%,3.99K,-6.27%,4.20K,+5.23%
500,Atrial fibrillation and flutter,Madhya Pradesh,Female,2.07K,,2.16K,+3.96%,2.22K,+2.81%,2.30K,+3.99%,2.41K,+4.52%,2.48K,+3.14%,2.60K,+4.52%,2.77K,+6.73%,3.06K,+10.41%,2.95K,-3.72%,3.11K,+5.61%
500,Atrial fibrillation and flutter,Maharashtra,Male,6.12K,,6.18K,+0.89%,6.21K,+0.57%,6.30K,+1.41%,6.51K,+3.33%,7.12K,+9.34%,6.60K,-7.34%,6.48K,-1.72%,7.13K,+10.05%,6.99K,-2.00%,7.35K,+5.06%
500,Atrial fibrillation and flutter,Maharashtra,Female,4.05K,,4.23K,+4.45%,4.33K,+2.39%,4.43K,+2.48%,4.51K,+1.70%,4.71K,+4.40%,4.61K,-2.14%,4.60K,-0.15%,5.00K,+8.69%,5.04K,+0.81%,5.29K,+5.03%
500,Atrial fibrillation and flutter,Manipur,Male,154.14,,159.96,+3.78%,168.64,+5.43%,181.08,+7.38%,191.90,+5.97%,200.35,+4.41%,207.90,+3.77%,217.93,+4.82%,264.46,+21.36%,242.45,-8.32%,255.36,+5.33%
500,Atrial fibrillation and flutter,Manipur,Female,89.76,,94.64,+5.43%,100.79,+6.49%,106.78,+5.94%,112.65,+5.51%,118.68,+5.35%,126.01,+6.18%,134.73,+6.92%,165.36,+22.74%,156.69,-5.25%,166.56,+6.30%
500,Atrial fibrillation and flutter,Meghalaya,Male,123.77,,125.97,+1.78%,130.44,+3.55%,139.40,+6.87%,147.31,+5.68%,152.31,+3.39%,156.72,+2.89%,163.58,+4.38%,205.22,+25.45%,179.57,-12.50%,188.73,+5.10%
500,Atrial fibrillation and flutter,Meghalaya,Female,65.19,,68.37,+4.87%,71.63,+4.77%,77.54,+8.26%,82.22,+6.03%,86.70,+5.46%,91.39,+5.41%,97.44,+6.62%,120.98,+24.15%,111.24,-8.04%,118.69,+6.69%
500,Atrial fibrillation and flutter,Mizoram,Male,45.59,,45.77,+0.39%,47.21,+3.16%,50.67,+7.33%,52.28,+3.17%,53.06,+1.49%,54.17,+2.10%,55.99,+3.35%,62.97,+12.46%,60.36,-4.14%,62.48,+3.52%
500,Atrial fibrillation and flutter,Mizoram,Female,26.38,,27.37,+3.76%,28.64,+4.62%,30.50,+6.50%,31.32,+2.70%,32.19,+2.77%,33.24,+3.25%,35.64,+7.22%,40.80,+14.48%,39.82,-2.40%,41.54,+4.33%
500,Atrial fibrillation and flutter,Nagaland,Male,81.41,,81.17,-0.30%,82.23,+1.31%,84.39,+2.62%,86.50,+2.50%,87.28,+0.91%,88.08,+0.91%,90.32,+2.54%,108.17,+19.77%,96.12,-11.14%,98.73,+2.71%
500,Atrial fibrillation and flutter,Nagaland,Female,42.16,,43.61,+3.44%,45.18,+3.60%,46.73,+3.43%,48.12,+2.98%,49.74,+3.36%,51.57,+3.69%,54.06,+4.84%,63.75,+17.91%,60.07,-5.76%,62.70,+4.37%
500,Atrial fibrillation and flutter,Odisha,Male,2.04K,,2.00K,-2.24%,2.01K,+0.89%,2.10K,+4.21%,2.17K,+3.28%,2.19K,+1.22%,2.23K,+1.69%,2.29K,+2.68%,2.48K,+8.09%,2.43K,-1.82%,2.52K,+3.56%
500,Atrial fibrillation and flutter,Odisha,Female,1.42K,,1.43K,+0.47%,1.47K,+2.96%,1.55K,+5.28%,1.60K,+3.30%,1.65K,+3.07%,1.70K,+3.29%,1.78K,+4.55%,1.87K,+4.75%,1.95K,+4.33%,2.05K,+5.23%
500,Atrial fibrillation and flutter,Other Union Territories,Male,170.00,,175.93,+3.49%,187.10,+6.34%,201.84,+7.88%,214.90,+6.47%,224.54,+4.49%,234.03,+4.22%,253.65,+8.39%,286.73,+13.04%,266.67,-7.00%,277.49,+4.06%
500,Atrial fibrillation and flutter,Other Union Territories,Female,116.19,,125.48,+7.99%,134.89,+7.50%,146.93,+8.93%,156.70,+6.65%,165.67,+5.73%,176.53,+6.55%,196.54,+11.34%,226.21,+15.10%,212.46,-6.08%,222.81,+4.87%
500,Atrial fibrillation and flutter,Punjab,Male,2.22K,,2.30K,+3.86%,2.42K,+4.87%,2.59K,+7.07%,2.73K,+5.50%,2.82K,+3.33%,2.91K,+3.29%,3.07K,+5.32%,3.24K,+5.57%,3.12K,-3.60%,3.18K,+1.64%
500,Atrial fibrillation and flutter,Punjab,Female,1.64K,,1.74K,+6.25%,1.85K,+6.46%,2.00K,+7.74%,2.13K,+6.60%,2.24K,+5.38%,2.39K,+6.63%,2.57K,+7.35%,2.73K,+6.34%,2.72K,-0.27%,2.84K,+4.33%
500,Atrial fibrillation and flutter,Rajasthan,Male,2.91K,,3.00K,+2.97%,3.11K,+3.77%,3.30K,+6.17%,3.48K,+5.54%,3.57K,+2.48%,3.65K,+2.23%,3.79K,+3.87%,4.05K,+6.73%,4.04K,-0.13%,4.18K,+3.37%
500,Atrial fibrillation and flutter,Rajasthan,Female,1.94K,,2.05K,+5.81%,2.16K,+4.98%,2.24K,+4.04%,2.32K,+3.56%,2.39K,+2.88%,2.47K,+3.49%,2.58K,+4.44%,2.74K,+6.08%,2.81K,+2.54%,2.95K,+5.02%
500,Atrial fibrillation and flutter,Sikkim,Male,37.65,,38.41,+2.01%,39.82,+3.68%,41.74,+4.81%,42.73,+2.39%,42.85,+0.27%,42.80,-0.11%,43.50,+1.64%,46.85,+7.70%,48.28,+3.04%,50.21,+4.00%
500,Atrial fibrillation and flutter,Sikkim,Female,21.57,,22.49,+4.28%,23.46,+4.32%,24.46,+4.25%,25.17,+2.93%,25.68,+2.01%,26.55,+3.39%,28.10,+5.85%,31.63,+12.57%,31.95,+1.01%,33.39,+4.51%
500,Atrial fibrillation and flutter,Tamil Nadu,Male,4.94K,,5.15K,+4.31%,5.41K,+5.03%,5.72K,+5.80%,5.98K,+4.57%,6.12K,+2.28%,6.15K,+0.47%,6.47K,+5.28%,6.92K,+6.91%,6.59K,-4.76%,6.87K,+4.15%
500,Atrial fibrillation and flutter,Tamil Nadu,Female,3.50K,,3.72K,+6.21%,3.91K,+5.29%,4.09K,+4.58%,4.23K,+3.28%,4.30K,+1.66%,4.36K,+1.33%,4.57K,+4.98%,4.84K,+5.91%,4.88K,+0.82%,5.21K,+6.68%
500,Atrial fibrillation and flutter,Telangana,Male,2.34K,,2.37K,+1.01%,2.44K,+3.02%,2.57K,+5.51%,2.71K,+5.43%,2.81K,+3.69%,2.90K,+3.03%,3.05K,+5.39%,3.40K,+11.52%,3.11K,-8.50%,3.19K,+2.28%
500,Atrial fibrillation and flutter,Telangana,Female,1.74K,,1.81K,+3.95%,1.87K,+3.51%,1.97K,+5.25%,2.07K,+5.40%,2.15K,+3.53%,2.19K,+2.18%,2.26K,+3.11%,2.32K,+2.76%,2.50K,+7.38%,2.58K,+3.56%
500,Atrial fibrillation and flutter,Tripura,Male,220.58,,212.86,-3.50%,221.07,+3.85%,240.11,+8.61%,249.14,+3.76%,250.34,+0.48%,257.21,+2.75%,264.50,+2.83%,282.95,+6.97%,286.52,+1.26%,296.10,+3.34%
500,Atrial fibrillation and flutter,Tripura,Female,130.12,,125.23,-3.76%,131.54,+5.04%,143.36,+8.99%,147.26,+2.71%,148.76,+1.02%,155.49,+4.52%,163.34,+5.05%,174.94,+7.11%,183.96,+5.15%,193.93,+5.42%
500,Atrial fibrillation and flutter,Uttar Pradesh,Male,8.13K,,8.06K,-0.89%,8.11K,+0.69%,8.36K,+3.00%,8.47K,+1.32%,8.42K,-0.51%,8.40K,-0.29%,8.54K,+1.62%,9.11K,+6.78%,9.07K,-0.54%,9.42K,+3.91%
500,Atrial fibrillation and flutter,Uttar Pradesh,Female,5.46K,,5.74K,+5.08%,5.87K,+2.33%,5.99K,+2.08%,6.09K,+1.52%,6.13K,+0.67%,6.16K,+0.52%,6.30K,+2.26%,6.40K,+1.70%,6.93K,+8.15%,7.27K,+4.96%
500,Atrial fibrillation and flutter,Uttarakhand,Male,742.19,,757.93,+2.12%,792.49,+4.56%,835.33,+5.40%,867.74,+3.88%,879.37,+1.34%,884.06,+0.53%,923.93,+4.51%,984.61,+6.57%,955.36,-2.97%,981.26,+2.71%
500,Atrial fibrillation and flutter,Uttarakhand,Female,461.88,,491.56,+6.43%,522.84,+6.36%,551.40,+5.46%,583.30,+5.79%,602.90,+3.36%,621.67,+3.11%,652.22,+4.92%,681.47,+4.48%,709.46,+4.11%,742.79,+4.70%
500,Atrial fibrillation and flutter,West Bengal,Male,5.28K,,5.40K,+2.30%,5.56K,+2.94%,5.81K,+4.63%,6.07K,+4.33%,6.28K,+3.45%,6.51K,+3.72%,6.89K,+5.89%,7.60K,+10.26%,7.17K,-5.65%,7.46K,+4.07%
500,Atrial fibrillation and flutter,West Bengal,Female,3.28K,,3.45K,+5.32%,3.64K,+5.39%,3.81K,+4.56%,4.00K,+5.04%,4.12K,+3.10%,4.32K,+4.88%,4.67K,+8.06%,5.15K,+10.23%,5.03K,-2.38%,5.33K,+5.99%
501,Aortic aneurysm,Andhra Pradesh,Male,3.54K,,3.63K,+2.53%,3.95K,+8.62%,4.42K,+11.93%,4.83K,+9.35%,4.91K,+1.69%,5.01K,+1.94%,5.43K,+8.51%,6.68K,+22.90%,5.64K,-15.57%,5.88K,+4.33%
501,Aortic aneurysm,Andhra Pradesh,Female,1.05K,,1.13K,+8.37%,1.24K,+9.06%,1.31K,+5.75%,1.37K,+4.90%,1.39K,+1.71%,1.41K,+1.22%,1.53K,+8.45%,1.61K,+5.30%,1.65K,+2.56%,1.74K,+5.00%
501,Aortic aneurysm,Arunachal Pradesh,Male,32.21,,33.41,+3.74%,36.28,+8.60%,40.48,+11.57%,43.52,+7.49%,44.96,+3.31%,46.54,+3.53%,50.29,+8.05%,65.32,+29.88%,60.95,-6.69%,65.58,+7.60%
501,Aortic aneurysm,Arunachal Pradesh,Female,8.47,,9.16,+8.17%,9.93,+8.38%,10.60,+6.83%,11.01,+3.82%,11.34,+2.97%,11.78,+3.92%,12.73,+8.04%,16.10,+26.51%,15.44,-4.10%,16.71,+8.20%
501,Aortic aneurysm,Assam,Male,771.03,,761.85,-1.19%,788.74,+3.53%,849.70,+7.73%,899.41,+5.85%,918.76,+2.15%,940.79,+2.40%,988.21,+5.04%,1.31K,+33.05%,1.17K,-11.04%,1.26K,+7.88%
501,Aortic aneurysm,Assam,Female,220.96,,238.84,+8.09%,259.69,+8.73%,280.10,+7.86%,298.16,+6.45%,308.01,+3.30%,313.42,+1.75%,309.00,-1.41%,327.36,+5.94%,395.09,+20.69%,427.87,+8.30%
501,Aortic aneurysm,Bihar,Male,2.38K,,2.34K,-1.98%,2.40K,+2.81%,2.60K,+8.38%,2.77K,+6.37%,2.83K,+2.14%,2.95K,+4.21%,3.10K,+5.07%,4.03K,+30.11%,3.39K,-15.85%,3.66K,+7.79%
501,Aortic aneurysm,Bihar,Female,971.00,,1.08K,+10.83%,1.14K,+5.88%,1.20K,+5.72%,1.27K,+5.73%,1.33K,+4.06%,1.39K,+4.55%,1.45K,+4.53%,1.53K,+5.42%,1.57K,+2.87%,1.68K,+6.74%
501,Aortic aneurysm,Chhattisgarh,Male,929.79,,955.56,+2.77%,1.04K,+9.25%,1.19K,+14.45%,1.31K,+9.57%,1.33K,+1.81%,1.38K,+3.86%,1.51K,+8.92%,2.08K,+38.04%,1.67K,-19.69%,1.78K,+6.69%
501,Aortic aneurysm,Chhattisgarh,Female,225.29,,251.96,+11.84%,284.73,+13.01%,324.50,+13.97%,362.83,+11.81%,393.45,+8.44%,426.72,+8.46%,460.70,+7.96%,606.17,+31.58%,522.31,-13.83%,555.93,+6.44%
501,Aortic aneurysm,Delhi,Male,871.01,,877.51,+0.75%,942.47,+7.40%,988.51,+4.89%,1.01K,+2.45%,997.33,-1.52%,1.02K,+2.48%,1.49K,+45.93%,1.79K,+19.96%,1.22K,-31.87%,1.31K,+7.54%
501,Aortic aneurysm,Delhi,Female,126.61,,135.87,+7.31%,145.32,+6.96%,153.24,+5.45%,161.46,+5.36%,163.01,+0.96%,176.74,+8.42%,267.11,+51.13%,300.00,+12.31%,225.81,-24.73%,244.00,+8.06%
501,Aortic aneurysm,Goa,Male,102.60,,104.33,+1.69%,109.00,+4.48%,114.53,+5.08%,117.72,+2.79%,117.43,-0.25%,116.51,-0.79%,123.84,+6.29%,158.84,+28.26%,132.28,-16.72%,136.32,+3.06%
501,Aortic aneurysm,Goa,Female,18.50,,19.75,+6.75%,21.11,+6.91%,21.57,+2.18%,21.88,+1.42%,22.20,+1.46%,22.58,+1.73%,23.47,+3.93%,27.62,+17.69%,26.11,-5.48%,27.55,+5.53%
501,Aortic aneurysm,Gujarat,Male,2.92K,,3.05K,+4.41%,3.30K,+8.38%,3.65K,+10.50%,3.89K,+6.66%,3.94K,+1.22%,4.07K,+3.36%,4.60K,+12.94%,7.05K,+53.37%,4.63K,-34.36%,4.93K,+6.53%
501,Aortic aneurysm,Gujarat,Female,541.49,,584.03,+7.86%,622.89,+6.65%,656.50,+5.40%,683.09,+4.05%,688.43,+0.78%,720.92,+4.72%,821.83,+14.00%,1.21K,+47.08%,853.78,-29.37%,946.37,+10.84%
501,Aortic aneurysm,Haryana,Male,1.13K,,1.22K,+8.03%,1.37K,+12.53%,1.57K,+15.05%,1.74K,+10.81%,1.85K,+6.05%,1.94K,+4.81%,2.21K,+13.86%,2.70K,+22.53%,2.18K,-19.30%,2.30K,+5.21%
501,Aortic aneurysm,Haryana,Female,237.54,,258.06,+8.64%,269.87,+4.58%,278.02,+3.02%,284.15,+2.21%,288.40,+1.49%,300.76,+4.28%,337.80,+12.32%,386.43,+14.39%,338.63,-12.37%,365.52,+7.94%
501,Aortic aneurysm,Himachal Pradesh,Male,431.74,,404.66,-6.27%,411.39,+1.66%,443.10,+7.71%,497.15,+12.20%,539.21,+8.46%,571.74,+6.03%,593.81,+3.86%,742.43,+25.03%,782.72,+5.43%,854.05,+9.11%
501,Aortic aneurysm,Himachal Pradesh,Female,74.22,,69.37,-6.53%,67.87,-2.16%,67.31,-0.83%,70.64,+4.95%,74.83,+5.92%,79.38,+6.08%,85.85,+8.15%,110.62,+28.86%,104.22,-5.78%,111.56,+7.04%
501,Aortic aneurysm,Jammu & Kashmir and Ladakh,Male,496.62,,521.55,+5.02%,585.72,+12.30%,666.75,+13.83%,736.88,+10.52%,767.40,+4.14%,794.89,+3.58%,796.31,+0.18%,871.03,+9.38%,965.76,+10.88%,1.02K,+5.31%
501,Aortic aneurysm,Jammu & Kashmir and Ladakh,Female,122.29,,128.89,+5.39%,141.43,+9.73%,152.31,+7.69%,164.04,+7.70%,174.12,+6.15%,189.13,+8.62%,209.68,+10.87%,268.62,+28.11%,230.50,-14.19%,249.18,+8.11%
501,Aortic aneurysm,Jharkhand,Male,574.20,,620.69,+8.10%,636.14,+2.49%,790.57,+24.28%,907.09,+14.74%,965.20,+6.41%,1.02K,+5.52%,1.09K,+6.99%,1.45K,+33.32%,1.20K,-17.10%,1.30K,+8.06%
501,Aortic aneurysm,Jharkhand,Female,173.23,,171.21,-1.17%,195.31,+14.08%,217.13,+11.18%,240.85,+10.92%,256.37,+6.44%,267.29,+4.26%,278.82,+4.31%,299.20,+7.31%,331.06,+10.65%,363.97,+9.94%
501,Aortic aneurysm,Karnataka,Male,2.42K,,2.44K,+0.84%,2.61K,+6.76%,2.85K,+9.27%,3.04K,+6.43%,3.08K,+1.59%,3.14K,+1.96%,3.66K,+16.57%,4.68K,+27.77%,3.67K,-21.63%,3.88K,+5.85%
501,Aortic aneurysm,Karnataka,Female,639.63,,709.83,+10.98%,773.57,+8.98%,806.14,+4.21%,806.01,-0.02%,800.54,-0.68%,794.96,-0.70%,865.00,+8.81%,1.05K,+21.16%,924.16,-11.82%,995.54,+7.72%
501,Aortic aneurysm,Kerala,Male,5.05K,,5.23K,+3.63%,5.53K,+5.65%,6.01K,+8.62%,6.37K,+6.13%,6.28K,-1.48%,6.05K,-3.61%,5.51K,-9.04%,6.43K,+16.70%,6.63K,+3.11%,6.94K,+4.79%
501,Aortic aneurysm,Kerala,Female,586.78,,574.89,-2.03%,612.35,+6.52%,653.88,+6.78%,687.71,+5.17%,682.68,-0.73%,663.00,-2.88%,611.60,-7.75%,646.20,+5.66%,787.54,+21.87%,863.61,+9.66%
501,Aortic aneurysm,Madhya Pradesh,Male,2.02K,,2.06K,+1.53%,2.18K,+5.86%,2.36K,+8.64%,2.50K,+5.80%,2.53K,+1.07%,2.60K,+2.96%,2.86K,+9.91%,3.73K,+30.29%,3.06K,-17.93%,3.33K,+8.86%
501,Aortic aneurysm,Madhya Pradesh,Female,413.68,,436.91,+5.61%,457.20,+4.64%,483.02,+5.65%,511.59,+5.92%,529.67,+3.53%,560.42,+5.80%,626.72,+11.83%,783.93,+25.09%,665.98,-15.05%,736.66,+10.61%
501,Aortic aneurysm,Maharashtra,Male,4.35K,,4.46K,+2.43%,4.55K,+1.99%,4.55K,+0.06%,4.74K,+4.11%,5.74K,+21.20%,4.63K,-19.35%,4.23K,-8.70%,5.34K,+26.14%,4.89K,-8.42%,5.32K,+8.97%
501,Aortic aneurysm,Maharashtra,Female,917.43,,999.64,+8.96%,1.03K,+3.34%,1.03K,-0.42%,995.34,-3.24%,1.06K,+6.20%,911.42,-13.77%,850.51,-6.68%,1.03K,+21.64%,1.03K,-0.45%,1.14K,+10.95%
501,Aortic aneurysm,Manipur,Male,118.10,,122.70,+3.90%,132.67,+8.13%,150.22,+13.23%,164.19,+9.30%,172.57,+5.10%,180.36,+4.52%,191.44,+6.15%,294.53,+53.84%,232.89,-20.93%,251.06,+7.80%
501,Aortic aneurysm,Manipur,Female,34.43,,37.57,+9.11%,40.98,+9.10%,44.20,+7.84%,46.54,+5.31%,48.69,+4.62%,51.72,+6.21%,55.50,+7.32%,83.38,+50.24%,67.09,-19.54%,72.38,+7.88%
501,Aortic aneurysm,Meghalaya,Male,87.42,,89.05,+1.87%,94.43,+6.04%,107.12,+13.44%,115.64,+7.95%,119.85,+3.64%,123.78,+3.28%,133.26,+7.66%,221.57,+66.27%,160.97,-27.35%,174.37,+8.32%
501,Aortic aneurysm,Meghalaya,Female,19.47,,20.66,+6.15%,21.97,+6.32%,25.03,+13.94%,27.40,+9.47%,28.94,+5.61%,30.55,+5.56%,33.22,+8.73%,53.29,+60.44%,40.46,-24.08%,44.21,+9.25%
501,Aortic aneurysm,Mizoram,Male,26.59,,26.01,-2.17%,27.81,+6.92%,33.28,+19.67%,34.85,+4.74%,34.60,-0.74%,34.35,-0.72%,36.31,+5.71%,51.51,+41.87%,42.05,-18.36%,44.66,+6.20%
501,Aortic aneurysm,Mizoram,Female,6.73,,7.06,+4.84%,7.57,+7.28%,8.98,+18.63%,9.26,+3.13%,9.16,-1.11%,9.14,-0.25%,10.23,+11.97%,14.88,+45.48%,11.50,-22.70%,11.85,+2.99%
501,Aortic aneurysm,Nagaland,Male,60.71,,60.38,-0.55%,62.59,+3.67%,67.20,+7.36%,70.79,+5.34%,72.00,+1.71%,72.55,+0.76%,77.50,+6.83%,123.15,+58.90%,90.36,-26.62%,95.00,+5.13%
501,Aortic aneurysm,Nagaland,Female,9.40,,10.05,+7.00%,10.70,+6.39%,11.24,+5.10%,11.76,+4.59%,12.19,+3.66%,12.74,+4.55%,13.96,+9.53%,21.26,+52.29%,16.57,-22.03%,17.75,+7.10%
501,Aortic aneurysm,Odisha,Male,1.07K,,1.02K,-4.67%,1.04K,+1.61%,1.14K,+10.46%,1.21K,+5.55%,1.21K,+0.48%,1.22K,+0.68%,1.27K,+4.21%,1.56K,+22.45%,1.41K,-9.67%,1.52K,+7.68%
501,Aortic aneurysm,Odisha,Female,274.82,,278.76,+1.43%,294.90,+5.79%,322.71,+9.43%,344.82,+6.85%,356.65,+3.43%,371.64,+4.20%,392.53,+5.62%,428.81,+9.24%,452.90,+5.62%,496.71,+9.67%
501,Aortic aneurysm,Other Union Territories,Male,141.08,,145.65,+3.24%,157.63,+8.23%,174.91,+10.96%,188.98,+8.04%,197.05,+4.27%,205.70,+4.39%,237.32,+15.37%,309.14,+30.26%,251.51,-18.64%,263.30,+4.69%
501,Aortic aneurysm,Other Union Territories,Female,26.12,,29.28,+12.09%,32.63,+11.44%,35.98,+10.26%,38.70,+7.56%,40.75,+5.30%,43.49,+6.73%,52.31,+20.28%,70.00,+33.81%,56.29,-19.59%,59.49,+5.68%
501,Aortic aneurysm,Punjab,Male,1.40K,,1.40K,-0.05%,1.50K,+7.58%,1.68K,+11.68%,1.84K,+9.77%,1.90K,+2.86%,1.97K,+3.67%,2.17K,+10.25%,2.44K,+12.53%,2.21K,-9.25%,2.26K,+1.92%
501,Aortic aneurysm,Punjab,Female,328.53,,355.41,+8.18%,392.58,+10.46%,435.51,+10.94%,472.53,+8.50%,498.62,+5.52%,546.67,+9.64%,614.40,+12.39%,678.42,+10.42%,656.58,-3.22%,695.80,+5.97%
501,Aortic aneurysm,Rajasthan,Male,3.41K,,3.59K,+5.17%,3.92K,+9.24%,4.40K,+12.25%,4.81K,+9.29%,4.93K,+2.53%,5.05K,+2.49%,5.38K,+6.46%,6.20K,+15.22%,6.06K,-2.29%,6.40K,+5.61%
501,Aortic aneurysm,Rajasthan,Female,588.80,,648.10,+10.07%,705.85,+8.91%,754.58,+6.90%,793.20,+5.12%,808.78,+1.96%,832.10,+2.88%,880.03,+5.76%,975.03,+10.79%,980.40,+0.55%,1.06K,+8.29%
501,Aortic aneurysm,Sikkim,Male,28.69,,29.17,+1.66%,30.44,+4.33%,32.13,+5.55%,32.11,-0.06%,30.35,-5.48%,28.05,-7.56%,27.49,-1.99%,33.21,+20.81%,34.34,+3.40%,35.92,+4.60%
501,Aortic aneurysm,Sikkim,Female,7.64,,7.94,+4.00%,8.14,+2.45%,8.17,+0.33%,7.99,-2.16%,7.65,-4.30%,7.33,-4.14%,7.99,+8.97%,10.52,+31.79%,9.68,-8.04%,10.06,+3.91%
501,Aortic aneurysm,Tamil Nadu,Male,5.18K,,5.56K,+7.31%,6.05K,+8.75%,6.63K,+9.62%,7.00K,+5.65%,7.03K,+0.41%,6.82K,-3.06%,7.33K,+7.51%,8.48K,+15.68%,7.31K,-13.77%,7.78K,+6.40%
501,Aortic aneurysm,Tamil Nadu,Female,789.07,,881.00,+11.65%,946.16,+7.40%,985.81,+4.19%,990.86,+0.51%,964.44,-2.67%,928.16,-3.76%,985.60,+6.19%,1.08K,+9.57%,1.03K,-4.88%,1.15K,+12.30%
501,Aortic aneurysm,Telangana,Male,2.15K,,2.22K,+3.16%,2.39K,+7.64%,2.65K,+11.12%,2.96K,+11.53%,3.18K,+7.34%,3.38K,+6.29%,3.74K,+10.89%,4.60K,+22.98%,3.98K,-13.55%,4.15K,+4.27%
501,Aortic aneurysm,Telangana,Female,630.48,,670.23,+6.31%,704.58,+5.13%,752.65,+6.82%,811.73,+7.85%,841.97,+3.73%,862.56,+2.45%,891.55,+3.36%,924.75,+3.72%,1.04K,+12.25%,1.10K,+6.11%
501,Aortic aneurysm,Tripura,Male,161.84,,143.75,-11.18%,158.57,+10.31%,192.54,+21.43%,205.06,+6.50%,202.40,-1.30%,210.46,+3.98%,224.25,+6.55%,263.53,+17.52%,263.12,-0.16%,278.15,+5.71%
501,Aortic aneurysm,Tripura,Female,46.52,,40.08,-13.85%,44.45,+10.92%,54.89,+23.49%,57.61,+4.94%,55.94,-2.89%,59.45,+6.27%,63.57,+6.93%,70.86,+11.47%,74.95,+5.77%,79.53,+6.12%
501,Aortic aneurysm,Uttar Pradesh,Male,4.00K,,3.88K,-2.91%,3.91K,+0.84%,4.08K,+4.25%,4.12K,+0.95%,3.94K,-4.31%,3.80K,-3.48%,3.83K,+0.60%,4.58K,+19.66%,4.34K,-5.16%,4.69K,+8.09%
501,Aortic aneurysm,Uttar Pradesh,Female,1.32K,,1.45K,+9.49%,1.51K,+4.09%,1.53K,+1.56%,1.55K,+1.48%,1.50K,-3.59%,1.47K,-1.61%,1.47K,-0.06%,1.46K,-0.73%,1.78K,+21.69%,1.94K,+9.00%
501,Aortic aneurysm,Uttarakhand,Male,686.08,,714.02,+4.07%,781.51,+9.45%,863.24,+10.46%,928.07,+7.51%,937.03,+0.97%,930.09,-0.74%,1.01K,+8.91%,1.19K,+17.42%,1.11K,-7.01%,1.17K,+5.59%
501,Aortic aneurysm,Uttarakhand,Female,172.73,,192.18,+11.26%,208.85,+8.68%,223.14,+6.84%,239.78,+7.46%,244.04,+1.77%,247.22,+1.30%,260.30,+5.29%,278.87,+7.13%,293.51,+5.25%,313.70,+6.88%
501,Aortic aneurysm,West Bengal,Male,4.44K,,4.53K,+2.01%,4.75K,+4.95%,5.14K,+8.08%,5.53K,+7.61%,5.73K,+3.72%,6.01K,+4.89%,6.81K,+13.23%,8.58K,+25.96%,7.20K,-16.00%,7.76K,+7.72%
501,Aortic aneurysm,West Bengal,Female,778.22,,850.71,+9.32%,922.32,+8.42%,967.51,+4.90%,1.01K,+4.34%,1.01K,+0.49%,1.06K,+4.76%,1.23K,+15.28%,1.48K,+20.56%,1.30K,-11.80%,1.42K,+8.67%
502,Lower extremity peripheral arterial disease,Andhra Pradesh,Male,1.84K,,1.86K,+1.01%,1.93K,+3.94%,2.08K,+7.62%,2.19K,+5.26%,2.18K,-0.26%,2.18K,-0.14%,2.30K,+5.56%,2.62K,+13.90%,2.34K,-10.56%,2.37K,+1.22%
502,Lower extremity peripheral arterial disease,Andhra Pradesh,Female,1.29K,,1.34K,+4.56%,1.40K,+4.53%,1.46K,+3.85%,1.48K,+1.67%,1.49K,+0.61%,1.50K,+0.45%,1.56K,+3.88%,1.60K,+2.47%,1.62K,+1.81%,1.64K,+1.10%
502,Lower extremity peripheral arterial disease,Arunachal Pradesh,Male,21.33,,21.90,+2.70%,23.08,+5.38%,24.76,+7.27%,25.82,+4.27%,26.12,+1.16%,26.52,+1.55%,27.84,+4.97%,32.43,+16.47%,31.76,-2.06%,33.07,+4.13%
502,Lower extremity peripheral arterial disease,Arunachal Pradesh,Female,13.65,,14.30,+4.72%,14.91,+4.30%,15.54,+4.18%,15.65,+0.70%,15.69,+0.25%,15.89,+1.29%,16.55,+4.15%,18.08,+9.29%,18.51,+2.34%,19.17,+3.59%
502,Lower extremity peripheral arterial disease,Assam,Male,628.33,,623.27,-0.80%,639.31,+2.57%,672.86,+5.25%,698.71,+3.84%,709.02,+1.48%,721.37,+1.74%,756.06,+4.81%,883.57,+16.87%,829.32,-6.14%,853.43,+2.91%
502,Lower extremity peripheral arterial disease,Assam,Female,405.13,,421.08,+3.94%,439.09,+4.28%,458.29,+4.37%,468.41,+2.21%,472.83,+0.94%,476.10,+0.69%,481.80,+1.20%,498.68,+3.51%,535.13,+7.31%,555.74,+3.85%
502,Lower extremity peripheral arterial disease,Bihar,Male,1.63K,,1.62K,-0.91%,1.64K,+1.36%,1.71K,+4.38%,1.75K,+2.50%,1.74K,-0.54%,1.75K,+0.47%,1.80K,+2.79%,2.01K,+11.65%,1.82K,-9.29%,1.85K,+1.56%
502,Lower extremity peripheral arterial disease,Bihar,Female,1.56K,,1.63K,+4.79%,1.68K,+3.15%,1.75K,+3.84%,1.78K,+1.51%,1.78K,+0.33%,1.79K,+0.38%,1.82K,+1.61%,1.83K,+0.57%,1.84K,+0.71%,1.87K,+1.65%
502,Lower extremity peripheral arterial disease,Chhattisgarh,Male,485.66,,497.53,+2.45%,528.66,+6.26%,580.51,+9.81%,614.83,+5.91%,614.72,-0.02%,625.87,+1.81%,665.42,+6.32%,802.80,+20.65%,694.22,-13.52%,711.13,+2.44%
502,Lower extremity peripheral arterial disease,Chhattisgarh,Female,397.30,,414.77,+4.40%,432.99,+4.39%,457.09,+5.57%,473.08,+3.50%,484.30,+2.37%,498.36,+2.90%,515.74,+3.49%,575.38,+11.56%,544.31,-5.40%,559.37,+2.77%
502,Lower extremity peripheral arterial disease,Delhi,Male,426.13,,435.30,+2.15%,455.68,+4.68%,473.52,+3.92%,480.08,+1.39%,476.36,-0.78%,482.81,+1.36%,604.14,+25.13%,670.10,+10.92%,530.96,-20.76%,553.20,+4.19%
502,Lower extremity peripheral arterial disease,Delhi,Female,332.49,,351.68,+5.77%,369.52,+5.07%,387.44,+4.85%,396.74,+2.40%,398.55,+0.46%,411.30,+3.20%,466.06,+13.31%,493.20,+5.82%,470.84,-4.53%,493.41,+4.79%
502,Lower extremity peripheral arterial disease,Goa,Male,39.67,,41.06,+3.51%,43.14,+5.08%,45.22,+4.81%,46.29,+2.37%,46.11,-0.39%,45.79,-0.69%,47.74,+4.26%,55.13,+15.47%,50.78,-7.89%,51.00,+0.44%
502,Lower extremity peripheral arterial disease,Goa,Female,33.77,,35.70,+5.71%,37.62,+5.40%,38.91,+3.41%,39.52,+1.59%,39.93,+1.02%,40.53,+1.52%,41.83,+3.21%,44.82,+7.14%,45.32,+1.11%,46.28,+2.11%
502,Lower extremity peripheral arterial disease,Gujarat,Male,1.38K,,1.43K,+3.61%,1.51K,+5.78%,1.62K,+7.66%,1.71K,+5.14%,1.73K,+1.24%,1.77K,+2.60%,1.95K,+9.91%,2.55K,+31.01%,1.97K,-23.01%,2.02K,+2.73%
502,Lower extremity peripheral arterial disease,Gujarat,Female,966.81,,1.02K,+5.31%,1.07K,+4.94%,1.12K,+5.07%,1.16K,+3.18%,1.18K,+1.69%,1.21K,+2.78%,1.29K,+6.95%,1.48K,+14.56%,1.37K,-7.76%,1.42K,+4.02%
502,Lower extremity peripheral arterial disease,Haryana,Male,821.02,,856.78,+4.36%,916.36,+6.95%,1.01K,+10.31%,1.09K,+7.71%,1.13K,+3.86%,1.17K,+3.62%,1.30K,+11.22%,1.47K,+13.18%,1.28K,-13.31%,1.31K,+2.27%
502,Lower extremity peripheral arterial disease,Haryana,Female,591.25,,626.04,+5.89%,651.80,+4.11%,677.60,+3.96%,689.08,+1.69%,694.86,+0.84%,700.51,+0.81%,734.71,+4.88%,769.73,+4.77%,752.39,-2.25%,775.20,+3.03%
502,Lower extremity peripheral arterial disease,Himachal Pradesh,Male,211.10,,208.20,-1.37%,214.05,+2.81%,227.30,+6.19%,245.08,+7.82%,258.49,+5.47%,268.77,+3.98%,280.25,+4.27%,320.34,+14.31%,325.74,+1.69%,338.36,+3.87%
502,Lower extremity peripheral arterial disease,Himachal Pradesh,Female,136.58,,139.87,+2.41%,144.26,+3.14%,150.03,+4.00%,154.81,+3.19%,158.65,+2.48%,163.72,+3.20%,172.70,+5.49%,187.96,+8.84%,190.73,+1.47%,197.90,+3.76%
502,Lower extremity peripheral arterial disease,Jammu & Kashmir and Ladakh,Male,308.29,,319.08,+3.50%,342.39,+7.31%,369.86,+8.02%,390.39,+5.55%,397.18,+1.74%,404.82,+1.92%,412.53,+1.90%,442.24,+7.20%,461.82,+4.43%,473.48,+2.53%
502,Lower extremity peripheral arterial disease,Jammu & Kashmir and Ladakh,Female,192.24,,200.63,+4.37%,210.05,+4.69%,218.71,+4.12%,224.17,+2.50%,227.01,+1.26%,233.15,+2.71%,245.13,+5.14%,271.08,+10.58%,262.58,-3.14%,271.97,+3.58%
502,Lower extremity peripheral arterial disease,Jharkhand,Male,470.75,,489.53,+3.99%,499.18,+1.97%,558.02,+11.79%,594.10,+6.46%,605.64,+1.94%,620.21,+2.41%,653.68,+5.40%,757.64,+15.90%,666.58,-12.02%,687.09,+3.08%
502,Lower extremity peripheral arterial disease,Jharkhand,Female,415.64,,429.34,+3.30%,452.34,+5.36%,478.22,+5.72%,493.64,+3.22%,503.09,+1.91%,508.02,+0.98%,521.45,+2.64%,534.76,+2.55%,554.81,+3.75%,569.31,+2.61%
502,Lower extremity peripheral arterial disease,Karnataka,Male,1.57K,,1.60K,+1.77%,1.68K,+4.67%,1.77K,+5.71%,1.83K,+3.35%,1.83K,-0.26%,1.83K,+0.08%,2.00K,+9.55%,2.28K,+13.67%,1.99K,-12.35%,2.02K,+1.22%
502,Lower extremity peripheral arterial disease,Karnataka,Female,1.22K,,1.29K,+5.31%,1.35K,+5.16%,1.40K,+3.20%,1.41K,+0.82%,1.40K,-0.35%,1.40K,-0.10%,1.45K,+3.18%,1.54K,+6.44%,1.51K,-1.91%,1.54K,+1.85%
502,Lower extremity peripheral arterial disease,Kerala,Male,1.51K,,1.55K,+2.48%,1.61K,+4.19%,1.72K,+6.73%,1.80K,+4.41%,1.78K,-1.16%,1.73K,-2.55%,1.66K,-4.03%,1.82K,+9.35%,1.84K,+1.15%,1.85K,+0.71%
502,Lower extremity peripheral arterial disease,Kerala,Female,1.16K,,1.19K,+2.42%,1.24K,+4.31%,1.29K,+4.68%,1.33K,+2.75%,1.34K,+0.45%,1.34K,+0.51%,1.35K,+0.56%,1.39K,+3.22%,1.48K,+6.48%,1.53K,+3.04%
502,Lower extremity peripheral arterial disease,Madhya Pradesh,Male,1.31K,,1.33K,+1.43%,1.37K,+3.23%,1.44K,+5.44%,1.49K,+3.29%,1.49K,+0.10%,1.51K,+1.36%,1.60K,+5.96%,1.82K,+13.62%,1.68K,-7.79%,1.74K,+3.57%
502,Lower extremity peripheral arterial disease,Madhya Pradesh,Female,949.58,,986.12,+3.85%,1.01K,+2.62%,1.05K,+3.77%,1.07K,+1.95%,1.08K,+0.80%,1.10K,+1.50%,1.14K,+4.31%,1.23K,+7.22%,1.20K,-2.20%,1.23K,+2.95%
502,Lower extremity peripheral arterial disease,Maharashtra,Male,2.60K,,2.67K,+2.66%,2.71K,+1.51%,2.73K,+0.86%,2.82K,+3.00%,3.15K,+11.91%,2.81K,-10.76%,2.76K,-1.80%,3.15K,+13.96%,2.98K,-5.25%,3.10K,+3.83%
502,Lower extremity peripheral arterial disease,Maharashtra,Female,2.03K,,2.13K,+4.93%,2.20K,+3.45%,2.25K,+2.36%,2.28K,+1.47%,2.34K,+2.27%,2.28K,-2.40%,2.29K,+0.37%,2.42K,+5.61%,2.46K,+1.84%,2.53K,+2.92%
502,Lower extremity peripheral arterial disease,Manipur,Male,78.27,,81.66,+4.33%,87.23,+6.82%,96.08,+10.14%,102.24,+6.41%,105.23,+2.93%,108.36,+2.97%,113.51,+4.75%,148.17,+30.54%,128.54,-13.25%,134.41,+4.56%
502,Lower extremity peripheral arterial disease,Manipur,Female,53.93,,57.15,+5.97%,60.55,+5.94%,63.98,+5.67%,66.42,+3.82%,68.13,+2.57%,70.49,+3.46%,74.19,+5.25%,85.40,+15.10%,82.67,-3.19%,86.68,+4.85%
502,Lower extremity peripheral arterial disease,Meghalaya,Male,54.27,,55.61,+2.47%,58.30,+4.83%,64.13,+10.00%,68.11,+6.21%,69.75,+2.41%,71.42,+2.39%,75.11,+5.17%,105.18,+40.03%,85.22,-18.98%,88.50,+3.86%
502,Lower extremity peripheral arterial disease,Meghalaya,Female,29.47,,31.00,+5.18%,32.64,+5.30%,34.89,+6.88%,36.37,+4.25%,37.44,+2.95%,38.91,+3.92%,41.25,+6.00%,48.88,+18.51%,46.45,-4.98%,48.89,+5.25%
502,Lower extremity peripheral arterial disease,Mizoram,Male,21.53,,21.67,+0.64%,22.77,+5.06%,25.50,+12.00%,26.35,+3.33%,26.29,-0.21%,26.31,+0.09%,27.30,+3.75%,33.11,+21.28%,30.18,-8.87%,30.85,+2.24%
502,Lower extremity peripheral arterial disease,Mizoram,Female,16.56,,17.35,+4.77%,18.16,+4.66%,19.16,+5.50%,19.62,+2.41%,19.86,+1.21%,20.28,+2.11%,21.32,+5.13%,23.68,+11.08%,23.49,-0.80%,24.25,+3.21%
502,Lower extremity peripheral arterial disease,Nagaland,Male,26.36,,26.04,-1.23%,26.43,+1.52%,27.35,+3.47%,27.79,+1.62%,27.50,-1.04%,27.23,-0.99%,28.11,+3.22%,36.71,+30.60%,30.57,-16.73%,31.22,+2.14%
502,Lower extremity peripheral arterial disease,Nagaland,Female,14.05,,14.62,+4.07%,15.22,+4.07%,15.64,+2.75%,15.88,+1.57%,15.98,+0.59%,16.20,+1.37%,16.72,+3.26%,19.20,+14.82%,18.30,-4.72%,18.84,+2.99%
502,Lower extremity peripheral arterial disease,Odisha,Male,772.13,,764.98,-0.93%,780.05,+1.97%,827.42,+6.07%,852.31,+3.01%,850.62,-0.20%,855.28,+0.55%,881.62,+3.08%,966.28,+9.60%,925.08,-4.26%,952.52,+2.97%
502,Lower extremity peripheral arterial disease,Odisha,Female,560.94,,579.92,+3.38%,603.89,+4.13%,633.57,+4.92%,651.40,+2.81%,663.87,+1.91%,677.01,+1.98%,696.03,+2.81%,721.30,+3.63%,743.76,+3.11%,767.82,+3.24%
502,Lower extremity peripheral arterial disease,Other Union Territories,Male,86.28,,89.10,+3.27%,94.66,+6.24%,103.09,+8.91%,109.58,+6.30%,112.88,+3.01%,116.42,+3.14%,127.91,+9.87%,146.47,+14.51%,130.23,-11.08%,133.02,+2.14%
502,Lower extremity peripheral arterial disease,Other Union Territories,Female,64.24,,68.80,+7.09%,73.05,+6.18%,77.94,+6.70%,81.15,+4.11%,83.14,+2.45%,86.37,+3.89%,93.35,+8.07%,102.60,+9.91%,98.06,-4.42%,101.59,+3.60%
502,Lower extremity peripheral arterial disease,Punjab,Male,728.58,,747.35,+2.58%,792.75,+6.07%,862.29,+8.77%,916.54,+6.29%,932.40,+1.73%,950.61,+1.95%,1.01K,+6.64%,1.07K,+5.39%,1.01K,-5.28%,1.01K,-0.14%
502,Lower extremity peripheral arterial disease,Punjab,Female,674.81,,721.34,+6.89%,769.69,+6.70%,824.04,+7.06%,861.47,+4.54%,886.08,+2.86%,926.87,+4.60%,990.21,+6.83%,1.04K,+5.11%,1.05K,+0.56%,1.08K,+2.95%
502,Lower extremity peripheral arterial disease,Rajasthan,Male,1.36K,,1.41K,+3.84%,1.49K,+5.78%,1.61K,+8.16%,1.71K,+6.31%,1.74K,+1.77%,1.78K,+1.80%,1.87K,+5.38%,2.03K,+8.30%,2.02K,-0.14%,2.06K,+1.62%
502,Lower extremity peripheral arterial disease,Rajasthan,Female,991.33,,1.04K,+4.41%,1.08K,+3.93%,1.11K,+3.28%,1.13K,+1.56%,1.14K,+0.70%,1.15K,+1.17%,1.19K,+3.34%,1.25K,+5.18%,1.28K,+2.42%,1.33K,+4.02%
502,Lower extremity peripheral arterial disease,Sikkim,Male,11.57,,11.88,+2.73%,12.39,+4.27%,13.04,+5.20%,13.25,+1.61%,12.95,-2.28%,12.57,-2.93%,12.70,+1.04%,14.01,+10.35%,14.58,+4.09%,14.87,+1.96%
502,Lower extremity peripheral arterial disease,Sikkim,Female,8.42,,8.80,+4.46%,9.19,+4.40%,9.51,+3.55%,9.65,+1.45%,9.72,+0.70%,9.86,+1.50%,10.44,+5.83%,11.66,+11.73%,11.91,+2.12%,12.34,+3.57%
502,Lower extremity peripheral arterial disease,Tamil Nadu,Male,2.59K,,2.70K,+4.32%,2.83K,+4.71%,2.98K,+5.56%,3.07K,+2.83%,3.07K,+0.17%,3.00K,-2.53%,3.17K,+5.70%,3.45K,+8.98%,3.15K,-8.70%,3.24K,+2.78%
502,Lower extremity peripheral arterial disease,Tamil Nadu,Female,1.81K,,1.93K,+6.35%,2.02K,+4.90%,2.11K,+4.14%,2.14K,+1.54%,2.14K,-0.09%,2.12K,-0.63%,2.20K,+3.42%,2.29K,+4.43%,2.30K,+0.17%,2.40K,+4.53%
502,Lower extremity peripheral arterial disease,Telangana,Male,1.04K,,1.06K,+2.14%,1.10K,+3.66%,1.17K,+6.19%,1.24K,+6.29%,1.28K,+3.36%,1.31K,+2.25%,1.40K,+6.87%,1.60K,+13.90%,1.41K,-12.05%,1.41K,+0.06%
502,Lower extremity peripheral arterial disease,Telangana,Female,716.65,,749.68,+4.61%,779.73,+4.01%,814.92,+4.51%,839.54,+3.02%,843.23,+0.44%,845.78,+0.30%,860.65,+1.76%,868.24,+0.88%,909.72,+4.78%,920.94,+1.23%
502,Lower extremity peripheral arterial disease,Tripura,Male,109.43,,104.07,-4.90%,111.05,+6.71%,126.41,+13.83%,133.59,+5.68%,133.61,+0.01%,138.21,+3.45%,145.93,+5.58%,160.84,+10.22%,163.32,+1.54%,167.78,+2.73%
502,Lower extremity peripheral arterial disease,Tripura,Female,70.40,,69.87,-0.75%,73.34,+4.98%,79.03,+7.75%,81.52,+3.16%,81.64,+0.15%,84.44,+3.43%,88.41,+4.70%,93.53,+5.79%,97.88,+4.66%,101.18,+3.36%
502,Lower extremity peripheral arterial disease,Uttar Pradesh,Male,4.00K,,3.93K,-1.65%,3.92K,-0.35%,4.02K,+2.68%,4.03K,+0.19%,3.89K,-3.39%,3.81K,-2.19%,3.84K,+0.97%,4.14K,+7.58%,4.00K,-3.17%,4.08K,+1.94%
502,Lower extremity peripheral arterial disease,Uttar Pradesh,Female,2.93K,,3.07K,+4.67%,3.16K,+3.01%,3.24K,+2.36%,3.26K,+0.55%,3.21K,-1.56%,3.18K,-0.82%,3.21K,+0.86%,3.22K,+0.41%,3.37K,+4.78%,3.44K,+1.93%
502,Lower extremity peripheral arterial disease,Uttarakhand,Male,406.82,,419.10,+3.02%,449.20,+7.18%,483.11,+7.55%,506.02,+4.74%,504.47,-0.31%,498.47,-1.19%,528.75,+6.08%,573.50,+8.46%,551.38,-3.86%,566.21,+2.69%
502,Lower extremity peripheral arterial disease,Uttarakhand,Female,248.36,,263.32,+6.02%,277.77,+5.49%,290.49,+4.58%,300.18,+3.33%,302.79,+0.87%,306.84,+1.34%,316.47,+3.14%,326.42,+3.14%,338.34,+3.65%,348.17,+2.91%
502,Lower extremity peripheral arterial disease,West Bengal,Male,2.33K,,2.41K,+3.35%,2.51K,+4.32%,2.65K,+5.70%,2.78K,+4.70%,2.84K,+2.13%,2.92K,+2.81%,3.18K,+9.16%,3.66K,+14.81%,3.27K,-10.61%,3.40K,+4.06%
502,Lower extremity peripheral arterial disease,West Bengal,Female,1.38K,,1.44K,+4.95%,1.51K,+4.53%,1.56K,+3.63%,1.60K,+2.44%,1.62K,+0.87%,1.65K,+1.75%,1.75K,+6.22%,1.88K,+7.63%,1.86K,-0.92%,1.94K,+4.37%
