Cause ID,Cause Name,State,Gender,2013 Deaths,2013 Deaths YoY %,2014 Deaths,2014 Deaths YoY %,2015 Deaths,2015 Deaths YoY %,2016 Deaths,2016 Deaths YoY %,2017 Deaths,2017 Deaths YoY %,2018 Deaths,2018 Deaths YoY %,2019 Deaths,2019 Deaths YoY %,2020 Deaths,2020 Deaths YoY %,2021 Deaths,2021 Deaths YoY %,2022 Deaths,2022 Deaths YoY %,2023 Deaths,2023 Deaths YoY %
493,Ischemic heart disease,Andhra Pradesh,Male,77.65K,,77.39K,-0.33%,77.50K,+0.14%,82.11K,+5.95%,83.72K,+1.95%,79.75K,-4.74%,74.53K,-6.55%,74.85K,+0.43%,94.39K,+26.10%,78.48K,-16.85%,78.78K,+0.39%
493,Ischemic heart disease,Andhra Pradesh,Female,46.18K,,49.01K,+6.14%,49.77K,+1.55%,50.81K,+2.09%,50.45K,-0.72%,49.09K,-2.70%,45.58K,-7.14%,45.39K,-0.42%,48.89K,+7.71%,47.92K,-1.98%,47.78K,-0.31%
493,Ischemic heart disease,Arunachal Pradesh,Male,376.21,,382.26,+1.61%,396.26,+3.66%,429.58,+8.41%,446.39,+3.92%,451.09,+1.05%,443.35,-1.72%,448.73,+1.21%,580.95,+29.47%,500.14,-13.91%,549.66,+9.90%
493,Ischemic heart disease,Arunachal Pradesh,Female,143.42,,153.60,+7.09%,160.91,+4.76%,170.80,+6.14%,175.01,+2.46%,178.54,+2.02%,175.25,-1.84%,176.10,+0.49%,219.81,+24.82%,191.51,-12.87%,209.06,+9.16%
493,Ischemic heart disease,Assam,Male,13.23K,,13.01K,-1.69%,13.20K,+1.45%,14.36K,+8.84%,15.15K,+5.50%,15.68K,+3.51%,15.64K,-0.26%,15.83K,+1.23%,20.79K,+31.30%,18.37K,-11.63%,19.23K,+4.67%
493,Ischemic heart disease,Assam,Female,6.87K,,7.48K,+8.86%,7.96K,+6.44%,8.63K,+8.45%,9.01K,+4.34%,9.34K,+3.67%,8.99K,-3.66%,8.23K,-8.49%,8.45K,+2.62%,9.92K,+17.44%,10.41K,+4.95%
493,Ischemic heart disease,Bihar,Male,57.57K,,56.17K,-2.44%,54.14K,-3.62%,59.56K,+10.02%,58.90K,-1.12%,59.88K,+1.67%,58.17K,-2.86%,54.18K,-6.86%,73.45K,+35.56%,61.91K,-15.70%,65.46K,+5.72%
493,Ischemic heart disease,Bihar,Female,39.60K,,43.61K,+10.14%,43.69K,+0.17%,47.99K,+9.84%,46.65K,-2.78%,49.22K,+5.49%,47.49K,-3.52%,42.91K,-9.64%,49.22K,+14.72%,49.35K,+0.26%,51.16K,+3.66%
493,Ischemic heart disease,Chhattisgarh,Male,20.93K,,21.10K,+0.79%,21.74K,+3.03%,24.70K,+13.62%,25.68K,+3.97%,25.54K,-0.56%,25.38K,-0.60%,25.09K,-1.16%,35.77K,+42.57%,28.49K,-20.34%,28.62K,+0.43%
493,Ischemic heart disease,Chhattisgarh,Female,10.93K,,12.07K,+10.42%,12.79K,+5.93%,14.50K,+13.39%,15.18K,+4.73%,16.03K,+5.55%,16.22K,+1.21%,15.47K,-4.61%,20.97K,+35.56%,17.58K,-16.19%,17.20K,-2.13%
493,Ischemic heart disease,Delhi,Male,16.84K,,16.64K,-1.14%,16.08K,-3.40%,16.34K,+1.61%,15.03K,-8.01%,14.45K,-3.86%,12.84K,-11.13%,16.01K,+24.64%,20.83K,+30.13%,13.96K,-32.98%,14.33K,+2.65%
493,Ischemic heart disease,Delhi,Female,7.94K,,8.42K,+6.04%,8.06K,-4.28%,8.26K,+2.56%,7.62K,-7.80%,7.50K,-1.57%,6.71K,-10.52%,8.21K,+22.39%,10.30K,+25.36%,7.56K,-26.61%,7.66K,+1.36%
493,Ischemic heart disease,Goa,Male,2.37K,,2.42K,+1.93%,2.45K,+1.27%,2.53K,+3.20%,2.52K,-0.13%,2.47K,-2.01%,2.34K,-5.47%,2.34K,+0.26%,3.05K,+30.06%,2.54K,-16.64%,2.57K,+1.23%
493,Ischemic heart disease,Goa,Female,754.79,,801.03,+6.13%,821.34,+2.54%,819.39,-0.24%,802.11,-2.11%,799.49,-0.33%,762.55,-4.62%,741.69,-2.74%,879.08,+18.52%,806.13,-8.30%,826.16,+2.48%
493,Ischemic heart disease,Gujarat,Male,71.79K,,71.51K,-0.38%,71.42K,-0.13%,73.53K,+2.94%,73.93K,+0.55%,71.33K,-3.52%,68.39K,-4.11%,70.96K,+3.76%,107.63K,+51.67%,70.47K,-34.52%,70.66K,+0.28%
493,Ischemic heart disease,Gujarat,Female,26.96K,,28.19K,+4.56%,28.21K,+0.07%,28.46K,+0.87%,28.19K,-0.96%,27.39K,-2.82%,26.64K,-2.75%,27.64K,+3.77%,41.13K,+48.78%,27.71K,-32.61%,27.92K,+0.75%
493,Ischemic heart disease,Haryana,Male,33.24K,,33.15K,-0.28%,32.22K,-2.79%,34.21K,+6.18%,33.22K,-2.91%,32.72K,-1.48%,29.53K,-9.77%,28.92K,-2.06%,36.15K,+25.01%,28.62K,-20.84%,28.83K,+0.75%
493,Ischemic heart disease,Haryana,Female,10.15K,,10.95K,+7.88%,10.44K,-4.65%,10.71K,+2.53%,10.02K,-6.40%,9.97K,-0.50%,9.00K,-9.76%,8.64K,-3.98%,10.45K,+20.97%,8.79K,-15.87%,8.97K,+1.95%
493,Ischemic heart disease,Himachal Pradesh,Male,7.01K,,6.45K,-7.98%,6.23K,-3.29%,6.56K,+5.24%,6.98K,+6.42%,7.31K,+4.73%,7.27K,-0.58%,6.99K,-3.86%,8.82K,+26.27%,9.08K,+2.84%,9.22K,+1.58%
493,Ischemic heart disease,Himachal Pradesh,Female,2.31K,,2.17K,-5.99%,2.06K,-5.10%,2.05K,-0.63%,2.07K,+0.92%,2.15K,+3.83%,2.13K,-0.96%,2.12K,-0.20%,2.75K,+29.35%,2.49K,-9.22%,2.45K,-1.70%
493,Ischemic heart disease,Jammu & Kashmir and Ladakh,Male,9.41K,,9.78K,+3.94%,10.41K,+6.51%,11.59K,+11.32%,11.98K,+3.33%,12.06K,+0.67%,11.48K,-4.80%,10.45K,-8.97%,11.70K,+11.95%,12.74K,+8.87%,12.82K,+0.66%
493,Ischemic heart disease,Jammu & Kashmir and Ladakh,Female,4.95K,,5.22K,+5.43%,5.46K,+4.55%,5.88K,+7.75%,5.97K,+1.39%,6.22K,+4.30%,6.14K,-1.24%,6.16K,+0.31%,8.14K,+32.15%,6.73K,-17.36%,6.82K,+1.30%
493,Ischemic heart disease,Jharkhand,Male,13.04K,,12.76K,-2.19%,10.94K,-14.28%,12.58K,+15.00%,12.41K,-1.36%,12.13K,-2.20%,11.37K,-6.29%,10.66K,-6.21%,14.91K,+39.85%,11.94K,-19.92%,12.07K,+1.10%
493,Ischemic heart disease,Jharkhand,Female,10.75K,,10.25K,-4.65%,10.33K,+0.78%,11.11K,+7.56%,10.66K,-4.08%,10.53K,-1.24%,9.79K,-6.98%,8.52K,-12.95%,9.27K,+8.73%,10.30K,+11.11%,10.22K,-0.78%
493,Ischemic heart disease,Karnataka,Male,83.45K,,83.61K,+0.18%,85.40K,+2.15%,91.19K,+6.77%,92.95K,+1.93%,90.60K,-2.53%,86.59K,-4.43%,93.13K,+7.55%,119.30K,+28.11%,92.45K,-22.51%,94.58K,+2.30%
493,Ischemic heart disease,Karnataka,Female,41.32K,,46.32K,+12.10%,48.96K,+5.70%,51.11K,+4.38%,49.99K,-2.19%,48.57K,-2.83%,45.20K,-6.95%,45.25K,+0.12%,55.06K,+21.68%,46.63K,-15.32%,47.80K,+2.51%
493,Ischemic heart disease,Kerala,Male,45.45K,,43.19K,-4.98%,41.45K,-4.02%,42.47K,+2.45%,41.99K,-1.11%,39.00K,-7.13%,34.72K,-10.97%,29.58K,-14.82%,34.53K,+16.74%,34.47K,-0.15%,35.01K,+1.55%
493,Ischemic heart disease,Kerala,Female,13.84K,,13.02K,-5.88%,13.06K,+0.32%,13.59K,+4.03%,13.63K,+0.33%,13.03K,-4.43%,11.74K,-9.87%,10.04K,-14.52%,10.58K,+5.39%,12.38K,+16.97%,12.98K,+4.92%
493,Ischemic heart disease,Madhya Pradesh,Male,61.31K,,61.74K,+0.71%,62.37K,+1.02%,66.57K,+6.73%,66.15K,-0.63%,65.00K,-1.74%,63.37K,-2.50%,62.22K,-1.82%,82.78K,+33.04%,68.02K,-17.83%,70.02K,+2.94%
493,Ischemic heart disease,Madhya Pradesh,Female,26.13K,,27.59K,+5.56%,27.56K,-0.10%,29.01K,+5.27%,28.88K,-0.45%,29.49K,+2.13%,29.15K,-1.18%,28.40K,-2.56%,36.53K,+28.62%,30.13K,-17.52%,30.83K,+2.35%
493,Ischemic heart disease,Maharashtra,Male,103.07K,,99.60K,-3.36%,93.17K,-6.46%,87.95K,-5.60%,84.42K,-4.01%,96.62K,+14.45%,71.60K,-25.89%,59.90K,-16.34%,76.29K,+27.36%,68.19K,-10.62%,71.62K,+5.02%
493,Ischemic heart disease,Maharashtra,Female,40.16K,,41.37K,+3.02%,39.07K,-5.57%,37.13K,-4.95%,33.75K,-9.11%,34.24K,+1.45%,26.65K,-22.16%,21.91K,-17.77%,27.43K,+25.17%,25.47K,-7.14%,26.57K,+4.32%
493,Ischemic heart disease,Manipur,Male,1.20K,,1.24K,+3.37%,1.30K,+4.88%,1.45K,+11.05%,1.52K,+4.98%,1.57K,+3.41%,1.54K,-2.05%,1.53K,-0.75%,2.36K,+54.74%,1.84K,-21.99%,1.94K,+5.46%
493,Ischemic heart disease,Manipur,Female,780.01,,861.21,+10.41%,920.02,+6.83%,991.89,+7.81%,1.02K,+2.44%,1.06K,+4.17%,1.04K,-1.81%,1.03K,-0.96%,1.55K,+50.56%,1.22K,-21.59%,1.28K,+5.10%
493,Ischemic heart disease,Meghalaya,Male,662.54,,661.36,-0.18%,669.54,+1.24%,753.78,+12.58%,797.76,+5.83%,823.94,+3.28%,806.96,-2.06%,811.77,+0.60%,1.34K,+65.54%,963.48,-28.30%,993.93,+3.16%
493,Ischemic heart disease,Meghalaya,Female,361.50,,378.06,+4.58%,386.54,+2.24%,441.62,+14.25%,475.01,+7.56%,506.14,+6.55%,501.98,-0.82%,506.96,+0.99%,805.02,+58.79%,591.88,-26.48%,616.60,+4.18%
493,Ischemic heart disease,Mizoram,Male,136.79,,133.57,-2.35%,141.96,+6.28%,172.85,+21.76%,181.67,+5.10%,183.47,+0.99%,177.20,-3.41%,179.90,+1.52%,257.69,+43.24%,215.11,-16.53%,221.93,+3.17%
493,Ischemic heart disease,Mizoram,Female,58.92,,60.65,+2.93%,64.36,+6.11%,76.79,+19.32%,78.98,+2.85%,79.44,+0.58%,75.35,-5.15%,78.86,+4.66%,111.10,+40.89%,85.25,-23.27%,85.97,+0.85%
493,Ischemic heart disease,Nagaland,Male,477.79,,470.59,-1.51%,469.25,-0.29%,493.52,+5.17%,501.65,+1.65%,500.74,-0.18%,475.98,-4.94%,473.72,-0.47%,751.18,+58.57%,534.45,-28.85%,550.23,+2.95%
493,Ischemic heart disease,Nagaland,Female,358.41,,381.48,+6.44%,391.19,+2.55%,406.71,+3.97%,411.99,+1.30%,421.03,+2.19%,407.58,-3.19%,406.66,-0.23%,606.83,+49.23%,450.48,-25.77%,467.14,+3.70%
493,Ischemic heart disease,Odisha,Male,17.82K,,17.18K,-3.57%,17.01K,-1.00%,19.10K,+12.27%,19.88K,+4.13%,19.92K,+0.20%,19.44K,-2.45%,18.87K,-2.89%,23.70K,+25.58%,21.66K,-8.63%,21.94K,+1.30%
493,Ischemic heart disease,Odisha,Female,9.30K,,9.83K,+5.70%,10.17K,+3.43%,11.49K,+13.03%,12.23K,+6.42%,12.80K,+4.63%,12.80K,-0.01%,12.42K,-2.97%,13.87K,+11.67%,14.22K,+2.56%,14.30K,+0.58%
493,Ischemic heart disease,Other Union Territories,Male,3.43K,,3.55K,+3.37%,3.67K,+3.49%,4.00K,+8.97%,4.16K,+3.94%,4.19K,+0.73%,4.11K,-1.90%,4.36K,+6.26%,5.74K,+31.43%,4.65K,-18.88%,4.78K,+2.71%
493,Ischemic heart disease,Other Union Territories,Female,1.46K,,1.62K,+10.63%,1.70K,+4.78%,1.83K,+7.78%,1.87K,+2.33%,1.91K,+2.15%,1.89K,-1.36%,2.06K,+9.43%,2.76K,+33.59%,2.16K,-21.76%,2.21K,+2.29%
493,Ischemic heart disease,Punjab,Male,54.66K,,55.13K,+0.86%,56.11K,+1.78%,62.43K,+11.26%,65.26K,+4.54%,65.86K,+0.92%,63.38K,-3.77%,64.78K,+2.21%,76.79K,+18.54%,68.22K,-11.15%,67.37K,-1.25%
493,Ischemic heart disease,Punjab,Female,24.72K,,26.59K,+7.55%,27.75K,+4.37%,31.22K,+12.50%,32.27K,+3.37%,33.61K,+4.16%,33.19K,-1.27%,33.71K,+1.57%,38.27K,+13.54%,36.07K,-5.75%,35.95K,-0.35%
493,Ischemic heart disease,Rajasthan,Male,49.48K,,52.58K,+6.26%,55.27K,+5.12%,60.33K,+9.16%,62.56K,+3.69%,62.33K,-0.38%,60.54K,-2.87%,57.93K,-4.31%,69.00K,+19.10%,67.07K,-2.79%,66.50K,-0.86%
493,Ischemic heart disease,Rajasthan,Female,15.64K,,17.63K,+12.74%,18.63K,+5.69%,19.79K,+6.24%,19.74K,-0.28%,19.75K,+0.09%,18.84K,-4.62%,17.34K,-7.96%,20.08K,+15.78%,19.70K,-1.91%,19.67K,-0.15%
493,Ischemic heart disease,Sikkim,Male,381.37,,385.02,+0.96%,382.44,-0.67%,393.69,+2.94%,379.03,-3.73%,350.79,-7.45%,309.23,-11.85%,279.73,-9.54%,350.19,+25.19%,358.86,+2.48%,368.49,+2.68%
493,Ischemic heart disease,Sikkim,Female,163.01,,168.48,+3.36%,163.42,-3.01%,160.58,-1.74%,151.05,-5.93%,142.48,-5.67%,128.93,-9.51%,127.41,-1.17%,172.27,+35.20%,154.40,-10.37%,156.45,+1.33%
493,Ischemic heart disease,Tamil Nadu,Male,132.03K,,130.46K,-1.19%,124.72K,-4.40%,125.36K,+0.52%,120.32K,-4.03%,111.34K,-7.46%,98.26K,-11.74%,96.85K,-1.44%,113.15K,+16.83%,92.85K,-17.94%,94.71K,+2.00%
493,Ischemic heart disease,Tamil Nadu,Female,54.38K,,55.56K,+2.16%,52.24K,-5.97%,50.34K,-3.63%,46.24K,-8.14%,41.31K,-10.66%,35.45K,-14.19%,33.92K,-4.30%,37.11K,+9.39%,32.38K,-12.74%,34.11K,+5.33%
493,Ischemic heart disease,Telangana,Male,71.83K,,72.59K,+1.07%,73.28K,+0.95%,79.76K,+8.84%,83.45K,+4.62%,85.31K,+2.23%,85.60K,+0.34%,85.32K,-0.33%,105.98K,+24.22%,90.02K,-15.06%,88.42K,-1.77%
493,Ischemic heart disease,Telangana,Female,43.31K,,45.51K,+5.08%,45.32K,-0.42%,48.02K,+5.97%,48.71K,+1.44%,48.18K,-1.10%,45.69K,-5.16%,41.84K,-8.42%,43.30K,+3.49%,47.39K,+9.44%,46.06K,-2.81%
493,Ischemic heart disease,Tripura,Male,2.44K,,2.14K,-12.46%,2.27K,+5.95%,2.78K,+22.73%,2.89K,+3.84%,2.84K,-1.77%,2.76K,-2.50%,2.77K,+0.27%,3.30K,+18.96%,3.26K,-1.05%,3.44K,+5.44%
493,Ischemic heart disease,Tripura,Female,1.32K,,1.14K,-14.02%,1.24K,+8.91%,1.60K,+28.78%,1.66K,+4.00%,1.63K,-1.80%,1.61K,-1.32%,1.61K,-0.06%,1.82K,+13.21%,1.87K,+2.66%,1.99K,+6.42%
493,Ischemic heart disease,Uttar Pradesh,Male,140.46K,,136.54K,-2.79%,128.84K,-5.64%,135.71K,+5.33%,125.76K,-7.33%,119.09K,-5.31%,105.78K,-11.18%,95.02K,-10.17%,121.79K,+28.17%,111.27K,-8.63%,112.48K,+1.09%
493,Ischemic heart disease,Uttar Pradesh,Female,66.23K,,73.41K,+10.84%,71.71K,-2.32%,75.39K,+5.13%,69.10K,-8.34%,67.50K,-2.31%,59.83K,-11.36%,50.44K,-15.69%,54.69K,+8.42%,64.02K,+17.06%,64.91K,+1.39%
493,Ischemic heart disease,Uttarakhand,Male,21.46K,,22.05K,+2.75%,22.75K,+3.17%,24.46K,+7.51%,24.38K,-0.32%,23.75K,-2.58%,21.36K,-10.09%,20.67K,-3.21%,24.69K,+19.45%,22.77K,-7.76%,22.60K,-0.75%
493,Ischemic heart disease,Uttarakhand,Female,8.01K,,8.87K,+10.71%,9.12K,+2.82%,9.66K,+6.01%,9.66K,-0.08%,9.67K,+0.11%,8.78K,-9.16%,8.23K,-6.24%,9.22K,+12.02%,9.19K,-0.31%,9.13K,-0.67%
493,Ischemic heart disease,West Bengal,Male,72.06K,,74.14K,+2.89%,71.88K,-3.05%,77.20K,+7.40%,78.71K,+1.95%,80.94K,+2.84%,78.93K,-2.49%,82.39K,+4.38%,107.62K,+30.62%,88.79K,-17.50%,94.65K,+6.60%
493,Ischemic heart disease,West Bengal,Female,41.60K,,45.98K,+10.53%,45.56K,-0.91%,47.80K,+4.90%,46.79K,-2.10%,46.46K,-0.71%,43.96K,-5.38%,45.01K,+2.38%,56.60K,+25.75%,48.25K,-14.74%,51.59K,+6.92%
494,Stroke,Andhra Pradesh,Male,15.48K,,14.78K,-4.52%,14.56K,-1.45%,15.32K,+5.20%,15.64K,+2.09%,14.76K,-5.62%,13.77K,-6.74%,13.69K,-0.56%,16.07K,+17.38%,13.00K,-19.10%,12.75K,-1.89%
494,Stroke,Andhra Pradesh,Female,11.75K,,12.60K,+7.27%,13.36K,+5.99%,14.26K,+6.72%,14.95K,+4.86%,15.26K,+2.05%,15.41K,+1.03%,15.15K,-1.71%,15.63K,+3.15%,14.72K,-5.77%,14.56K,-1.14%
494,Stroke,Arunachal Pradesh,Male,211.99,,207.85,-1.95%,211.80,+1.90%,227.29,+7.31%,236.08,+3.87%,234.06,-0.85%,226.08,-3.41%,224.98,-0.48%,273.79,+21.69%,231.95,-15.28%,252.06,+8.67%
494,Stroke,Arunachal Pradesh,Female,115.47,,119.28,+3.29%,122.42,+2.64%,127.10,+3.82%,128.78,+1.32%,129.40,+0.48%,127.02,-1.84%,128.35,+1.05%,155.29,+20.99%,133.26,-14.19%,147.17,+10.44%
494,Stroke,Assam,Male,15.06K,,14.43K,-4.21%,14.44K,+0.11%,15.47K,+7.08%,16.14K,+4.33%,16.32K,+1.15%,16.06K,-1.62%,15.84K,-1.38%,19.38K,+22.35%,16.56K,-14.51%,16.86K,+1.77%
494,Stroke,Assam,Female,8.88K,,9.39K,+5.75%,9.88K,+5.20%,10.58K,+7.07%,10.98K,+3.81%,11.21K,+2.08%,10.83K,-3.37%,10.08K,-6.93%,9.99K,-0.88%,11.62K,+16.32%,11.88K,+2.20%
494,Stroke,Bihar,Male,18.28K,,17.16K,-6.14%,16.54K,-3.63%,17.80K,+7.65%,18.01K,+1.13%,17.74K,-1.49%,17.03K,-4.01%,15.93K,-6.46%,19.51K,+22.53%,16.09K,-17.57%,16.47K,+2.40%
494,Stroke,Bihar,Female,14.90K,,16.32K,+9.56%,16.31K,-0.07%,17.38K,+6.52%,17.36K,-0.11%,17.81K,+2.61%,17.38K,-2.40%,16.23K,-6.66%,17.02K,+4.87%,17.16K,+0.83%,17.50K,+2.02%
494,Stroke,Chhattisgarh,Male,15.08K,,14.71K,-2.44%,15.02K,+2.15%,16.87K,+12.29%,17.76K,+5.26%,17.27K,-2.73%,16.93K,-1.99%,16.55K,-2.24%,21.52K,+30.00%,16.84K,-21.76%,16.55K,-1.69%
494,Stroke,Chhattisgarh,Female,10.36K,,10.95K,+5.70%,11.29K,+3.11%,12.40K,+9.85%,13.19K,+6.39%,13.71K,+3.93%,13.94K,+1.71%,13.27K,-4.87%,16.43K,+23.89%,14.12K,-14.08%,13.72K,-2.85%
494,Stroke,Delhi,Male,2.42K,,2.31K,-4.86%,2.22K,-3.78%,2.19K,-1.45%,2.05K,-6.00%,1.91K,-6.90%,1.74K,-8.81%,2.29K,+31.28%,2.70K,+17.84%,1.75K,-35.25%,1.75K,+0.33%
494,Stroke,Delhi,Female,1.45K,,1.48K,+2.26%,1.41K,-5.10%,1.40K,-0.43%,1.33K,-5.23%,1.28K,-3.52%,1.22K,-4.99%,1.60K,+31.46%,1.86K,+16.02%,1.33K,-28.49%,1.33K,+0.50%
494,Stroke,Goa,Male,485.12,,478.57,-1.35%,480.22,+0.34%,488.40,+1.70%,488.25,-0.03%,475.27,-2.66%,449.27,-5.47%,449.25,-0.00%,545.64,+21.46%,451.49,-17.25%,445.93,-1.23%
494,Stroke,Goa,Female,231.03,,239.05,+3.47%,243.62,+1.91%,240.55,-1.26%,236.30,-1.77%,235.11,-0.50%,228.23,-2.93%,227.21,-0.45%,261.94,+15.29%,238.59,-8.92%,240.04,+0.61%
494,Stroke,Gujarat,Male,14.07K,,15.04K,+6.93%,16.44K,+9.32%,18.45K,+12.23%,20.27K,+9.83%,21.00K,+3.59%,21.31K,+1.48%,23.42K,+9.89%,34.30K,+46.48%,22.87K,-33.31%,22.22K,-2.87%
494,Stroke,Gujarat,Female,9.75K,,11.06K,+13.36%,12.22K,+10.53%,13.45K,+10.01%,14.62K,+8.77%,15.41K,+5.39%,16.35K,+6.06%,17.97K,+9.92%,25.83K,+43.73%,16.94K,-34.42%,16.96K,+0.11%
494,Stroke,Haryana,Male,6.33K,,6.98K,+10.36%,7.75K,+11.06%,9.13K,+17.74%,10.02K,+9.77%,10.57K,+5.46%,10.47K,-0.90%,10.73K,+2.47%,12.61K,+17.46%,10.10K,-19.89%,9.71K,-3.85%
494,Stroke,Haryana,Female,3.85K,,4.56K,+18.60%,4.91K,+7.56%,5.51K,+12.19%,5.82K,+5.75%,6.20K,+6.42%,6.29K,+1.48%,6.58K,+4.72%,7.55K,+14.67%,6.24K,-17.37%,6.14K,-1.52%
494,Stroke,Himachal Pradesh,Male,1.00K,,902.85,-9.72%,872.54,-3.36%,910.18,+4.31%,976.56,+7.29%,1.01K,+3.87%,1.01K,-0.42%,975.20,-3.45%,1.16K,+18.85%,1.15K,-1.20%,1.15K,+0.40%
494,Stroke,Himachal Pradesh,Female,608.73,,556.29,-8.61%,520.66,-6.40%,507.52,-2.52%,515.90,+1.65%,534.39,+3.58%,539.24,+0.91%,551.04,+2.19%,697.59,+26.59%,611.56,-12.33%,603.35,-1.34%
494,Stroke,Jammu & Kashmir and Ladakh,Male,2.00K,,2.02K,+1.06%,2.12K,+5.17%,2.31K,+8.82%,2.41K,+4.37%,2.39K,-0.86%,2.26K,-5.47%,2.06K,-8.81%,2.18K,+5.81%,2.27K,+4.15%,2.25K,-0.77%
494,Stroke,Jammu & Kashmir and Ladakh,Female,1.06K,,1.08K,+2.27%,1.12K,+3.33%,1.18K,+5.67%,1.22K,+3.43%,1.27K,+4.21%,1.30K,+1.74%,1.35K,+3.96%,1.75K,+30.18%,1.37K,-22.15%,1.38K,+1.40%
494,Stroke,Jharkhand,Male,7.23K,,7.99K,+10.64%,7.82K,-2.13%,9.78K,+24.93%,10.83K,+10.76%,11.37K,+5.01%,11.50K,+1.16%,11.24K,-2.32%,14.58K,+29.76%,11.67K,-19.94%,11.62K,-0.44%
494,Stroke,Jharkhand,Female,7.66K,,7.80K,+1.86%,8.60K,+10.31%,9.68K,+12.51%,10.10K,+4.39%,10.47K,+3.60%,10.41K,-0.59%,9.71K,-6.69%,10.19K,+4.92%,11.30K,+10.90%,11.26K,-0.35%
494,Stroke,Karnataka,Male,18.32K,,17.98K,-1.83%,18.40K,+2.34%,19.65K,+6.75%,20.13K,+2.48%,19.46K,-3.34%,18.45K,-5.21%,19.67K,+6.64%,23.52K,+19.53%,17.62K,-25.08%,17.48K,-0.78%
494,Stroke,Karnataka,Female,12.18K,,13.28K,+9.08%,13.91K,+4.71%,14.32K,+3.00%,13.92K,-2.79%,13.41K,-3.66%,12.61K,-6.02%,12.69K,+0.67%,15.09K,+18.92%,12.25K,-18.83%,12.38K,+1.06%
494,Stroke,Kerala,Male,12.58K,,13.24K,+5.21%,14.23K,+7.48%,16.20K,+13.87%,17.87K,+10.26%,18.03K,+0.94%,17.26K,-4.28%,15.54K,-9.97%,17.62K,+13.40%,17.59K,-0.19%,17.22K,-2.10%
494,Stroke,Kerala,Female,6.97K,,6.97K,-0.01%,7.51K,+7.75%,8.36K,+11.24%,9.02K,+7.91%,9.15K,+1.45%,8.81K,-3.67%,7.96K,-9.73%,8.36K,+5.05%,9.72K,+16.33%,9.94K,+2.20%
494,Stroke,Madhya Pradesh,Male,18.31K,,17.96K,-1.91%,18.04K,+0.45%,19.02K,+5.43%,19.04K,+0.14%,18.26K,-4.09%,17.50K,-4.17%,17.09K,-2.32%,20.53K,+20.07%,16.93K,-17.53%,16.88K,-0.25%
494,Stroke,Madhya Pradesh,Female,13.79K,,14.06K,+1.91%,13.77K,-2.06%,14.11K,+2.50%,14.14K,+0.21%,14.18K,+0.28%,14.03K,-1.03%,13.88K,-1.07%,16.67K,+20.07%,13.63K,-18.26%,13.72K,+0.72%
494,Stroke,Maharashtra,Male,41.03K,,43.28K,+5.50%,44.50K,+2.80%,45.54K,+2.36%,47.92K,+5.21%,58.56K,+22.21%,45.73K,-21.91%,40.05K,-12.40%,49.06K,+22.49%,42.54K,-13.30%,42.90K,+0.84%
494,Stroke,Maharashtra,Female,20.68K,,23.23K,+12.32%,23.91K,+2.95%,24.67K,+3.18%,24.93K,+1.04%,27.35K,+9.69%,22.79K,-16.65%,19.99K,-12.29%,24.66K,+23.38%,22.40K,-9.17%,22.87K,+2.10%
494,Stroke,Manipur,Male,1.10K,,1.10K,-0.16%,1.13K,+3.05%,1.23K,+9.25%,1.29K,+4.57%,1.30K,+0.73%,1.26K,-3.31%,1.22K,-2.68%,1.76K,+44.17%,1.35K,-23.19%,1.40K,+3.24%
494,Stroke,Manipur,Female,542.82,,577.87,+6.46%,606.33,+4.92%,640.81,+5.69%,655.35,+2.27%,672.69,+2.65%,667.59,-0.76%,666.75,-0.13%,956.05,+43.39%,747.71,-21.79%,773.01,+3.38%
494,Stroke,Meghalaya,Male,434.98,,414.69,-4.67%,413.98,-0.17%,463.15,+11.88%,494.29,+6.72%,503.08,+1.78%,491.51,-2.30%,487.57,-0.80%,757.01,+55.26%,525.44,-30.59%,530.47,+0.96%
494,Stroke,Meghalaya,Female,249.32,,247.38,-0.78%,246.69,-0.28%,277.32,+12.42%,298.67,+7.70%,314.91,+5.44%,318.23,+1.05%,325.38,+2.25%,494.58,+52.00%,360.17,-27.18%,371.94,+3.27%
494,Stroke,Mizoram,Male,80.94,,74.74,-7.66%,77.94,+4.29%,94.86,+21.71%,100.96,+6.43%,100.35,-0.60%,96.11,-4.22%,95.91,-0.21%,128.06,+33.53%,104.91,-18.08%,104.99,+0.08%
494,Stroke,Mizoram,Female,31.64,,31.86,+0.71%,34.05,+6.88%,41.78,+22.68%,44.57,+6.68%,45.87,+2.90%,45.65,-0.48%,49.91,+9.34%,70.25,+40.76%,56.09,-20.16%,54.44,-2.95%
494,Stroke,Nagaland,Male,473.29,,458.36,-3.15%,457.80,-0.12%,479.65,+4.77%,490.56,+2.27%,485.01,-1.13%,459.11,-5.34%,449.81,-2.03%,669.82,+48.91%,475.76,-28.97%,484.89,+1.92%
494,Stroke,Nagaland,Female,194.00,,199.62,+2.89%,201.55,+0.97%,205.31,+1.87%,206.73,+0.69%,207.97,+0.60%,202.63,-2.57%,203.41,+0.38%,290.02,+42.58%,213.91,-26.24%,216.99,+1.44%
494,Stroke,Odisha,Male,17.24K,,16.22K,-5.90%,16.18K,-0.28%,18.25K,+12.83%,19.36K,+6.10%,19.30K,-0.32%,18.85K,-2.35%,18.46K,-2.07%,21.30K,+15.40%,19.36K,-9.11%,19.39K,+0.18%
494,Stroke,Odisha,Female,13.42K,,13.62K,+1.47%,13.88K,+1.91%,15.35K,+10.55%,16.37K,+6.71%,16.91K,+3.29%,17.10K,+1.09%,16.78K,-1.85%,17.95K,+6.98%,18.62K,+3.74%,18.73K,+0.58%
494,Stroke,Other Union Territories,Male,505.07,,508.22,+0.62%,521.63,+2.64%,563.72,+8.07%,586.80,+4.09%,585.64,-0.20%,572.90,-2.18%,614.55,+7.27%,754.45,+22.76%,597.83,-20.76%,595.99,-0.31%
494,Stroke,Other Union Territories,Female,382.98,,412.54,+7.72%,428.27,+3.81%,455.42,+6.34%,465.94,+2.31%,473.25,+1.57%,474.39,+0.24%,532.16,+12.18%,681.62,+28.09%,531.40,-22.04%,533.12,+0.32%
494,Stroke,Punjab,Male,5.20K,,5.10K,-1.91%,5.23K,+2.49%,5.81K,+11.09%,6.19K,+6.59%,6.23K,+0.58%,6.11K,-1.80%,6.31K,+3.18%,6.93K,+9.79%,6.13K,-11.47%,5.88K,-4.06%
494,Stroke,Punjab,Female,3.56K,,3.79K,+6.65%,3.98K,+4.90%,4.45K,+11.97%,4.73K,+6.22%,4.96K,+4.76%,5.15K,+3.90%,5.44K,+5.70%,5.95K,+9.23%,5.56K,-6.42%,5.49K,-1.32%
494,Stroke,Rajasthan,Male,9.66K,,10.05K,+4.03%,10.61K,+5.52%,11.65K,+9.85%,12.31K,+5.66%,12.17K,-1.13%,11.77K,-3.31%,11.38K,-3.31%,12.41K,+9.09%,11.77K,-5.20%,11.39K,-3.22%
494,Stroke,Rajasthan,Female,5.89K,,6.49K,+10.12%,6.84K,+5.40%,7.18K,+5.00%,7.23K,+0.67%,7.15K,-1.08%,6.95K,-2.81%,6.57K,-5.40%,7.11K,+8.24%,6.93K,-2.51%,6.91K,-0.29%
494,Stroke,Sikkim,Male,99.33,,97.67,-1.67%,96.64,-1.06%,99.05,+2.50%,96.27,-2.81%,88.42,-8.16%,77.42,-12.43%,70.44,-9.02%,82.01,+16.43%,82.90,+1.08%,83.40,+0.60%
494,Stroke,Sikkim,Female,51.87,,52.88,+1.95%,51.60,-2.43%,50.74,-1.66%,48.65,-4.13%,46.41,-4.59%,43.11,-7.12%,44.31,+2.79%,57.11,+28.89%,51.83,-9.24%,52.70,+1.67%
494,Stroke,Tamil Nadu,Male,20.49K,,21.51K,+4.96%,22.38K,+4.02%,24.60K,+9.93%,25.91K,+5.36%,25.81K,-0.42%,24.53K,-4.94%,24.73K,+0.80%,27.41K,+10.84%,21.79K,-20.49%,21.87K,+0.38%
494,Stroke,Tamil Nadu,Female,15.72K,,17.59K,+11.92%,18.43K,+4.75%,19.65K,+6.62%,19.87K,+1.13%,19.18K,-3.46%,17.93K,-6.55%,18.19K,+1.48%,19.95K,+9.65%,17.84K,-10.57%,18.63K,+4.40%
494,Stroke,Telangana,Male,13.75K,,13.36K,-2.87%,13.43K,+0.51%,14.35K,+6.87%,14.93K,+4.02%,14.93K,+0.03%,14.64K,-1.97%,14.46K,-1.22%,16.51K,+14.19%,13.65K,-17.32%,13.15K,-3.67%
494,Stroke,Telangana,Female,9.74K,,9.91K,+1.71%,9.87K,-0.37%,10.36K,+4.98%,10.57K,+1.99%,10.38K,-1.76%,9.94K,-4.26%,9.25K,-6.97%,9.14K,-1.20%,9.87K,+7.95%,9.58K,-2.94%
494,Stroke,Tripura,Male,1.99K,,1.65K,-17.23%,1.71K,+3.68%,2.08K,+21.63%,2.17K,+4.36%,2.07K,-4.34%,2.02K,-2.78%,2.00K,-0.95%,2.22K,+11.13%,2.12K,-4.31%,2.16K,+1.72%
494,Stroke,Tripura,Female,1.15K,,941.95,-18.34%,1.00K,+6.63%,1.27K,+26.44%,1.32K,+3.88%,1.27K,-4.04%,1.27K,+0.43%,1.28K,+1.08%,1.40K,+8.76%,1.41K,+0.92%,1.46K,+3.40%
494,Stroke,Uttar Pradesh,Male,46.73K,,49.63K,+6.21%,52.62K,+6.03%,60.02K,+14.05%,63.03K,+5.01%,63.56K,+0.85%,61.48K,-3.27%,58.82K,-4.34%,70.67K,+20.15%,63.65K,-9.93%,63.00K,-1.02%
494,Stroke,Uttar Pradesh,Female,37.27K,,45.24K,+21.39%,49.28K,+8.91%,55.06K,+11.75%,57.27K,+4.00%,59.31K,+3.57%,58.64K,-1.14%,54.55K,-6.97%,55.56K,+1.86%,65.36K,+17.63%,64.91K,-0.70%
494,Stroke,Uttarakhand,Male,3.62K,,3.62K,-0.09%,3.76K,+3.78%,4.01K,+6.63%,4.02K,+0.30%,3.81K,-5.14%,3.42K,-10.21%,3.35K,-2.15%,3.71K,+10.64%,3.33K,-10.13%,3.28K,-1.67%
494,Stroke,Uttarakhand,Female,2.07K,,2.24K,+7.87%,2.30K,+2.91%,2.41K,+4.92%,2.45K,+1.49%,2.41K,-1.67%,2.24K,-7.15%,2.12K,-5.32%,2.19K,+3.35%,2.24K,+2.29%,2.22K,-0.68%
494,Stroke,West Bengal,Male,53.56K,,52.26K,-2.43%,50.16K,-4.00%,52.10K,+3.85%,52.86K,+1.46%,52.71K,-0.28%,51.00K,-3.25%,53.10K,+4.14%,64.25K,+20.99%,51.08K,-20.50%,52.08K,+1.95%
494,Stroke,West Bengal,Female,33.41K,,35.27K,+5.55%,34.78K,-1.37%,35.46K,+1.96%,34.86K,-1.70%,33.90K,-2.76%,32.68K,-3.60%,34.25K,+4.80%,40.75K,+18.98%,34.18K,-16.13%,35.53K,+3.97%
498,Hypertensive heart disease,Andhra Pradesh,Male,3.55K,,3.51K,-0.93%,3.67K,+4.33%,4.00K,+9.18%,4.28K,+6.88%,4.21K,-1.65%,4.16K,-1.17%,4.33K,+4.05%,5.10K,+17.82%,4.22K,-17.22%,4.26K,+1.04%
498,Hypertensive heart disease,Andhra Pradesh,Female,2.80K,,3.06K,+9.34%,3.36K,+9.72%,3.58K,+6.56%,3.78K,+5.70%,3.86K,+2.10%,3.93K,+1.74%,4.24K,+7.79%,4.43K,+4.71%,4.50K,+1.42%,4.71K,+4.78%
498,Hypertensive heart disease,Arunachal Pradesh,Male,39.17,,39.24,+0.16%,41.33,+5.33%,45.19,+9.36%,47.97,+6.15%,48.34,+0.77%,48.31,-0.05%,50.24,+3.99%,62.23,+23.86%,54.92,-11.74%,59.93,+9.12%
498,Hypertensive heart disease,Arunachal Pradesh,Female,21.05,,22.94,+8.98%,25.16,+9.65%,27.30,+8.51%,28.87,+5.77%,30.02,+3.96%,31.36,+4.46%,33.76,+7.68%,42.28,+25.23%,38.76,-8.34%,43.95,+13.41%
498,Hypertensive heart disease,Assam,Male,1.26K,,1.20K,-4.19%,1.22K,+0.93%,1.29K,+5.92%,1.35K,+4.70%,1.36K,+0.89%,1.37K,+0.44%,1.39K,+1.81%,1.75K,+26.15%,1.55K,-11.91%,1.60K,+3.49%
498,Hypertensive heart disease,Assam,Female,748.29,,834.11,+11.47%,930.81,+11.59%,1.03K,+10.20%,1.11K,+8.38%,1.17K,+5.38%,1.21K,+2.98%,1.19K,-1.12%,1.25K,+5.10%,1.52K,+21.44%,1.62K,+6.46%
498,Hypertensive heart disease,Bihar,Male,5.31K,,5.15K,-3.00%,5.20K,+1.02%,5.66K,+8.93%,6.06K,+7.04%,6.12K,+0.89%,6.22K,+1.76%,6.30K,+1.29%,7.77K,+23.19%,6.51K,-16.17%,6.78K,+4.08%
498,Hypertensive heart disease,Bihar,Female,3.30K,,3.85K,+16.57%,4.21K,+9.46%,4.62K,+9.72%,5.06K,+9.55%,5.41K,+6.98%,5.79K,+6.90%,6.08K,+5.07%,6.37K,+4.81%,6.64K,+4.13%,6.98K,+5.24%
498,Hypertensive heart disease,Chhattisgarh,Male,1.53K,,1.56K,+1.67%,1.66K,+6.61%,1.88K,+13.58%,2.05K,+8.68%,2.04K,-0.33%,2.07K,+1.45%,2.14K,+3.30%,2.81K,+31.41%,2.24K,-20.14%,2.28K,+1.78%
498,Hypertensive heart disease,Chhattisgarh,Female,879.98,,985.69,+12.01%,1.10K,+11.78%,1.26K,+14.25%,1.40K,+11.46%,1.51K,+7.51%,1.63K,+7.85%,1.72K,+5.93%,2.22K,+28.90%,1.90K,-14.50%,1.97K,+3.91%
498,Hypertensive heart disease,Delhi,Male,587.71,,575.94,-2.00%,592.00,+2.79%,594.63,+0.44%,593.00,-0.27%,562.91,-5.07%,556.62,-1.12%,786.24,+41.25%,902.54,+14.79%,599.88,-33.53%,615.39,+2.59%
498,Hypertensive heart disease,Delhi,Female,368.75,,398.73,+8.13%,421.10,+5.61%,436.62,+3.68%,458.23,+4.95%,458.05,-0.04%,496.38,+8.37%,737.95,+48.67%,818.33,+10.89%,604.21,-26.17%,636.36,+5.32%
498,Hypertensive heart disease,Goa,Male,95.23,,95.68,+0.47%,98.97,+3.44%,102.66,+3.73%,104.78,+2.06%,103.40,-1.31%,101.04,-2.28%,105.13,+4.05%,130.65,+24.28%,107.89,-17.42%,107.27,-0.57%
498,Hypertensive heart disease,Goa,Female,46.71,,50.39,+7.88%,54.36,+7.88%,55.96,+2.95%,57.02,+1.90%,58.13,+1.95%,59.31,+2.03%,61.66,+3.96%,72.34,+17.31%,67.90,-6.13%,70.48,+3.81%
498,Hypertensive heart disease,Gujarat,Male,3.12K,,3.20K,+2.47%,3.42K,+6.93%,3.74K,+9.12%,4.00K,+7.02%,4.01K,+0.37%,4.06K,+1.30%,4.48K,+10.20%,6.44K,+43.84%,4.26K,-33.82%,4.36K,+2.32%
498,Hypertensive heart disease,Gujarat,Female,2.00K,,2.16K,+8.17%,2.32K,+7.21%,2.44K,+5.24%,2.55K,+4.45%,2.57K,+0.95%,2.70K,+4.79%,3.08K,+14.02%,4.46K,+44.86%,3.09K,-30.56%,3.34K,+7.99%
498,Hypertensive heart disease,Haryana,Male,1.28K,,1.33K,+3.88%,1.44K,+7.73%,1.60K,+11.55%,1.75K,+8.84%,1.78K,+2.05%,1.79K,+0.74%,1.94K,+8.06%,2.23K,+15.08%,1.76K,-21.16%,1.76K,+0.15%
498,Hypertensive heart disease,Haryana,Female,813.03,,901.10,+10.83%,944.62,+4.83%,981.63,+3.92%,1.03K,+4.56%,1.05K,+2.10%,1.10K,+5.17%,1.23K,+11.48%,1.38K,+12.64%,1.20K,-13.21%,1.26K,+4.50%
498,Hypertensive heart disease,Himachal Pradesh,Male,337.19,,308.87,-8.40%,306.39,-0.80%,322.55,+5.27%,355.86,+10.33%,375.81,+5.60%,387.73,+3.17%,390.17,+0.63%,468.92,+20.18%,478.72,+2.09%,500.57,+4.56%
498,Hypertensive heart disease,Himachal Pradesh,Female,213.09,,204.13,-4.20%,203.47,-0.32%,205.22,+0.86%,219.93,+7.17%,235.79,+7.21%,252.69,+7.17%,274.57,+8.66%,353.23,+28.65%,325.81,-7.76%,344.71,+5.80%
498,Hypertensive heart disease,Jammu & Kashmir and Ladakh,Male,515.98,,527.39,+2.21%,571.80,+8.42%,629.58,+10.10%,677.24,+7.57%,681.50,+0.63%,674.48,-1.03%,644.76,-4.41%,676.41,+4.91%,730.53,+8.00%,743.94,+1.84%
498,Hypertensive heart disease,Jammu & Kashmir and Ladakh,Female,312.80,,331.77,+6.06%,365.38,+10.13%,394.55,+7.98%,426.64,+8.13%,454.55,+6.54%,494.92,+8.88%,550.49,+11.23%,711.52,+29.25%,595.58,-16.30%,638.34,+7.18%
498,Hypertensive heart disease,Jharkhand,Male,1.32K,,1.37K,+3.61%,1.31K,-4.18%,1.56K,+18.71%,1.71K,+10.00%,1.75K,+2.18%,1.76K,+0.56%,1.80K,+2.31%,2.31K,+28.35%,1.86K,-19.38%,1.95K,+4.67%
498,Hypertensive heart disease,Jharkhand,Female,819.31,,826.32,+0.86%,947.02,+14.61%,1.06K,+12.36%,1.18K,+11.36%,1.26K,+6.05%,1.30K,+3.75%,1.34K,+2.76%,1.40K,+4.51%,1.55K,+10.78%,1.68K,+8.48%
498,Hypertensive heart disease,Karnataka,Male,3.10K,,3.07K,-1.04%,3.22K,+4.78%,3.48K,+8.11%,3.66K,+5.07%,3.62K,-0.98%,3.57K,-1.30%,4.00K,+12.03%,4.87K,+21.58%,3.78K,-22.31%,3.85K,+1.73%
498,Hypertensive heart disease,Karnataka,Female,2.23K,,2.47K,+10.96%,2.71K,+9.33%,2.86K,+5.71%,2.89K,+1.22%,2.89K,-0.06%,2.89K,-0.26%,3.13K,+8.55%,3.79K,+21.13%,3.30K,-12.90%,3.48K,+5.37%
498,Hypertensive heart disease,Kerala,Male,1.88K,,1.90K,+1.06%,1.97K,+3.98%,2.13K,+8.28%,2.27K,+6.11%,2.21K,-2.40%,2.10K,-5.17%,1.88K,-10.57%,2.14K,+13.93%,2.15K,+0.71%,2.17K,+0.82%
498,Hypertensive heart disease,Kerala,Female,1.51K,,1.48K,-1.74%,1.59K,+6.97%,1.71K,+7.76%,1.80K,+5.46%,1.80K,-0.50%,1.75K,-2.60%,1.62K,-7.48%,1.72K,+6.14%,2.05K,+19.05%,2.20K,+7.59%
498,Hypertensive heart disease,Madhya Pradesh,Male,3.46K,,3.46K,+0.00%,3.61K,+4.45%,3.88K,+7.22%,4.05K,+4.42%,3.97K,-1.98%,3.97K,+0.13%,4.15K,+4.47%,5.07K,+22.11%,4.19K,-17.31%,4.32K,+3.14%
498,Hypertensive heart disease,Madhya Pradesh,Female,2.07K,,2.22K,+7.44%,2.34K,+5.26%,2.49K,+6.23%,2.66K,+6.78%,2.76K,+3.91%,2.93K,+5.98%,3.20K,+9.24%,3.91K,+22.22%,3.30K,-15.61%,3.54K,+7.26%
498,Hypertensive heart disease,Maharashtra,Male,6.24K,,6.40K,+2.52%,6.52K,+1.89%,6.52K,-0.02%,6.79K,+4.17%,8.19K,+20.52%,6.48K,-20.81%,5.81K,-10.37%,7.13K,+22.77%,6.32K,-11.34%,6.60K,+4.35%
498,Hypertensive heart disease,Maharashtra,Female,3.54K,,3.90K,+10.17%,4.01K,+2.88%,4.02K,+0.23%,3.98K,-1.05%,4.27K,+7.32%,3.64K,-14.69%,3.35K,-7.96%,4.11K,+22.62%,3.89K,-5.23%,4.20K,+7.81%
498,Hypertensive heart disease,Manipur,Male,124.14,,125.95,+1.46%,133.80,+6.23%,148.88,+11.27%,160.35,+7.71%,164.28,+2.45%,165.75,+0.89%,169.53,+2.28%,247.99,+46.28%,194.07,-21.74%,202.96,+4.58%
498,Hypertensive heart disease,Manipur,Female,82.21,,91.72,+11.56%,102.74,+12.01%,113.24,+10.22%,122.13,+7.85%,129.54,+6.07%,138.31,+6.77%,148.88,+7.64%,221.89,+49.03%,180.98,-18.43%,193.92,+7.15%
498,Hypertensive heart disease,Meghalaya,Male,83.44,,81.93,-1.82%,84.76,+3.46%,95.40,+12.55%,103.14,+8.11%,105.40,+2.20%,105.90,+0.47%,109.37,+3.28%,172.25,+57.49%,122.63,-28.81%,126.56,+3.20%
498,Hypertensive heart disease,Meghalaya,Female,56.11,,59.39,+5.83%,63.17,+6.38%,72.33,+14.50%,79.80,+10.32%,85.08,+6.62%,90.30,+6.13%,98.12,+8.67%,155.10,+58.07%,118.35,-23.69%,128.35,+8.45%
498,Hypertensive heart disease,Mizoram,Male,24.38,,22.57,-7.43%,23.62,+4.65%,28.90,+22.37%,30.64,+5.99%,29.80,-2.73%,28.63,-3.91%,29.01,+1.34%,39.41,+35.84%,31.77,-19.39%,32.10,+1.04%
498,Hypertensive heart disease,Mizoram,Female,15.11,,15.88,+5.13%,17.27,+8.71%,20.75,+20.18%,21.70,+4.59%,21.51,-0.88%,21.44,-0.33%,23.76,+10.79%,33.79,+42.26%,26.38,-21.93%,26.83,+1.69%
498,Hypertensive heart disease,Nagaland,Male,47.14,,46.42,-1.52%,47.83,+3.03%,50.95,+6.53%,53.38,+4.78%,53.45,+0.12%,52.44,-1.89%,53.93,+2.86%,81.35,+50.83%,58.85,-27.66%,60.08,+2.10%
498,Hypertensive heart disease,Nagaland,Female,30.09,,32.32,+7.38%,34.68,+7.30%,36.68,+5.78%,38.61,+5.26%,40.10,+3.85%,41.71,+4.01%,45.00,+7.90%,66.43,+47.62%,52.24,-21.36%,55.40,+6.06%
498,Hypertensive heart disease,Odisha,Male,2.11K,,1.96K,-6.95%,1.95K,-0.61%,2.14K,+9.81%,2.25K,+5.03%,2.20K,-2.19%,2.16K,-2.01%,2.17K,+0.53%,2.55K,+17.65%,2.28K,-10.68%,2.37K,+4.19%
498,Hypertensive heart disease,Odisha,Female,1.18K,,1.23K,+3.93%,1.31K,+6.26%,1.45K,+10.99%,1.57K,+8.36%,1.63K,+3.39%,1.69K,+3.93%,1.76K,+4.25%,1.89K,+7.15%,1.99K,+5.27%,2.13K,+7.37%
498,Hypertensive heart disease,Other Union Territories,Male,148.12,,150.34,+1.50%,158.40,+5.36%,172.44,+8.86%,183.38,+6.35%,185.34,+1.07%,187.40,+1.11%,208.90,+11.47%,259.12,+24.04%,208.48,-19.54%,210.95,+1.18%
498,Hypertensive heart disease,Other Union Territories,Female,93.95,,104.38,+11.10%,114.67,+9.87%,125.09,+9.08%,132.90,+6.25%,138.52,+4.23%,147.12,+6.21%,174.94,+18.91%,228.51,+30.62%,183.64,-19.63%,190.07,+3.50%
498,Hypertensive heart disease,Punjab,Male,1.54K,,1.52K,-1.61%,1.60K,+5.25%,1.77K,+11.06%,1.95K,+9.76%,1.98K,+1.63%,2.03K,+2.51%,2.18K,+7.62%,2.38K,+9.19%,2.13K,-10.73%,2.11K,-1.02%
498,Hypertensive heart disease,Punjab,Female,1.15K,,1.26K,+10.04%,1.40K,+11.02%,1.59K,+13.17%,1.76K,+11.11%,1.88K,+6.66%,2.09K,+11.19%,2.35K,+12.49%,2.57K,+9.31%,2.46K,-4.35%,2.56K,+4.06%
498,Hypertensive heart disease,Rajasthan,Male,2.76K,,2.90K,+5.12%,3.16K,+8.87%,3.50K,+10.85%,3.80K,+8.76%,3.81K,+0.18%,3.83K,+0.45%,3.92K,+2.27%,4.28K,+9.39%,4.14K,-3.28%,4.18K,+0.94%
498,Hypertensive heart disease,Rajasthan,Female,1.77K,,2.01K,+13.43%,2.24K,+11.19%,2.41K,+7.91%,2.57K,+6.40%,2.62K,+1.94%,2.72K,+3.86%,2.83K,+4.05%,3.09K,+9.23%,3.12K,+0.75%,3.31K,+6.37%
498,Hypertensive heart disease,Sikkim,Male,25.03,,24.88,-0.59%,25.40,+2.07%,26.45,+4.13%,26.28,-0.64%,24.46,-6.90%,22.07,-9.77%,21.04,-4.69%,24.57,+16.79%,25.10,+2.16%,25.55,+1.79%
498,Hypertensive heart disease,Sikkim,Female,14.31,,15.05,+5.19%,15.57,+3.49%,15.71,+0.84%,15.47,-1.52%,14.97,-3.18%,14.50,-3.19%,15.87,+9.45%,20.79,+31.03%,19.12,-8.03%,19.77,+3.42%
498,Hypertensive heart disease,Tamil Nadu,Male,4.77K,,4.95K,+3.72%,5.17K,+4.52%,5.56K,+7.64%,5.83K,+4.69%,5.74K,-1.44%,5.46K,-4.98%,5.73K,+5.10%,6.44K,+12.32%,5.36K,-16.78%,5.52K,+3.00%
498,Hypertensive heart disease,Tamil Nadu,Female,3.20K,,3.57K,+11.68%,3.81K,+6.55%,3.98K,+4.57%,4.02K,+0.89%,3.88K,-3.38%,3.72K,-4.28%,3.88K,+4.50%,4.23K,+8.91%,3.91K,-7.52%,4.32K,+10.51%
498,Hypertensive heart disease,Telangana,Male,3.02K,,2.98K,-1.41%,3.07K,+3.22%,3.32K,+8.06%,3.57K,+7.46%,3.67K,+2.76%,3.74K,+1.97%,3.94K,+5.35%,4.61K,+17.03%,3.87K,-16.04%,3.89K,+0.33%
498,Hypertensive heart disease,Telangana,Female,2.13K,,2.25K,+5.36%,2.33K,+3.91%,2.50K,+7.09%,2.68K,+7.13%,2.76K,+2.95%,2.82K,+2.30%,2.86K,+1.61%,2.91K,+1.73%,3.25K,+11.51%,3.36K,+3.53%
498,Hypertensive heart disease,Tripura,Male,166.15,,142.99,-13.94%,154.90,+8.32%,189.81,+22.54%,203.76,+7.35%,197.87,-2.89%,200.88,+1.52%,207.89,+3.49%,233.70,+12.41%,228.79,-2.10%,234.59,+2.54%
498,Hypertensive heart disease,Tripura,Female,119.35,,104.87,-12.13%,120.22,+14.64%,153.99,+28.10%,166.25,+7.96%,163.27,-1.79%,175.15,+7.28%,188.66,+7.72%,209.47,+11.03%,221.12,+5.56%,233.63,+5.66%
498,Hypertensive heart disease,Uttar Pradesh,Male,9.73K,,9.37K,-3.75%,9.30K,-0.71%,9.61K,+3.27%,9.68K,+0.73%,9.08K,-6.13%,8.56K,-5.80%,8.32K,-2.79%,9.55K,+14.77%,8.80K,-7.77%,9.14K,+3.82%
498,Hypertensive heart disease,Uttar Pradesh,Female,5.55K,,6.14K,+10.64%,6.43K,+4.64%,6.57K,+2.20%,6.74K,+2.60%,6.57K,-2.57%,6.46K,-1.56%,6.40K,-0.99%,6.31K,-1.34%,7.63K,+20.86%,8.17K,+6.99%
498,Hypertensive heart disease,Uttarakhand,Male,692.08,,701.49,+1.36%,750.38,+6.97%,807.31,+7.59%,843.69,+4.51%,818.57,-2.98%,777.21,-5.05%,805.46,+3.63%,889.15,+10.39%,816.85,-8.13%,829.61,+1.56%
498,Hypertensive heart disease,Uttarakhand,Female,446.27,,496.15,+11.18%,538.99,+8.63%,575.80,+6.83%,623.07,+8.21%,636.68,+2.18%,645.98,+1.46%,673.89,+4.32%,706.21,+4.80%,737.66,+4.45%,782.30,+6.05%
498,Hypertensive heart disease,West Bengal,Male,3.68K,,3.68K,+0.07%,3.76K,+1.96%,4.00K,+6.45%,4.25K,+6.21%,4.33K,+1.89%,4.42K,+2.08%,4.88K,+10.58%,5.95K,+21.93%,4.87K,-18.13%,5.05K,+3.65%
498,Hypertensive heart disease,West Bengal,Female,2.53K,,2.83K,+11.94%,3.10K,+9.34%,3.29K,+6.44%,3.48K,+5.69%,3.52K,+1.15%,3.69K,+4.83%,4.24K,+14.85%,5.08K,+19.78%,4.49K,-11.68%,4.80K,+6.95%
499,Cardiomyopathy and myocarditis,Andhra Pradesh,Male,85.68,,90.26,+5.34%,78.97,-12.51%,90.99,+15.22%,98.31,+8.05%,86.07,-12.45%,112.45,+30.65%,83.17,-26.04%,84.80,+1.96%,82.49,-2.72%,94.77,+14.89%
499,Cardiomyopathy and myocarditis,Andhra Pradesh,Female,13.46,,16.26,+20.86%,10.46,-35.66%,13.26,+26.75%,14.61,+10.15%,10.40,-28.83%,21.56,+107.37%,7.94,-63.19%,2.78,-65.02%,9.18,+230.68%,14.30,+55.75%
499,Cardiomyopathy and myocarditis,Arunachal Pradesh,Male,1.98,,1.95,-1.20%,2.02,+3.45%,2.15,+6.32%,2.21,+2.71%,2.31,+4.62%,2.30,-0.33%,2.38,+3.27%,2.94,+23.71%,-1.15,-139.21%,2.75,-338.53%
499,Cardiomyopathy and myocarditis,Arunachal Pradesh,Female,0.39,,0.41,+5.47%,0.44,+6.67%,0.46,+6.46%,0.48,+3.67%,0.54,+11.55%,0.55,+2.42%,0.57,+3.34%,0.69,+21.33%,-0.78,-213.71%,0.66,-184.29%
499,Cardiomyopathy and myocarditis,Assam,Male,64.11,,59.43,-7.29%,55.06,-7.35%,58.24,+5.77%,59.04,+1.37%,62.16,+5.29%,61.60,-0.90%,62.53,+1.51%,79.63,+27.36%,70.76,-11.15%,73.26,+3.54%
499,Cardiomyopathy and myocarditis,Assam,Female,17.41,,18.27,+4.91%,18.24,-0.13%,20.56,+12.69%,21.80,+6.05%,24.97,+14.55%,25.20,+0.89%,24.20,-3.98%,24.37,+0.73%,29.57,+21.35%,30.37,+2.68%
499,Cardiomyopathy and myocarditis,Bihar,Male,288.66,,324.39,+12.38%,284.88,-12.18%,304.26,+6.80%,311.06,+2.23%,332.70,+6.96%,373.06,+12.13%,310.47,-16.78%,372.94,+20.12%,376.62,+0.99%,399.62,+6.11%
499,Cardiomyopathy and myocarditis,Bihar,Female,89.81,,122.17,+36.04%,110.57,-9.49%,119.27,+7.86%,123.47,+3.53%,140.41,+13.72%,164.20,+16.94%,130.33,-20.62%,125.55,-3.67%,166.04,+32.25%,173.76,+4.65%
499,Cardiomyopathy and myocarditis,Chhattisgarh,Male,75.44,,78.20,+3.67%,69.93,-10.58%,92.64,+32.48%,98.61,+6.45%,88.54,-10.21%,105.54,+19.20%,79.13,-25.03%,94.64,+19.61%,107.76,+13.87%,91.82,-14.79%
499,Cardiomyopathy and myocarditis,Chhattisgarh,Female,23.14,,26.37,+13.97%,22.94,-13.03%,33.28,+45.09%,36.51,+9.70%,33.77,-7.49%,44.47,+31.67%,29.10,-34.57%,30.53,+4.92%,44.57,+45.98%,34.84,-21.83%
499,Cardiomyopathy and myocarditis,Delhi,Male,55.81,,62.60,+12.17%,56.40,-9.90%,53.70,-4.79%,54.51,+1.50%,53.10,-2.58%,58.52,+10.20%,72.35,+23.64%,79.05,+9.25%,62.60,-20.81%,52.73,-15.76%
499,Cardiomyopathy and myocarditis,Delhi,Female,15.04,,18.53,+23.23%,16.46,-11.18%,15.87,-3.57%,16.97,+6.90%,17.18,+1.21%,20.44,+19.02%,25.80,+26.22%,25.72,-0.32%,22.98,-10.66%,18.52,-19.40%
499,Cardiomyopathy and myocarditis,Goa,Male,1.62,,1.52,-6.76%,1.38,-9.13%,1.70,+23.60%,1.44,-15.29%,1.57,+8.91%,1.45,-7.78%,1.49,+3.16%,1.83,+22.36%,1.63,-10.97%,1.20,-26.03%
499,Cardiomyopathy and myocarditis,Goa,Female,0.11,,0.07,-29.79%,0.03,-63.12%,0.10,+259.97%,0.03,-68.72%,0.07,+124.18%,0.05,-34.19%,0.03,-26.02%,0.02,-27.09%,0.08,+206.77%,-0.03,-139.80%
499,Cardiomyopathy and myocarditis,Gujarat,Male,122.09,,138.90,+13.76%,151.83,+9.31%,146.39,-3.58%,154.74,+5.70%,155.94,+0.78%,167.53,+7.43%,186.22,+11.16%,225.69,+21.20%,159.68,-29.25%,138.54,-13.23%
499,Cardiomyopathy and myocarditis,Gujarat,Female,26.72,,33.98,+27.16%,38.05,+12.00%,34.07,-10.46%,36.41,+6.85%,37.61,+3.31%,42.37,+12.64%,46.94,+10.81%,47.68,+1.58%,39.35,-17.47%,31.11,-20.93%
499,Cardiomyopathy and myocarditis,Haryana,Male,129.03,,153.45,+18.93%,146.02,-4.85%,154.84,+6.04%,172.20,+11.21%,174.79,+1.50%,197.13,+12.78%,201.40,+2.17%,216.62,+7.56%,195.19,-9.90%,165.00,-15.47%
499,Cardiomyopathy and myocarditis,Haryana,Female,33.69,,43.56,+29.28%,39.42,-9.50%,38.72,-1.79%,41.67,+7.62%,41.65,-0.03%,48.31,+15.99%,47.91,-0.83%,46.26,-3.45%,47.24,+2.13%,39.11,-17.21%
499,Cardiomyopathy and myocarditis,Himachal Pradesh,Male,16.94,,15.98,-5.71%,14.59,-8.65%,14.75,+1.09%,16.28,+10.35%,16.79,+3.13%,18.43,+9.76%,17.60,-4.47%,19.71,+11.98%,22.46,+13.96%,21.77,-3.10%
499,Cardiomyopathy and myocarditis,Himachal Pradesh,Female,3.93,,3.90,-0.81%,3.48,-10.83%,3.38,-2.84%,3.67,+8.65%,3.78,+3.13%,4.33,+14.49%,4.23,-2.37%,4.65,+9.92%,4.92,+5.85%,4.51,-8.39%
499,Cardiomyopathy and myocarditis,Jammu & Kashmir and Ladakh,Male,29.73,,31.42,+5.69%,32.77,+4.28%,35.06,+6.99%,37.25,+6.25%,37.95,+1.87%,39.27,+3.48%,36.17,-7.90%,36.37,+0.56%,41.76,+14.82%,40.84,-2.19%
499,Cardiomyopathy and myocarditis,Jammu & Kashmir and Ladakh,Female,6.18,,6.83,+10.57%,7.06,+3.32%,7.26,+2.78%,7.74,+6.64%,8.30,+7.33%,9.27,+11.61%,9.50,+2.53%,11.39,+19.89%,9.95,-12.64%,9.89,-0.58%
499,Cardiomyopathy and myocarditis,Jharkhand,Male,66.68,,80.75,+21.11%,67.96,-15.83%,87.91,+29.35%,91.97,+4.61%,96.02,+4.41%,109.22,+13.74%,87.76,-19.64%,110.94,+26.40%,112.94,+1.81%,114.11,+1.03%
499,Cardiomyopathy and myocarditis,Jharkhand,Female,21.15,,24.89,+17.68%,23.21,-6.74%,28.18,+21.41%,28.62,+1.55%,30.09,+5.13%,34.99,+16.30%,25.05,-28.42%,24.33,-2.84%,37.04,+52.21%,37.42,+1.02%
499,Cardiomyopathy and myocarditis,Karnataka,Male,90.26,,83.93,-7.02%,74.69,-11.01%,102.46,+37.18%,94.73,-7.54%,84.80,-10.48%,95.63,+12.77%,97.46,+1.92%,110.48,+13.36%,90.85,-17.77%,84.77,-6.70%
499,Cardiomyopathy and myocarditis,Karnataka,Female,20.45,,20.46,+0.02%,16.34,-20.11%,28.51,+74.47%,23.36,-18.08%,19.34,-17.19%,24.30,+25.61%,21.38,-12.02%,20.95,-1.98%,21.51,+2.67%,18.34,-14.76%
499,Cardiomyopathy and myocarditis,Kerala,Male,26.54,,22.95,-13.51%,19.60,-14.62%,29.75,+51.80%,22.51,-24.34%,22.24,-1.21%,17.74,-20.23%,15.74,-11.24%,19.23,+22.13%,20.85,+8.45%,14.12,-32.31%
499,Cardiomyopathy and myocarditis,Kerala,Female,0.44,,-0.86,-295.99%,-2.17,+150.92%,0.98,-145.27%,-1.58,-260.68%,-1.12,-29.12%,-1.99,+77.59%,-1.85,-7.13%,-1.37,-25.86%,-0.94,-31.31%,-3.65,+288.69%
499,Cardiomyopathy and myocarditis,Madhya Pradesh,Male,215.76,,236.75,+9.73%,235.09,-0.70%,243.96,+3.77%,252.61,+3.55%,250.51,-0.83%,275.60,+10.02%,246.70,-10.48%,279.54,+13.31%,281.82,+0.82%,237.37,-15.77%
499,Cardiomyopathy and myocarditis,Madhya Pradesh,Female,57.87,,70.47,+21.77%,69.71,-1.09%,72.28,+3.69%,77.64,+7.41%,81.90,+5.49%,96.12,+17.36%,83.89,-12.73%,86.44,+3.04%,98.56,+14.02%,77.19,-21.68%
499,Cardiomyopathy and myocarditis,Maharashtra,Male,187.10,,188.09,+0.53%,171.68,-8.72%,204.84,+19.31%,186.80,-8.81%,218.20,+16.81%,199.46,-8.59%,145.15,-27.23%,145.79,+0.44%,179.91,+23.40%,153.86,-14.48%
499,Cardiomyopathy and myocarditis,Maharashtra,Female,40.71,,44.26,+8.73%,38.66,-12.67%,50.75,+31.28%,38.85,-23.44%,38.57,-0.73%,39.35,+2.03%,25.36,-35.57%,20.97,-17.29%,35.75,+70.47%,27.10,-24.20%
499,Cardiomyopathy and myocarditis,Manipur,Male,4.77,,4.80,+0.61%,4.96,+3.25%,5.36,+8.20%,5.70,+6.31%,5.94,+4.25%,6.05,+1.88%,6.12,+1.09%,8.60,+40.52%,6.57,-23.57%,6.88,+4.74%
499,Cardiomyopathy and myocarditis,Manipur,Female,0.95,,1.03,+8.50%,1.10,+6.65%,1.19,+7.75%,1.28,+7.97%,1.40,+9.69%,1.49,+6.40%,1.52,+1.89%,2.03,+33.14%,1.60,-21.10%,1.69,+5.86%
499,Cardiomyopathy and myocarditis,Meghalaya,Male,4.48,,4.41,-1.55%,4.34,-1.61%,4.75,+9.49%,4.99,+4.90%,5.39,+8.03%,5.39,+0.03%,5.58,+3.55%,8.51,+52.40%,6.09,-28.41%,6.32,+3.74%
499,Cardiomyopathy and myocarditis,Meghalaya,Female,0.90,,0.93,+2.94%,0.90,-3.02%,1.02,+13.58%,1.12,+9.67%,1.34,+19.77%,1.40,+4.42%,1.48,+5.25%,2.13,+44.66%,1.60,-24.90%,1.67,+4.48%
499,Cardiomyopathy and myocarditis,Mizoram,Male,1.23,,1.14,-7.54%,1.14,-0.33%,1.34,+17.89%,1.38,+2.95%,1.40,+1.60%,1.43,+1.68%,1.43,-0.09%,1.88,+32.15%,1.48,-21.68%,1.53,+3.41%
499,Cardiomyopathy and myocarditis,Mizoram,Female,0.24,,0.23,-2.89%,0.23,+0.77%,0.28,+21.37%,0.30,+4.63%,0.33,+10.02%,0.34,+5.94%,0.36,+5.87%,0.47,+28.67%,0.35,-24.43%,0.35,-0.13%
499,Cardiomyopathy and myocarditis,Nagaland,Male,2.00,,1.91,-4.42%,1.90,-0.80%,1.95,+2.65%,1.97,+1.29%,2.08,+5.27%,2.03,-2.13%,2.11,+3.81%,3.07,+45.25%,2.18,-29.03%,2.18,+0.30%
499,Cardiomyopathy and myocarditis,Nagaland,Female,0.41,,0.42,+1.51%,0.43,+2.19%,0.44,+2.69%,0.45,+2.95%,0.52,+14.40%,0.53,+1.97%,0.56,+5.92%,0.75,+33.29%,0.56,-25.25%,0.57,+1.58%
499,Cardiomyopathy and myocarditis,Odisha,Male,74.63,,71.59,-4.07%,59.17,-17.36%,71.09,+20.16%,74.24,+4.42%,66.27,-10.73%,72.41,+9.26%,60.00,-17.14%,67.27,+12.12%,71.99,+7.01%,69.78,-3.07%
499,Cardiomyopathy and myocarditis,Odisha,Female,17.76,,18.87,+6.30%,14.53,-23.04%,19.61,+35.03%,21.53,+9.77%,19.27,-10.52%,23.53,+22.15%,16.98,-27.85%,15.68,-7.64%,23.61,+50.53%,21.94,-7.05%
499,Cardiomyopathy and myocarditis,Other Union Territories,Male,4.70,,5.39,+14.72%,4.94,-8.30%,5.33,+7.89%,5.81,+8.94%,5.52,-5.04%,6.13,+11.10%,6.46,+5.33%,7.13,+10.37%,6.84,-4.09%,5.54,-18.96%
499,Cardiomyopathy and myocarditis,Other Union Territories,Female,0.97,,1.31,+33.98%,1.15,-11.81%,1.27,+9.96%,1.44,+13.37%,1.34,-6.31%,1.62,+20.83%,1.71,+5.47%,1.72,+0.14%,1.87,+9.11%,1.28,-31.53%
499,Cardiomyopathy and myocarditis,Punjab,Male,125.10,,132.26,+5.73%,118.83,-10.15%,136.38,+14.76%,149.65,+9.74%,143.59,-4.05%,159.12,+10.82%,164.58,+3.43%,170.23,+3.44%,166.36,-2.27%,140.61,-15.48%
499,Cardiomyopathy and myocarditis,Punjab,Female,43.49,,51.45,+18.31%,47.58,-7.52%,56.44,+18.62%,63.06,+11.73%,62.19,-1.39%,73.96,+18.93%,76.90,+3.98%,74.38,-3.28%,80.86,+8.71%,68.28,-15.55%
499,Cardiomyopathy and myocarditis,Rajasthan,Male,240.21,,274.82,+14.41%,287.72,+4.69%,292.46,+1.65%,326.83,+11.75%,316.23,-3.24%,350.35,+10.79%,343.65,-1.91%,334.68,-2.61%,366.09,+9.38%,297.48,-18.74%
499,Cardiomyopathy and myocarditis,Rajasthan,Female,58.51,,74.24,+26.89%,79.27,+6.77%,78.31,-1.21%,87.91,+12.27%,86.33,-1.81%,99.52,+15.28%,96.36,-3.17%,86.90,-9.82%,100.56,+15.71%,78.67,-21.76%
499,Cardiomyopathy and myocarditis,Sikkim,Male,1.02,,1.04,+1.44%,1.03,-0.20%,0.99,-4.06%,0.96,-3.52%,0.94,-1.36%,0.84,-11.44%,0.81,-3.63%,0.91,+13.41%,0.87,-4.80%,0.96,+10.02%
499,Cardiomyopathy and myocarditis,Sikkim,Female,0.23,,0.25,+7.43%,0.25,+0.29%,0.23,-8.33%,0.23,-2.78%,0.24,+6.18%,0.22,-8.30%,0.24,+7.33%,0.28,+19.88%,0.24,-16.54%,0.27,+14.36%
499,Cardiomyopathy and myocarditis,Tamil Nadu,Male,70.05,,91.58,+30.72%,58.00,-36.66%,68.74,+18.51%,79.80,+16.09%,62.97,-21.09%,88.30,+40.22%,61.09,-30.81%,63.22,+3.48%,43.04,-31.93%,52.32,+21.56%
499,Cardiomyopathy and myocarditis,Tamil Nadu,Female,4.31,,11.79,+173.71%,-2.73,-123.17%,-0.43,-84.15%,2.42,-659.87%,-2.90,-219.73%,6.86,-336.25%,-3.74,-154.49%,-5.44,+45.75%,-7.62,+40.02%,-5.45,-28.49%
499,Cardiomyopathy and myocarditis,Telangana,Male,112.64,,101.96,-9.49%,86.14,-15.51%,124.94,+45.04%,122.26,-2.15%,117.52,-3.87%,154.61,+31.56%,119.58,-22.66%,112.96,-5.54%,133.89,+18.53%,113.77,-15.02%
499,Cardiomyopathy and myocarditis,Telangana,Female,30.14,,27.44,-8.96%,20.08,-26.80%,35.73,+77.88%,32.55,-8.89%,29.18,-10.37%,42.44,+45.46%,24.85,-41.45%,15.81,-36.35%,33.91,+114.39%,25.44,-24.95%
499,Cardiomyopathy and myocarditis,Tripura,Male,9.44,,8.29,-12.11%,7.96,-3.99%,9.70,+21.81%,9.77,+0.75%,10.09,+3.23%,11.16,+10.63%,11.02,-1.32%,12.13,+10.09%,11.73,-3.27%,12.32,+5.06%
499,Cardiomyopathy and myocarditis,Tripura,Female,2.39,,2.09,-12.49%,1.99,-4.85%,2.63,+32.22%,2.66,+1.38%,2.88,+8.09%,3.44,+19.56%,3.35,-2.58%,3.46,+3.25%,3.56,+2.73%,3.77,+6.04%
499,Cardiomyopathy and myocarditis,Uttar Pradesh,Male,743.48,,825.75,+11.06%,753.76,-8.72%,721.94,-4.22%,731.33,+1.30%,696.82,-4.72%,705.99,+1.32%,592.66,-16.05%,627.52,+5.88%,737.89,+17.59%,659.60,-10.61%
499,Cardiomyopathy and myocarditis,Uttar Pradesh,Female,210.72,,276.58,+31.26%,265.22,-4.11%,253.10,-4.57%,269.72,+6.57%,268.28,-0.54%,286.41,+6.76%,234.01,-18.29%,198.82,-15.04%,313.85,+57.86%,271.92,-13.36%
499,Cardiomyopathy and myocarditis,Uttarakhand,Male,35.26,,38.73,+9.84%,38.42,-0.80%,38.23,-0.50%,40.46,+5.83%,40.06,-0.99%,42.53,+6.18%,40.60,-4.55%,41.64,+2.56%,44.75,+7.47%,40.22,-10.12%
499,Cardiomyopathy and myocarditis,Uttarakhand,Female,9.96,,12.32,+23.69%,12.01,-2.54%,11.40,-5.05%,12.47,+9.31%,12.86,+3.19%,14.61,+13.55%,13.12,-10.14%,11.87,-9.53%,15.20,+28.01%,13.18,-13.30%
499,Cardiomyopathy and myocarditis,West Bengal,Male,210.55,,238.77,+13.40%,204.34,-14.42%,218.97,+7.16%,224.11,+2.35%,218.51,-2.50%,236.20,+8.10%,242.89,+2.83%,283.04,+16.53%,254.72,-10.00%,268.45,+5.39%
499,Cardiomyopathy and myocarditis,West Bengal,Female,47.72,,62.98,+31.99%,52.70,-16.32%,57.41,+8.93%,58.45,+1.82%,56.13,-3.98%,63.43,+13.01%,65.66,+3.53%,71.85,+9.42%,69.70,-2.99%,73.87,+5.98%
500,Atrial fibrillation and flutter,Andhra Pradesh,Male,55.89,,56.26,+0.65%,59.51,+5.79%,66.00,+10.91%,71.66,+8.57%,71.86,+0.27%,71.84,-0.03%,76.54,+6.55%,91.80,+19.94%,77.99,-15.05%,79.71,+2.21%
500,Atrial fibrillation and flutter,Andhra Pradesh,Female,43.95,,47.85,+8.87%,52.66,+10.06%,56.54,+7.37%,60.19,+6.46%,62.01,+3.02%,63.01,+1.62%,68.93,+9.40%,72.97,+5.85%,73.19,+0.30%,76.28,+4.23%
500,Atrial fibrillation and flutter,Arunachal Pradesh,Male,0.67,,0.68,+1.26%,0.72,+6.35%,0.80,+10.98%,0.86,+7.22%,0.88,+1.90%,0.89,+2.10%,0.95,+6.11%,1.20,+26.40%,1.13,-5.84%,1.20,+5.92%
500,Atrial fibrillation and flutter,Arunachal Pradesh,Female,0.29,,0.31,+7.19%,0.34,+8.37%,0.37,+7.43%,0.38,+3.76%,0.39,+2.46%,0.40,+3.70%,0.44,+8.15%,0.55,+25.57%,0.53,-2.83%,0.58,+8.56%
500,Atrial fibrillation and flutter,Assam,Male,17.63,,16.95,-3.88%,17.22,+1.62%,18.57,+7.84%,19.79,+6.56%,20.26,+2.36%,20.80,+2.69%,21.79,+4.76%,28.25,+29.62%,25.37,-10.20%,26.76,+5.49%
500,Atrial fibrillation and flutter,Assam,Female,10.56,,11.38,+7.77%,12.46,+9.47%,13.73,+10.14%,14.81,+7.89%,15.42,+4.12%,15.79,+2.39%,15.68,-0.66%,16.52,+5.31%,20.03,+21.29%,21.48,+7.20%
500,Atrial fibrillation and flutter,Bihar,Male,56.59,,54.60,-3.51%,55.83,+2.24%,61.21,+9.64%,65.75,+7.41%,66.96,+1.85%,69.15,+3.26%,71.84,+3.90%,90.03,+25.31%,76.57,-14.94%,80.52,+5.16%
500,Atrial fibrillation and flutter,Bihar,Female,42.34,,48.11,+13.62%,52.38,+8.86%,57.28,+9.35%,62.02,+8.28%,65.57,+5.73%,69.19,+5.52%,72.71,+5.09%,76.06,+4.61%,79.41,+4.40%,83.52,+5.17%
500,Atrial fibrillation and flutter,Chhattisgarh,Male,17.32,,17.62,+1.75%,19.15,+8.67%,22.10,+15.40%,24.39,+10.34%,24.79,+1.63%,25.67,+3.58%,27.72,+7.96%,37.53,+35.42%,29.98,-20.11%,31.37,+4.64%
500,Atrial fibrillation and flutter,Chhattisgarh,Female,11.91,,13.25,+11.25%,14.99,+13.13%,17.28,+15.34%,19.54,+13.07%,21.27,+8.85%,23.04,+8.31%,24.96,+8.32%,32.54,+30.36%,27.68,-14.93%,29.25,+5.68%
500,Atrial fibrillation and flutter,Delhi,Male,9.38,,9.40,+0.18%,10.05,+6.90%,10.61,+5.62%,10.99,+3.57%,10.88,-1.06%,11.20,+2.96%,16.76,+49.62%,19.89,+18.68%,13.21,-33.59%,14.05,+6.35%
500,Atrial fibrillation and flutter,Delhi,Female,5.42,,5.92,+9.31%,6.39,+7.97%,6.88,+7.52%,7.38,+7.36%,7.52,+1.89%,8.24,+9.58%,12.67,+53.71%,14.49,+14.39%,10.63,-26.66%,11.51,+8.28%
500,Atrial fibrillation and flutter,Goa,Male,1.75,,1.78,+1.83%,1.87,+5.15%,1.99,+6.48%,2.08,+4.28%,2.08,+0.24%,2.07,-0.70%,2.17,+5.01%,2.72,+25.33%,2.35,-13.57%,2.40,+2.32%
500,Atrial fibrillation and flutter,Goa,Female,0.85,,0.92,+8.51%,1.01,+9.38%,1.06,+5.05%,1.10,+3.69%,1.13,+3.41%,1.17,+3.22%,1.23,+5.46%,1.47,+18.84%,1.40,-4.70%,1.47,+5.32%
500,Atrial fibrillation and flutter,Gujarat,Male,41.02,,42.22,+2.93%,45.41,+7.54%,50.46,+11.13%,54.63,+8.25%,55.54,+1.67%,57.10,+2.81%,64.40,+12.78%,95.42,+48.17%,64.50,-32.40%,67.67,+4.91%
500,Atrial fibrillation and flutter,Gujarat,Female,27.07,,28.97,+7.01%,31.23,+7.80%,33.49,+7.23%,35.38,+5.66%,36.17,+2.22%,38.26,+5.79%,44.43,+16.12%,65.94,+48.42%,45.00,-31.74%,49.12,+9.13%
500,Atrial fibrillation and flutter,Haryana,Male,19.61,,20.66,+5.34%,22.91,+10.91%,26.42,+15.30%,29.38,+11.20%,30.92,+5.26%,32.19,+4.12%,36.44,+13.20%,43.48,+19.30%,35.08,-19.32%,36.11,+2.94%
500,Atrial fibrillation and flutter,Haryana,Female,12.06,,13.22,+9.68%,14.02,+6.02%,14.86,+6.04%,15.50,+4.30%,15.95,+2.87%,16.82,+5.46%,19.21,+14.24%,22.18,+15.46%,19.03,-14.22%,20.24,+6.36%
500,Atrial fibrillation and flutter,Himachal Pradesh,Male,6.06,,5.64,-7.00%,5.71,+1.22%,6.16,+8.02%,6.94,+12.67%,7.50,+8.05%,7.93,+5.65%,8.17,+3.07%,10.08,+23.44%,10.33,+2.40%,10.96,+6.11%
500,Atrial fibrillation and flutter,Himachal Pradesh,Female,2.97,,2.83,-4.68%,2.84,+0.29%,2.89,+1.88%,3.12,+7.89%,3.40,+8.90%,3.68,+8.32%,4.08,+10.92%,5.41,+32.54%,4.95,-8.54%,5.28,+6.78%
500,Atrial fibrillation and flutter,Jammu & Kashmir and Ladakh,Male,8.11,,8.41,+3.72%,9.29,+10.42%,10.44,+12.33%,11.45,+9.70%,11.81,+3.18%,12.11,+2.52%,12.04,-0.56%,13.22,+9.75%,14.31,+8.24%,14.91,+4.25%
500,Atrial fibrillation and flutter,Jammu & Kashmir and Ladakh,Female,4.13,,4.35,+5.49%,4.81,+10.39%,5.26,+9.45%,5.75,+9.26%,6.20,+7.88%,6.85,+10.45%,7.77,+13.48%,10.27,+32.21%,8.51,-17.14%,9.18,+7.84%
500,Atrial fibrillation and flutter,Jharkhand,Male,15.37,,16.18,+5.24%,16.18,-0.01%,20.11,+24.31%,23.13,+15.00%,24.46,+5.75%,25.61,+4.70%,27.29,+6.59%,35.95,+31.73%,29.26,-18.60%,31.33,+7.08%
500,Atrial fibrillation and flutter,Jharkhand,Female,10.68,,10.49,-1.74%,11.94,+13.78%,13.43,+12.49%,14.96,+11.40%,15.90,+6.28%,16.51,+3.82%,17.21,+4.24%,18.20,+5.72%,20.13,+10.62%,21.76,+8.11%
500,Atrial fibrillation and flutter,Karnataka,Male,42.33,,42.12,-0.48%,44.39,+5.37%,48.25,+8.71%,51.14,+5.99%,51.46,+0.62%,51.81,+0.68%,59.48,+14.80%,73.79,+24.08%,58.35,-20.92%,60.63,+3.90%
500,Atrial fibrillation and flutter,Karnataka,Female,33.67,,37.32,+10.86%,40.97,+9.75%,43.45,+6.07%,44.08,+1.45%,44.43,+0.79%,44.40,-0.06%,48.49,+9.21%,58.89,+21.45%,51.24,-13.00%,54.43,+6.23%
500,Atrial fibrillation and flutter,Kerala,Male,37.76,,38.30,+1.43%,40.09,+4.68%,44.04,+9.85%,47.62,+8.12%,47.32,-0.62%,45.78,-3.25%,41.59,-9.16%,48.64,+16.95%,49.73,+2.24%,50.97,+2.50%
500,Atrial fibrillation and flutter,Kerala,Female,23.96,,23.66,-1.26%,25.67,+8.52%,28.17,+9.70%,30.40,+7.92%,30.85,+1.47%,30.43,-1.34%,28.57,-6.11%,31.21,+9.22%,36.77,+17.81%,40.20,+9.35%
500,Atrial fibrillation and flutter,Madhya Pradesh,Male,38.14,,38.08,-0.14%,39.84,+4.61%,43.23,+8.50%,45.60,+5.50%,45.51,-0.20%,46.42,+2.00%,50.16,+8.06%,62.80,+25.19%,52.61,-16.23%,56.15,+6.75%
500,Atrial fibrillation and flutter,Madhya Pradesh,Female,24.91,,26.34,+5.75%,27.60,+4.77%,29.31,+6.22%,31.21,+6.48%,32.23,+3.24%,33.84,+5.00%,37.45,+10.67%,45.85,+22.43%,38.87,-15.21%,42.47,+9.25%
500,Atrial fibrillation and flutter,Maharashtra,Male,80.99,,84.03,+3.75%,85.45,+1.69%,85.27,-0.20%,89.64,+5.12%,109.98,+22.69%,88.30,-19.71%,81.44,-7.77%,103.06,+26.55%,92.28,-10.46%,99.75,+8.10%
500,Atrial fibrillation and flutter,Maharashtra,Female,45.86,,50.46,+10.02%,51.54,+2.14%,51.88,+0.67%,52.73,+1.63%,57.82,+9.64%,49.40,-14.56%,46.24,-6.40%,58.18,+25.83%,54.26,-6.74%,59.30,+9.29%
500,Atrial fibrillation and flutter,Manipur,Male,2.01,,2.07,+2.65%,2.21,+7.15%,2.50,+12.78%,2.71,+8.51%,2.81,+3.80%,2.91,+3.48%,3.04,+4.46%,4.56,+49.83%,3.65,-19.95%,3.87,+6.22%
500,Atrial fibrillation and flutter,Manipur,Female,1.10,,1.21,+9.41%,1.33,+10.29%,1.46,+9.50%,1.55,+6.44%,1.64,+5.67%,1.75,+7.09%,1.90,+8.41%,2.83,+49.09%,2.35,-17.21%,2.54,+8.41%
500,Atrial fibrillation and flutter,Meghalaya,Male,1.52,,1.52,-0.12%,1.58,+4.42%,1.80,+13.69%,1.95,+8.54%,2.01,+2.84%,2.05,+2.13%,2.16,+5.22%,3.51,+62.62%,2.55,-27.28%,2.69,+5.18%
500,Atrial fibrillation and flutter,Meghalaya,Female,0.74,,0.78,+4.90%,0.83,+6.30%,0.95,+14.86%,1.04,+9.76%,1.11,+5.93%,1.17,+5.78%,1.28,+9.30%,2.02,+57.62%,1.56,-22.49%,1.71,+9.51%
500,Atrial fibrillation and flutter,Mizoram,Male,0.45,,0.42,-4.99%,0.44,+4.51%,0.53,+19.85%,0.55,+4.18%,0.54,-2.33%,0.53,-2.21%,0.54,+2.72%,0.75,+38.27%,0.62,-17.26%,0.64,+3.33%
500,Atrial fibrillation and flutter,Mizoram,Female,0.22,,0.23,+4.03%,0.24,+7.25%,0.29,+19.81%,0.30,+3.09%,0.30,-1.61%,0.29,-0.79%,0.33,+10.73%,0.46,+42.20%,0.37,-20.45%,0.38,+3.21%
500,Atrial fibrillation and flutter,Nagaland,Male,0.87,,0.85,-1.80%,0.88,+3.02%,0.94,+7.61%,1.00,+5.39%,1.00,+0.63%,1.00,-0.19%,1.05,+4.61%,1.62,+55.14%,1.20,-25.99%,1.25,+4.08%
500,Atrial fibrillation and flutter,Nagaland,Female,0.41,,0.43,+6.10%,0.46,+6.82%,0.49,+6.18%,0.52,+4.78%,0.53,+3.56%,0.56,+4.12%,0.60,+8.27%,0.89,+47.18%,0.71,-19.47%,0.76,+6.71%
500,Atrial fibrillation and flutter,Odisha,Male,25.38,,23.51,-7.37%,23.54,+0.15%,25.94,+10.16%,27.31,+5.28%,27.11,-0.73%,27.08,-0.09%,27.97,+3.30%,33.52,+19.83%,30.57,-8.79%,32.48,+6.23%
500,Atrial fibrillation and flutter,Odisha,Female,16.40,,16.60,+1.18%,17.46,+5.21%,19.23,+10.11%,20.67,+7.49%,21.41,+3.57%,22.30,+4.16%,23.54,+5.56%,25.45,+8.12%,26.93,+5.84%,29.27,+8.68%
500,Atrial fibrillation and flutter,Other Union Territories,Male,2.18,,2.25,+3.05%,2.42,+7.98%,2.71,+11.86%,2.96,+9.13%,3.08,+3.98%,3.20,+4.03%,3.68,+14.83%,4.65,+26.57%,3.84,-17.45%,3.97,+3.33%
500,Atrial fibrillation and flutter,Other Union Territories,Female,1.42,,1.58,+11.28%,1.76,+11.32%,1.96,+11.52%,2.11,+7.95%,2.23,+5.51%,2.39,+7.29%,2.89,+20.57%,3.79,+31.28%,3.09,-18.36%,3.26,+5.40%
500,Atrial fibrillation and flutter,Punjab,Male,27.03,,27.21,+0.69%,29.51,+8.46%,33.52,+13.56%,37.34,+11.40%,38.77,+3.85%,40.39,+4.18%,44.33,+9.75%,49.19,+10.96%,45.20,-8.11%,45.47,+0.59%
500,Atrial fibrillation and flutter,Punjab,Female,18.97,,20.74,+9.32%,23.18,+11.77%,26.49,+14.24%,29.63,+11.88%,31.98,+7.93%,35.67,+11.55%,40.64,+13.92%,45.19,+11.21%,43.03,-4.77%,45.43,+5.56%
500,Atrial fibrillation and flutter,Rajasthan,Male,36.54,,38.48,+5.29%,41.99,+9.13%,47.42,+12.92%,52.29,+10.26%,53.56,+2.43%,54.78,+2.28%,57.85,+5.61%,65.13,+12.60%,63.73,-2.16%,65.73,+3.14%
500,Atrial fibrillation and flutter,Rajasthan,Female,22.67,,25.29,+11.56%,28.01,+10.76%,30.34,+8.30%,31.99,+5.45%,32.72,+2.28%,33.67,+2.90%,35.49,+5.40%,39.14,+10.29%,39.56,+1.06%,42.60,+7.70%
500,Atrial fibrillation and flutter,Sikkim,Male,0.44,,0.45,+1.65%,0.47,+4.74%,0.51,+7.25%,0.52,+1.45%,0.49,-5.45%,0.45,-7.56%,0.44,-3.20%,0.52,+19.48%,0.55,+5.04%,0.56,+2.99%
500,Atrial fibrillation and flutter,Sikkim,Female,0.23,,0.25,+5.71%,0.26,+4.78%,0.26,+2.97%,0.26,-0.24%,0.26,-2.57%,0.25,-2.54%,0.28,+9.79%,0.36,+32.07%,0.34,-6.52%,0.36,+4.70%
500,Atrial fibrillation and flutter,Tamil Nadu,Male,69.01,,73.01,+5.80%,78.19,+7.08%,85.23,+9.01%,90.53,+6.22%,91.46,+1.03%,88.56,-3.17%,95.42,+7.74%,109.57,+14.83%,94.16,-14.06%,99.22,+5.38%
500,Atrial fibrillation and flutter,Tamil Nadu,Female,47.47,,52.63,+10.88%,56.34,+7.05%,59.34,+5.32%,60.27,+1.56%,59.02,-2.08%,56.60,-4.10%,59.82,+5.70%,65.99,+10.32%,61.71,-6.49%,68.92,+11.68%
500,Atrial fibrillation and flutter,Telangana,Male,40.96,,41.18,+0.55%,43.01,+4.43%,46.91,+9.08%,51.60,+9.98%,54.56,+5.75%,56.80,+4.10%,61.90,+8.97%,74.39,+20.19%,63.37,-14.82%,64.91,+2.44%
500,Atrial fibrillation and flutter,Telangana,Female,32.60,,34.37,+5.43%,36.06,+4.91%,39.00,+8.15%,42.56,+9.12%,44.48,+4.51%,45.51,+2.32%,47.24,+3.81%,48.84,+3.39%,54.31,+11.19%,56.42,+3.89%
500,Atrial fibrillation and flutter,Tripura,Male,2.78,,2.44,-12.50%,2.65,+8.67%,3.21,+21.32%,3.43,+6.78%,3.36,-1.92%,3.47,+3.17%,3.64,+4.92%,4.17,+14.64%,4.18,+0.21%,4.34,+3.75%
500,Atrial fibrillation and flutter,Tripura,Female,1.65,,1.43,-13.57%,1.60,+12.14%,2.00,+25.02%,2.12,+5.66%,2.06,-2.46%,2.21,+6.90%,2.38,+8.09%,2.67,+12.08%,2.85,+6.59%,3.04,+6.58%
500,Atrial fibrillation and flutter,Uttar Pradesh,Male,102.61,,98.36,-4.14%,98.58,+0.22%,103.50,+4.99%,105.38,+1.82%,100.32,-4.81%,96.60,-3.70%,97.23,+0.65%,115.13,+18.41%,106.74,-7.29%,113.30,+6.15%
500,Atrial fibrillation and flutter,Uttar Pradesh,Female,66.01,,71.70,+8.61%,74.54,+3.96%,76.11,+2.11%,77.54,+1.88%,74.99,-3.30%,73.83,-1.55%,74.26,+0.58%,74.35,+0.13%,87.77,+18.04%,95.09,+8.34%
500,Atrial fibrillation and flutter,Uttarakhand,Male,10.95,,11.22,+2.43%,12.17,+8.46%,13.34,+9.67%,14.18,+6.25%,14.08,-0.64%,13.75,-2.39%,14.68,+6.80%,16.71,+13.81%,15.55,-6.92%,16.09,+3.44%
500,Atrial fibrillation and flutter,Uttarakhand,Female,6.76,,7.53,+11.39%,8.25,+9.65%,8.94,+8.38%,9.75,+9.00%,10.07,+3.31%,10.30,+2.26%,10.96,+6.44%,11.66,+6.37%,12.20,+4.67%,12.96,+6.24%
500,Atrial fibrillation and flutter,West Bengal,Male,60.41,,61.53,+1.86%,63.90,+3.84%,68.96,+7.92%,74.51,+8.06%,77.77,+4.37%,81.41,+4.68%,92.62,+13.77%,115.37,+24.57%,96.20,-16.62%,101.53,+5.54%
500,Atrial fibrillation and flutter,West Bengal,Female,37.02,,40.94,+10.57%,44.82,+9.48%,47.89,+6.86%,50.95,+6.40%,51.94,+1.95%,54.77,+5.44%,63.52,+15.98%,76.32,+20.15%,67.81,-11.15%,73.39,+8.22%
501,Aortic aneurysm,Andhra Pradesh,Male,127.61,,130.15,+1.99%,140.37,+7.86%,157.22,+12.00%,172.16,+9.50%,174.65,+1.45%,177.33,+1.53%,191.91,+8.22%,234.05,+21.96%,198.76,-15.08%,206.74,+4.02%
501,Aortic aneurysm,Andhra Pradesh,Female,38.15,,41.20,+8.00%,44.91,+9.01%,47.58,+5.93%,50.01,+5.10%,50.88,+1.74%,51.52,+1.26%,55.88,+8.46%,58.85,+5.31%,59.77,+1.56%,62.59,+4.73%
501,Aortic aneurysm,Arunachal Pradesh,Male,1.07,,1.11,+3.34%,1.20,+8.41%,1.34,+12.00%,1.45,+7.90%,1.49,+2.94%,1.54,+3.40%,1.66,+7.64%,2.14,+28.92%,2.01,-6.04%,2.16,+7.49%
501,Aortic aneurysm,Arunachal Pradesh,Female,0.29,,0.32,+7.49%,0.34,+7.97%,0.36,+6.47%,0.38,+3.25%,0.38,+2.00%,0.40,+3.31%,0.43,+7.46%,0.54,+25.76%,0.51,-3.92%,0.56,+8.21%
501,Aortic aneurysm,Assam,Male,26.44,,25.90,-2.05%,26.70,+3.09%,28.93,+8.35%,30.88,+6.75%,31.76,+2.83%,32.71,+2.99%,34.48,+5.43%,45.56,+32.12%,40.76,-10.52%,43.79,+7.43%
501,Aortic aneurysm,Assam,Female,7.75,,8.30,+7.11%,8.98,+8.17%,9.69,+7.89%,10.31,+6.40%,10.62,+3.00%,10.79,+1.61%,10.62,-1.54%,11.18,+5.24%,13.53,+20.98%,14.60,+7.93%
501,Aortic aneurysm,Bihar,Male,84.89,,82.52,-2.79%,84.74,+2.69%,92.45,+9.10%,98.89,+6.97%,100.76,+1.89%,104.78,+3.99%,109.82,+4.81%,140.30,+27.75%,119.70,-14.68%,128.64,+7.47%
501,Aortic aneurysm,Bihar,Female,35.44,,39.32,+10.96%,41.82,+6.35%,44.45,+6.31%,47.32,+6.45%,49.32,+4.23%,51.66,+4.74%,54.04,+4.60%,56.31,+4.21%,58.18,+3.33%,61.90,+6.39%
501,Aortic aneurysm,Chhattisgarh,Male,31.80,,32.59,+2.50%,35.70,+9.54%,41.13,+15.21%,45.30,+10.11%,46.11,+1.79%,47.95,+3.99%,52.33,+9.15%,71.86,+37.31%,57.40,-20.12%,61.15,+6.54%
501,Aortic aneurysm,Chhattisgarh,Female,8.11,,9.00,+11.01%,10.12,+12.40%,11.53,+13.87%,12.90,+11.94%,13.95,+8.14%,15.12,+8.35%,16.30,+7.81%,21.23,+30.27%,18.26,-13.96%,19.42,+6.34%
501,Aortic aneurysm,Delhi,Male,29.32,,29.57,+0.87%,31.81,+7.55%,33.46,+5.21%,34.37,+2.72%,33.82,-1.62%,34.68,+2.56%,51.05,+47.18%,60.86,+19.23%,41.15,-32.39%,44.28,+7.62%
501,Aortic aneurysm,Delhi,Female,4.38,,4.68,+7.00%,5.00,+6.77%,5.27,+5.48%,5.56,+5.46%,5.61,+0.85%,6.10,+8.75%,9.27,+52.05%,10.46,+12.81%,7.78,-25.62%,8.42,+8.19%
501,Aortic aneurysm,Goa,Male,3.42,,3.47,+1.55%,3.63,+4.75%,3.84,+5.69%,3.97,+3.38%,3.96,-0.21%,3.93,-0.79%,4.16,+5.80%,5.29,+27.09%,4.47,-15.46%,4.61,+3.25%
501,Aortic aneurysm,Goa,Female,0.64,,0.69,+6.61%,0.73,+7.15%,0.75,+2.52%,0.77,+1.58%,0.78,+1.50%,0.79,+1.88%,0.82,+4.18%,0.97,+17.74%,0.92,-5.31%,0.97,+5.53%
501,Aortic aneurysm,Gujarat,Male,100.24,,103.91,+3.66%,112.41,+8.18%,124.80,+11.02%,133.96,+7.34%,136.04,+1.56%,141.00,+3.64%,159.73,+13.28%,243.20,+52.26%,160.90,-33.84%,171.10,+6.34%
501,Aortic aneurysm,Gujarat,Female,18.77,,20.05,+6.84%,21.40,+6.73%,22.65,+5.86%,23.67,+4.48%,23.92,+1.05%,25.24,+5.53%,29.04,+15.07%,43.20,+48.75%,29.90,-30.79%,33.14,+10.85%
501,Aortic aneurysm,Haryana,Male,38.60,,41.36,+7.16%,46.40,+12.17%,53.55,+15.40%,59.57,+11.26%,63.16,+6.02%,66.34,+5.03%,75.72,+14.14%,92.01,+21.52%,74.35,-19.20%,78.01,+4.92%
501,Aortic aneurysm,Haryana,Female,8.59,,9.29,+8.07%,9.68,+4.19%,9.97,+3.08%,10.21,+2.36%,10.35,+1.43%,10.82,+4.51%,12.20,+12.73%,13.95,+14.39%,12.13,-13.06%,13.03,+7.41%
501,Aortic aneurysm,Himachal Pradesh,Male,15.21,,14.27,-6.23%,14.56,+2.07%,15.78,+8.39%,17.82,+12.92%,19.40,+8.87%,20.66,+6.50%,21.55,+4.29%,26.91,+24.89%,28.08,+4.34%,30.43,+8.38%
501,Aortic aneurysm,Himachal Pradesh,Female,2.63,,2.45,-6.73%,2.39,-2.25%,2.38,-0.65%,2.51,+5.36%,2.67,+6.46%,2.85,+6.69%,3.10,+9.01%,4.04,+30.13%,3.73,-7.51%,4.00,+7.02%
501,Aortic aneurysm,Jammu & Kashmir and Ladakh,Male,17.03,,17.74,+4.21%,19.78,+11.50%,22.41,+13.29%,24.72,+10.32%,25.67,+3.85%,26.55,+3.39%,26.59,+0.16%,29.22,+9.89%,32.14,+10.01%,33.81,+5.20%
501,Aortic aneurysm,Jammu & Kashmir and Ladakh,Female,4.26,,4.45,+4.58%,4.86,+9.22%,5.23,+7.50%,5.63,+7.58%,5.96,+5.99%,6.49,+8.88%,7.24,+11.46%,9.35,+29.24%,7.88,-15.69%,8.52,+8.06%
501,Aortic aneurysm,Jharkhand,Male,20.09,,21.66,+7.78%,22.21,+2.56%,27.76,+24.96%,32.00,+15.28%,34.01,+6.30%,35.98,+5.79%,38.65,+7.42%,51.27,+32.66%,42.12,-17.84%,45.41,+7.81%
501,Aortic aneurysm,Jharkhand,Female,6.23,,6.15,-1.39%,7.01,+13.97%,7.80,+11.37%,8.65,+10.87%,9.17,+6.05%,9.54,+4.04%,9.94,+4.19%,10.58,+6.39%,11.68,+10.45%,12.81,+9.67%
501,Aortic aneurysm,Karnataka,Male,85.76,,86.18,+0.49%,91.99,+6.74%,100.99,+9.78%,107.82,+6.76%,109.22,+1.29%,111.01,+1.64%,128.95,+16.16%,162.79,+26.25%,128.75,-20.91%,136.13,+5.73%
501,Aortic aneurysm,Karnataka,Female,23.57,,26.11,+10.79%,28.47,+9.04%,29.75,+4.50%,29.84,+0.29%,29.72,-0.42%,29.54,-0.59%,32.11,+8.71%,38.99,+21.42%,34.05,-12.67%,36.62,+7.55%
501,Aortic aneurysm,Kerala,Male,176.99,,182.43,+3.07%,193.04,+5.82%,211.57,+9.60%,226.58,+7.09%,224.66,-0.85%,217.54,-3.17%,198.71,-8.66%,232.82,+17.17%,239.52,+2.88%,250.26,+4.48%
501,Aortic aneurysm,Kerala,Female,20.89,,20.37,-2.51%,21.68,+6.45%,23.28,+7.36%,24.64,+5.87%,24.59,-0.19%,24.01,-2.36%,22.27,-7.27%,23.80,+6.89%,28.68,+20.48%,31.45,+9.66%
501,Aortic aneurysm,Madhya Pradesh,Male,69.82,,70.29,+0.66%,74.54,+6.05%,81.44,+9.26%,86.32,+5.99%,86.70,+0.44%,89.00,+2.66%,97.28,+9.30%,124.82,+28.31%,104.17,-16.55%,113.36,+8.83%
501,Aortic aneurysm,Madhya Pradesh,Female,14.80,,15.56,+5.08%,16.21,+4.24%,17.11,+5.53%,18.10,+5.78%,18.67,+3.13%,19.68,+5.41%,21.89,+11.22%,27.11,+23.86%,23.09,-14.83%,25.52,+10.52%
501,Aortic aneurysm,Maharashtra,Male,152.53,,156.84,+2.82%,159.84,+1.92%,159.55,-0.18%,166.09,+4.10%,201.77,+21.48%,162.40,-19.51%,149.30,-8.07%,188.71,+26.40%,171.37,-9.19%,186.45,+8.80%
501,Aortic aneurysm,Maharashtra,Female,33.20,,36.28,+9.27%,37.31,+2.86%,37.11,-0.55%,36.29,-2.20%,38.81,+6.94%,33.30,-14.19%,31.03,-6.82%,38.16,+22.98%,37.15,-2.65%,41.06,+10.51%
501,Aortic aneurysm,Manipur,Male,4.20,,4.35,+3.60%,4.70,+8.07%,5.34,+13.57%,5.85,+9.61%,6.14,+4.90%,6.41,+4.50%,6.78,+5.76%,10.31,+52.06%,8.25,-20.07%,8.88,+7.64%
501,Aortic aneurysm,Manipur,Female,1.30,,1.41,+8.53%,1.53,+8.72%,1.65,+7.51%,1.73,+4.97%,1.80,+4.00%,1.90,+5.95%,2.04,+6.95%,3.02,+48.42%,2.45,-18.84%,2.64,+7.64%
501,Aortic aneurysm,Meghalaya,Male,3.01,,3.06,+1.61%,3.25,+6.03%,3.70,+13.86%,4.01,+8.39%,4.14,+3.36%,4.27,+3.17%,4.58,+7.21%,7.54,+64.68%,5.50,-27.06%,5.93,+7.84%
501,Aortic aneurysm,Meghalaya,Female,0.70,,0.74,+5.63%,0.78,+6.04%,0.89,+13.53%,0.97,+8.98%,1.02,+5.04%,1.07,+5.39%,1.16,+8.57%,1.85,+59.49%,1.41,-23.79%,1.54,+9.10%
501,Aortic aneurysm,Mizoram,Male,0.95,,0.93,-2.58%,0.99,+6.60%,1.18,+19.82%,1.24,+4.91%,1.23,-1.09%,1.22,-0.93%,1.28,+4.99%,1.79,+40.19%,1.47,-17.67%,1.56,+5.93%
501,Aortic aneurysm,Mizoram,Female,0.25,,0.27,+4.43%,0.28,+6.87%,0.34,+18.18%,0.34,+2.64%,0.34,-2.01%,0.34,-0.84%,0.37,+10.88%,0.53,+43.88%,0.42,-21.99%,0.43,+3.05%
501,Aortic aneurysm,Nagaland,Male,2.10,,2.07,-1.23%,2.14,+3.29%,2.30,+7.51%,2.42,+5.39%,2.45,+1.22%,2.46,+0.53%,2.62,+6.26%,4.12,+57.45%,3.05,-25.98%,3.21,+5.17%
501,Aortic aneurysm,Nagaland,Female,0.34,,0.36,+5.38%,0.38,+5.28%,0.39,+4.37%,0.41,+3.69%,0.42,+2.72%,0.44,+3.92%,0.47,+8.55%,0.71,+50.18%,0.56,-21.11%,0.60,+6.86%
501,Aortic aneurysm,Odisha,Male,37.58,,35.62,-5.21%,36.19,+1.59%,40.07,+10.74%,42.35,+5.68%,42.44,+0.22%,42.73,+0.67%,44.45,+4.04%,53.93,+21.31%,49.03,-9.07%,52.82,+7.71%
501,Aortic aneurysm,Odisha,Female,9.75,,9.82,+0.73%,10.31,+5.00%,11.26,+9.14%,12.01,+6.70%,12.41,+3.31%,12.93,+4.24%,13.65,+5.53%,14.84,+8.71%,15.68,+5.69%,17.18,+9.57%
501,Aortic aneurysm,Other Union Territories,Male,4.79,,4.92,+2.75%,5.32,+8.09%,5.92,+11.42%,6.43,+8.57%,6.70,+4.20%,7.00,+4.42%,8.07,+15.33%,10.40,+28.87%,8.52,-18.11%,8.92,+4.73%
501,Aortic aneurysm,Other Union Territories,Female,0.89,,1.00,+11.30%,1.11,+11.05%,1.22,+10.35%,1.31,+7.49%,1.38,+5.08%,1.47,+6.73%,1.77,+20.42%,2.35,+32.56%,1.90,-18.93%,2.01,+5.80%
501,Aortic aneurysm,Punjab,Male,46.93,,46.74,-0.40%,50.49,+8.02%,56.70,+12.31%,62.49,+10.21%,64.36,+2.99%,66.77,+3.74%,73.54,+10.14%,81.90,+11.37%,74.80,-8.67%,76.02,+1.64%
501,Aortic aneurysm,Punjab,Female,11.02,,11.89,+7.90%,13.16,+10.68%,14.70,+11.66%,16.07,+9.33%,17.06,+6.21%,18.84,+10.41%,21.33,+13.20%,23.59,+10.63%,22.64,-4.05%,23.97,+5.87%
501,Aortic aneurysm,Rajasthan,Male,117.07,,122.71,+4.82%,134.35,+9.48%,151.72,+12.93%,166.59,+9.80%,170.80,+2.53%,175.09,+2.51%,186.36,+6.44%,213.04,+14.31%,209.18,-1.81%,220.40,+5.36%
501,Aortic aneurysm,Rajasthan,Female,21.31,,23.36,+9.63%,25.40,+8.73%,27.13,+6.77%,28.45,+4.89%,28.88,+1.51%,29.64,+2.63%,31.23,+5.34%,34.41,+10.19%,34.67,+0.77%,37.47,+8.08%
501,Aortic aneurysm,Sikkim,Male,0.97,,0.98,+1.63%,1.03,+4.65%,1.09,+6.27%,1.10,+0.53%,1.04,-5.57%,0.96,-7.59%,0.94,-2.46%,1.12,+19.74%,1.17,+4.46%,1.22,+4.45%
501,Aortic aneurysm,Sikkim,Female,0.26,,0.27,+3.79%,0.28,+2.55%,0.28,+0.51%,0.27,-2.17%,0.26,-4.47%,0.25,-4.04%,0.27,+8.72%,0.36,+31.42%,0.33,-7.56%,0.35,+4.02%
501,Aortic aneurysm,Tamil Nadu,Male,181.75,,193.95,+6.71%,210.25,+8.41%,230.29,+9.53%,243.48,+5.73%,244.53,+0.43%,236.61,-3.24%,254.27,+7.46%,292.29,+14.95%,254.03,-13.09%,270.17,+6.35%
501,Aortic aneurysm,Tamil Nadu,Female,28.22,,31.32,+10.98%,33.48,+6.87%,34.90,+4.25%,35.16,+0.74%,34.28,-2.48%,32.99,-3.76%,35.01,+6.12%,38.47,+9.87%,36.34,-5.53%,40.85,+12.41%
501,Aortic aneurysm,Telangana,Male,75.96,,78.19,+2.93%,83.87,+7.27%,93.18,+11.10%,104.20,+11.83%,111.96,+7.44%,118.75,+6.07%,131.48,+10.72%,161.18,+22.59%,138.78,-13.90%,144.27,+3.96%
501,Aortic aneurysm,Telangana,Female,23.11,,24.50,+5.98%,25.70,+4.90%,27.52,+7.10%,29.82,+8.34%,30.95,+3.80%,31.71,+2.45%,32.82,+3.50%,33.93,+3.41%,37.87,+11.60%,40.02,+5.67%
501,Aortic aneurysm,Tripura,Male,5.54,,4.91,-11.28%,5.43,+10.38%,6.61,+21.82%,7.08,+7.06%,6.99,-1.18%,7.29,+4.20%,7.77,+6.68%,9.09,+16.98%,9.12,+0.28%,9.63,+5.63%
501,Aortic aneurysm,Tripura,Female,1.66,,1.43,-14.09%,1.58,+10.72%,1.95,+23.20%,2.04,+4.84%,1.98,-3.14%,2.10,+6.29%,2.25,+6.98%,2.50,+11.26%,2.65,+5.93%,2.81,+5.98%
501,Aortic aneurysm,Uttar Pradesh,Male,139.02,,133.16,-4.22%,133.29,+0.10%,139.45,+4.62%,141.70,+1.61%,135.41,-4.44%,130.90,-3.33%,132.00,+0.84%,157.05,+18.98%,148.24,-5.61%,159.76,+7.77%
501,Aortic aneurysm,Uttar Pradesh,Female,47.94,,52.08,+8.64%,53.82,+3.33%,54.44,+1.15%,55.13,+1.28%,52.93,-4.00%,52.12,-1.52%,51.96,-0.32%,51.49,-0.90%,61.94,+20.29%,67.32,+8.68%
501,Aortic aneurysm,Uttarakhand,Male,23.77,,24.66,+3.74%,27.06,+9.71%,29.93,+10.61%,32.18,+7.52%,32.39,+0.65%,32.04,-1.07%,34.77,+8.50%,40.17,+15.53%,37.80,-5.89%,39.91,+5.57%
501,Aortic aneurysm,Uttarakhand,Female,6.10,,6.78,+11.00%,7.38,+8.86%,7.90,+7.10%,8.50,+7.61%,8.65,+1.75%,8.78,+1.48%,9.22,+5.00%,9.74,+5.69%,10.36,+6.35%,11.08,+6.96%
501,Aortic aneurysm,West Bengal,Male,154.45,,158.29,+2.49%,166.60,+5.25%,180.95,+8.62%,196.21,+8.43%,204.81,+4.38%,215.90,+5.41%,246.11,+14.00%,309.82,+25.89%,258.63,-16.52%,278.33,+7.62%
501,Aortic aneurysm,West Bengal,Female,27.58,,30.11,+9.18%,32.60,+8.26%,34.21,+4.93%,35.79,+4.63%,36.02,+0.65%,37.82,+4.99%,43.65,+15.41%,52.46,+20.18%,46.40,-11.54%,50.37,+8.56%
502,Lower extremity peripheral arterial disease,Andhra Pradesh,Male,40.61,,40.90,+0.71%,43.38,+6.05%,48.48,+11.77%,52.90,+9.11%,53.20,+0.56%,53.35,+0.29%,57.87,+8.48%,69.57,+20.20%,58.92,-15.30%,60.00,+1.83%
502,Lower extremity peripheral arterial disease,Andhra Pradesh,Female,12.27,,13.41,+9.31%,14.91,+11.18%,16.15,+8.29%,17.28,+6.98%,17.90,+3.60%,18.39,+2.74%,20.28,+10.31%,21.36,+5.29%,21.70,+1.60%,22.60,+4.17%
502,Lower extremity peripheral arterial disease,Arunachal Pradesh,Male,0.38,,0.39,+2.62%,0.42,+7.94%,0.47,+12.06%,0.51,+7.81%,0.52,+1.69%,0.53,+2.08%,0.56,+7.13%,0.71,+26.33%,0.67,-5.18%,0.71,+5.66%
502,Lower extremity peripheral arterial disease,Arunachal Pradesh,Female,0.09,,0.09,+8.75%,0.10,+9.29%,0.11,+8.81%,0.12,+4.76%,0.12,+2.63%,0.13,+4.12%,0.14,+8.35%,0.17,+25.41%,0.17,-3.20%,0.18,+7.83%
502,Lower extremity peripheral arterial disease,Assam,Male,10.99,,10.58,-3.71%,10.93,+3.29%,12.02,+10.00%,12.98,+7.95%,13.45,+3.64%,13.98,+3.92%,15.12,+8.18%,19.58,+29.46%,17.52,-10.52%,18.30,+4.47%
502,Lower extremity peripheral arterial disease,Assam,Female,2.66,,2.92,+9.95%,3.26,+11.60%,3.65,+11.83%,4.00,+9.51%,4.22,+5.47%,4.36,+3.39%,4.36,+0.14%,4.64,+6.23%,5.54,+19.50%,5.95,+7.41%
502,Lower extremity peripheral arterial disease,Bihar,Male,25.83,,25.00,-3.22%,25.77,+3.07%,28.49,+10.58%,30.89,+8.41%,31.48,+1.90%,32.48,+3.18%,34.51,+6.25%,42.44,+23.00%,35.76,-15.74%,37.29,+4.26%
502,Lower extremity peripheral arterial disease,Bihar,Female,11.57,,13.25,+14.54%,14.55,+9.75%,16.01,+10.07%,17.53,+9.48%,18.63,+6.28%,19.85,+6.54%,21.07,+6.16%,21.91,+3.98%,22.59,+3.12%,23.64,+4.64%
502,Lower extremity peripheral arterial disease,Chhattisgarh,Male,8.71,,8.95,+2.67%,9.91,+10.78%,11.69,+17.93%,13.03,+11.48%,13.15,+0.97%,13.64,+3.71%,15.02,+10.08%,19.89,+32.45%,15.75,-20.85%,16.33,+3.70%
502,Lower extremity peripheral arterial disease,Chhattisgarh,Female,2.80,,3.15,+12.43%,3.56,+13.01%,4.11,+15.31%,4.64,+12.94%,5.03,+8.51%,5.48,+8.90%,5.99,+9.30%,7.85,+31.06%,6.61,-15.85%,6.92,+4.74%
502,Lower extremity peripheral arterial disease,Delhi,Male,7.08,,7.11,+0.37%,7.60,+6.93%,8.01,+5.43%,8.21,+2.50%,8.05,-2.02%,8.21,+2.08%,12.55,+52.76%,14.71,+17.22%,9.43,-35.91%,10.01,+6.20%
502,Lower extremity peripheral arterial disease,Delhi,Female,1.90,,2.07,+8.60%,2.24,+8.18%,2.38,+6.39%,2.53,+6.43%,2.55,+0.86%,2.80,+9.43%,4.31,+54.06%,4.83,+12.26%,3.52,-27.27%,3.80,+8.08%
502,Lower extremity peripheral arterial disease,Goa,Male,0.78,,0.81,+3.40%,0.87,+6.87%,0.93,+7.91%,0.98,+4.87%,0.98,+0.05%,0.97,-0.69%,1.03,+6.17%,1.28,+23.34%,1.12,-12.23%,1.13,+1.40%
502,Lower extremity peripheral arterial disease,Goa,Female,0.22,,0.24,+9.46%,0.26,+10.47%,0.28,+5.50%,0.29,+4.15%,0.30,+3.97%,0.31,+4.26%,0.33,+6.32%,0.39,+18.31%,0.38,-4.90%,0.40,+5.25%
502,Lower extremity peripheral arterial disease,Gujarat,Male,25.66,,26.48,+3.20%,28.61,+8.03%,32.00,+11.88%,34.82,+8.80%,35.58,+2.18%,37.01,+4.00%,42.85,+15.78%,64.18,+49.78%,42.43,-33.89%,44.29,+4.37%
502,Lower extremity peripheral arterial disease,Gujarat,Female,6.91,,7.49,+8.46%,8.17,+9.05%,8.84,+8.17%,9.42,+6.63%,9.68,+2.73%,10.34,+6.78%,12.05,+16.52%,17.59,+46.04%,12.33,-29.89%,13.44,+9.00%
502,Lower extremity peripheral arterial disease,Haryana,Male,16.05,,16.86,+5.08%,18.75,+11.19%,21.83,+16.44%,24.62,+12.76%,26.24,+6.57%,27.76,+5.80%,32.38,+16.67%,38.53,+18.98%,31.08,-19.34%,31.97,+2.86%
502,Lower extremity peripheral arterial disease,Haryana,Female,3.86,,4.29,+11.02%,4.58,+6.83%,4.87,+6.41%,5.16,+5.82%,5.35,+3.71%,5.68,+6.18%,6.55,+15.34%,7.52,+14.79%,6.46,-14.16%,6.91,+7.01%
502,Lower extremity peripheral arterial disease,Himachal Pradesh,Male,3.99,,3.77,-5.51%,3.88,+2.96%,4.25,+9.67%,4.86,+14.26%,5.33,+9.65%,5.70,+7.03%,6.06,+6.19%,7.53,+24.31%,7.57,+0.54%,7.97,+5.33%
502,Lower extremity peripheral arterial disease,Himachal Pradesh,Female,0.78,,0.75,-3.94%,0.75,+0.62%,0.77,+2.57%,0.84,+8.84%,0.92,+8.87%,1.00,+9.04%,1.11,+11.29%,1.47,+31.65%,1.34,-8.42%,1.42,+6.07%
502,Lower extremity peripheral arterial disease,Jammu & Kashmir and Ladakh,Male,5.96,,6.19,+3.89%,6.87,+10.87%,7.72,+12.48%,8.46,+9.61%,8.74,+3.21%,9.01,+3.10%,9.21,+2.25%,10.19,+10.62%,10.69,+4.94%,11.08,+3.60%
502,Lower extremity peripheral arterial disease,Jammu & Kashmir and Ladakh,Female,1.24,,1.31,+5.80%,1.45,+10.53%,1.58,+9.29%,1.73,+9.27%,1.86,+7.51%,2.06,+10.74%,2.34,+13.47%,3.06,+31.15%,2.54,-17.02%,2.74,+7.61%
502,Lower extremity peripheral arterial disease,Jharkhand,Male,6.59,,6.95,+5.38%,7.04,+1.38%,8.84,+25.48%,10.19,+15.28%,10.77,+5.75%,11.35,+5.33%,12.53,+10.43%,16.34,+30.35%,12.90,-21.03%,13.66,+5.90%
502,Lower extremity peripheral arterial disease,Jharkhand,Female,2.54,,2.55,+0.67%,2.94,+15.20%,3.35,+13.78%,3.77,+12.74%,4.04,+7.03%,4.22,+4.50%,4.44,+5.26%,4.75,+6.79%,5.20,+9.55%,5.63,+8.29%
502,Lower extremity peripheral arterial disease,Karnataka,Male,28.55,,28.84,+1.02%,30.93,+7.24%,34.25,+10.73%,36.77,+7.34%,37.24,+1.28%,37.66,+1.12%,44.10,+17.10%,53.84,+22.09%,42.87,-20.37%,44.05,+2.75%
502,Lower extremity peripheral arterial disease,Karnataka,Female,8.49,,9.55,+12.46%,10.63,+11.32%,11.40,+7.27%,11.71,+2.71%,11.85,+1.22%,11.97,+1.02%,13.19,+10.14%,16.07,+21.83%,14.01,-12.82%,14.74,+5.26%
502,Lower extremity peripheral arterial disease,Kerala,Male,30.80,,31.25,+1.44%,32.83,+5.08%,36.20,+10.25%,39.08,+7.97%,38.70,-0.98%,37.36,-3.48%,34.54,-7.53%,40.44,+17.06%,40.76,+0.79%,41.57,+2.00%
502,Lower extremity peripheral arterial disease,Kerala,Female,7.91,,7.84,-0.91%,8.49,+8.29%,9.31,+9.69%,10.05,+7.96%,10.14,+0.83%,9.97,-1.62%,9.32,-6.50%,10.02,+7.43%,11.96,+19.40%,12.89,+7.79%
502,Lower extremity peripheral arterial disease,Madhya Pradesh,Male,22.36,,22.39,+0.13%,23.60,+5.40%,25.94,+9.94%,27.67,+6.67%,27.78,+0.38%,28.46,+2.47%,31.28,+9.90%,38.48,+23.03%,33.12,-13.94%,35.19,+6.25%
502,Lower extremity peripheral arterial disease,Madhya Pradesh,Female,5.83,,6.25,+7.18%,6.63,+6.05%,7.14,+7.62%,7.69,+7.81%,7.99,+3.91%,8.46,+5.83%,9.45,+11.76%,11.64,+23.14%,9.83,-15.55%,10.72,+9.00%
502,Lower extremity peripheral arterial disease,Maharashtra,Male,45.75,,47.85,+4.58%,49.07,+2.56%,49.05,-0.03%,51.86,+5.73%,64.14,+23.67%,52.02,-18.89%,49.45,-4.94%,62.92,+27.23%,55.67,-11.52%,59.26,+6.45%
502,Lower extremity peripheral arterial disease,Maharashtra,Female,13.16,,14.69,+11.58%,15.34,+4.48%,15.70,+2.34%,16.15,+2.87%,17.84,+10.44%,15.44,-13.45%,14.58,-5.58%,18.26,+25.27%,17.21,-5.74%,18.74,+8.85%
502,Lower extremity peripheral arterial disease,Manipur,Male,1.62,,1.68,+3.79%,1.83,+8.55%,2.09,+14.37%,2.29,+9.26%,2.38,+3.95%,2.46,+3.70%,2.60,+5.73%,3.84,+47.35%,3.08,-19.66%,3.26,+5.82%
502,Lower extremity peripheral arterial disease,Manipur,Female,0.37,,0.41,+10.54%,0.46,+11.18%,0.50,+10.18%,0.54,+7.14%,0.57,+5.39%,0.61,+7.18%,0.66,+8.25%,0.98,+48.47%,0.80,-18.15%,0.85,+6.66%
502,Lower extremity peripheral arterial disease,Meghalaya,Male,1.11,,1.13,+1.18%,1.19,+6.05%,1.37,+15.14%,1.51,+9.49%,1.55,+3.13%,1.59,+2.70%,1.70,+6.66%,2.76,+62.23%,2.03,-26.52%,2.12,+4.82%
502,Lower extremity peripheral arterial disease,Meghalaya,Female,0.20,,0.22,+6.46%,0.23,+7.31%,0.27,+15.08%,0.29,+10.05%,0.31,+5.94%,0.33,+6.74%,0.37,+10.13%,0.58,+58.14%,0.44,-23.34%,0.48,+8.01%
502,Lower extremity peripheral arterial disease,Mizoram,Male,0.38,,0.37,-3.23%,0.39,+6.43%,0.48,+22.28%,0.51,+5.63%,0.50,-1.54%,0.50,-1.21%,0.52,+5.06%,0.72,+37.83%,0.60,-16.27%,0.61,+2.35%
502,Lower extremity peripheral arterial disease,Mizoram,Female,0.08,,0.08,+5.38%,0.09,+8.84%,0.11,+20.89%,0.12,+3.90%,0.11,-1.52%,0.11,-0.49%,0.13,+10.43%,0.18,+41.41%,0.14,-20.98%,0.14,+1.90%
502,Lower extremity peripheral arterial disease,Nagaland,Male,0.48,,0.47,-2.68%,0.48,+2.60%,0.52,+7.28%,0.54,+4.64%,0.54,-0.20%,0.54,-0.33%,0.57,+5.59%,0.87,+53.19%,0.65,-25.32%,0.67,+3.54%
502,Lower extremity peripheral arterial disease,Nagaland,Female,0.09,,0.10,+6.98%,0.11,+7.30%,0.12,+6.67%,0.12,+5.17%,0.13,+3.51%,0.13,+4.56%,0.14,+8.76%,0.21,+47.68%,0.17,-20.12%,0.18,+5.47%
502,Lower extremity peripheral arterial disease,Odisha,Male,12.44,,11.68,-6.11%,11.84,+1.32%,13.25,+11.94%,14.10,+6.43%,14.07,-0.26%,14.17,+0.72%,14.94,+5.45%,17.72,+18.58%,16.16,-8.76%,17.12,+5.89%
502,Lower extremity peripheral arterial disease,Odisha,Female,3.53,,3.66,+3.45%,3.93,+7.37%,4.41,+12.25%,4.81,+9.25%,5.03,+4.55%,5.29,+5.05%,5.62,+6.25%,6.07,+8.13%,6.38,+5.05%,6.88,+7.89%
502,Lower extremity peripheral arterial disease,Other Union Territories,Male,1.57,,1.61,+2.61%,1.74,+8.27%,1.98,+13.43%,2.18,+10.08%,2.27,+4.23%,2.36,+4.20%,2.75,+16.14%,3.40,+23.99%,2.78,-18.30%,2.85,+2.52%
502,Lower extremity peripheral arterial disease,Other Union Territories,Female,0.43,,0.48,+11.72%,0.53,+11.63%,0.59,+11.08%,0.64,+7.80%,0.67,+5.36%,0.72,+7.40%,0.88,+21.18%,1.14,+30.12%,0.92,-18.92%,0.97,+4.61%
502,Lower extremity peripheral arterial disease,Punjab,Male,12.23,,12.35,+0.95%,13.55,+9.71%,15.57,+14.91%,17.49,+12.33%,18.10,+3.50%,18.81,+3.94%,20.92,+11.20%,22.82,+9.09%,20.86,-8.60%,20.78,-0.38%
502,Lower extremity peripheral arterial disease,Punjab,Female,4.94,,5.49,+11.16%,6.25,+13.75%,7.24,+15.86%,8.19,+13.18%,8.90,+8.59%,10.04,+12.85%,11.61,+15.61%,12.88,+10.98%,12.30,-4.49%,12.95,+5.25%
502,Lower extremity peripheral arterial disease,Rajasthan,Male,25.22,,26.68,+5.78%,29.40,+10.21%,33.73,+14.72%,37.63,+11.56%,38.92,+3.42%,40.11,+3.07%,43.31,+7.98%,48.39,+11.72%,47.80,-1.22%,48.94,+2.39%
502,Lower extremity peripheral arterial disease,Rajasthan,Female,6.49,,7.30,+12.63%,8.17,+11.85%,8.96,+9.67%,9.64,+7.57%,9.95,+3.17%,10.34,+3.97%,10.99,+6.31%,12.13,+10.32%,12.27,+1.22%,13.18,+7.36%
502,Lower extremity peripheral arterial disease,Sikkim,Male,0.20,,0.21,+2.65%,0.22,+6.33%,0.24,+8.30%,0.24,+2.43%,0.23,-4.97%,0.22,-6.76%,0.21,-1.06%,0.25,+18.86%,0.27,+5.44%,0.27,+2.38%
502,Lower extremity peripheral arterial disease,Sikkim,Female,0.06,,0.07,+6.22%,0.07,+5.30%,0.07,+3.22%,0.07,-0.02%,0.07,-2.59%,0.07,-1.88%,0.08,+10.85%,0.10,+33.09%,0.10,-6.93%,0.10,+3.99%
502,Lower extremity peripheral arterial disease,Tamil Nadu,Male,50.79,,53.53,+5.40%,57.12,+6.71%,61.76,+8.11%,64.95,+5.17%,65.23,+0.43%,62.63,-3.98%,68.18,+8.86%,78.00,+14.41%,66.46,-14.80%,69.72,+4.91%
502,Lower extremity peripheral arterial disease,Tamil Nadu,Female,13.23,,14.94,+12.90%,16.16,+8.20%,17.17,+6.21%,17.56,+2.31%,17.28,-1.63%,16.70,-3.35%,17.75,+6.30%,19.54,+10.08%,18.01,-7.84%,19.95,+10.79%
502,Lower extremity peripheral arterial disease,Telangana,Male,23.23,,23.70,+2.01%,24.93,+5.17%,27.34,+9.69%,30.36,+11.04%,32.38,+6.64%,33.79,+4.36%,37.32,+10.47%,44.58,+19.44%,37.60,-15.67%,37.86,+0.71%
502,Lower extremity peripheral arterial disease,Telangana,Female,7.91,,8.46,+6.89%,8.98,+6.15%,9.76,+8.73%,10.70,+9.65%,11.19,+4.53%,11.52,+2.99%,12.03,+4.39%,12.38,+2.93%,13.77,+11.22%,14.33,+4.11%
502,Lower extremity peripheral arterial disease,Tripura,Male,2.15,,1.91,-10.94%,2.12,+10.60%,2.62,+23.65%,2.86,+9.14%,2.85,-0.30%,2.99,+4.96%,3.23,+8.02%,3.72,+15.23%,3.75,+0.74%,3.89,+3.83%
502,Lower extremity peripheral arterial disease,Tripura,Female,0.54,,0.48,-12.33%,0.54,+14.25%,0.70,+27.77%,0.75,+7.83%,0.73,-2.08%,0.79,+8.06%,0.86,+8.84%,0.97,+11.88%,1.03,+6.38%,1.09,+5.60%
502,Lower extremity peripheral arterial disease,Uttar Pradesh,Male,67.13,,63.48,-5.43%,62.59,-1.40%,65.54,+4.71%,67.01,+2.25%,63.68,-4.97%,61.88,-2.83%,63.42,+2.49%,73.80,+16.37%,68.37,-7.36%,71.67,+4.82%
502,Lower extremity peripheral arterial disease,Uttar Pradesh,Female,17.15,,18.80,+9.65%,19.77,+5.13%,20.40,+3.20%,21.00,+2.93%,20.38,-2.92%,20.23,-0.77%,20.44,+1.04%,20.52,+0.41%,24.20,+17.93%,25.88,+6.95%
502,Lower extremity peripheral arterial disease,Uttarakhand,Male,8.98,,9.29,+3.50%,10.27,+10.54%,11.47,+11.63%,12.36,+7.81%,12.38,+0.11%,12.18,-1.57%,13.29,+9.13%,14.91,+12.15%,14.05,-5.73%,14.54,+3.45%
502,Lower extremity peripheral arterial disease,Uttarakhand,Female,1.96,,2.21,+12.46%,2.45,+10.95%,2.68,+9.56%,2.94,+9.76%,3.04,+3.14%,3.13,+3.11%,3.34,+6.83%,3.53,+5.60%,3.75,+6.24%,4.00,+6.53%
502,Lower extremity peripheral arterial disease,West Bengal,Male,43.62,,45.07,+3.33%,47.37,+5.08%,51.28,+8.27%,55.46,+8.14%,57.90,+4.41%,60.73,+4.88%,70.33,+15.81%,87.10,+23.84%,71.45,-17.96%,75.72,+5.97%
502,Lower extremity peripheral arterial disease,West Bengal,Female,8.95,,10.02,+11.92%,11.07,+10.53%,11.87,+7.16%,12.64,+6.56%,12.86,+1.70%,13.62,+5.94%,15.84,+16.28%,19.03,+20.16%,16.84,-11.51%,18.18,+7.93%
