Cause ID,Cause Name,State,Gender,2013 YLDs,2013 YLDs YoY %,2014 YLDs,2014 YLDs YoY %,2015 YLDs,2015 YLDs YoY %,2016 YLDs,2016 YLDs YoY %,2017 YLDs,2017 YLDs YoY %,2018 YLDs,2018 YLDs YoY %,2019 YLDs,2019 YLDs YoY %,2020 YLDs,2020 YLDs YoY %,2021 YLDs,2021 YLDs YoY %,2022 YLDs,2022 YLDs YoY %,2023 YLDs,2023 YLDs YoY %
493,Ischemic heart disease,Andhra Pradesh,Male,68.34K,,67.25K,-1.60%,66.24K,-1.50%,65.69K,-0.83%,64.74K,-1.44%,63.79K,-1.47%,63.25K,-0.84%,63.08K,-0.27%,63.05K,-0.05%,63.69K,+1.01%,65.16K,+2.31%
493,Ischemic heart disease,Andhra Pradesh,Female,42.09K,,41.43K,-1.56%,40.74K,-1.67%,40.18K,-1.37%,39.06K,-2.80%,38.01K,-2.68%,37.37K,-1.70%,37.03K,-0.89%,37.19K,+0.43%,37.55K,+0.96%,38.25K,+1.88%
493,Ischemic heart disease,Arunachal Pradesh,Male,1.02K,,1.01K,-0.41%,1.01K,-0.38%,1.00K,-0.60%,987.34,-1.74%,973.25,-1.43%,966.73,-0.67%,977.88,+1.15%,1.00K,+2.32%,1.02K,+1.99%,1.05K,+3.14%
493,Ischemic heart disease,Arunachal Pradesh,Female,539.70,,535.07,-0.86%,530.60,-0.84%,521.82,-1.65%,502.86,-3.63%,485.82,-3.39%,473.57,-2.52%,476.39,+0.59%,490.10,+2.88%,507.42,+3.53%,526.76,+3.81%
493,Ischemic heart disease,Assam,Male,25.90K,,25.66K,-0.93%,25.48K,-0.71%,25.18K,-1.16%,24.69K,-1.95%,24.19K,-2.03%,23.88K,-1.28%,23.92K,+0.18%,24.32K,+1.66%,24.69K,+1.52%,25.33K,+2.58%
493,Ischemic heart disease,Assam,Female,16.42K,,16.16K,-1.59%,15.95K,-1.28%,15.62K,-2.04%,15.03K,-3.82%,14.50K,-3.53%,14.10K,-2.73%,14.01K,-0.67%,14.22K,+1.55%,14.47K,+1.77%,15.01K,+3.70%
493,Ischemic heart disease,Bihar,Male,81.95K,,80.19K,-2.15%,78.95K,-1.54%,77.86K,-1.39%,76.39K,-1.89%,75.31K,-1.41%,74.50K,-1.06%,75.00K,+0.67%,75.60K,+0.80%,76.89K,+1.70%,78.96K,+2.69%
493,Ischemic heart disease,Bihar,Female,55.33K,,54.19K,-2.05%,53.29K,-1.66%,52.32K,-1.82%,51.01K,-2.50%,49.61K,-2.75%,48.50K,-2.23%,48.14K,-0.75%,47.86K,-0.59%,48.43K,+1.19%,49.78K,+2.79%
493,Ischemic heart disease,Chhattisgarh,Male,24.12K,,24.03K,-0.38%,24.08K,+0.20%,24.24K,+0.68%,24.28K,+0.17%,24.33K,+0.21%,24.58K,+1.02%,24.89K,+1.27%,25.19K,+1.21%,25.63K,+1.74%,26.48K,+3.29%
493,Ischemic heart disease,Chhattisgarh,Female,16.20K,,16.13K,-0.48%,16.09K,-0.26%,15.95K,-0.82%,15.64K,-1.94%,15.29K,-2.24%,15.01K,-1.84%,15.05K,+0.22%,15.08K,+0.21%,15.29K,+1.38%,15.84K,+3.60%
493,Ischemic heart disease,Delhi,Male,22.34K,,21.92K,-1.88%,21.75K,-0.77%,21.75K,-0.02%,21.73K,-0.07%,21.65K,-0.37%,21.78K,+0.61%,22.05K,+1.22%,22.36K,+1.41%,22.79K,+1.90%,23.28K,+2.18%
493,Ischemic heart disease,Delhi,Female,12.79K,,12.58K,-1.64%,12.52K,-0.52%,12.54K,+0.20%,12.52K,-0.15%,12.41K,-0.89%,12.45K,+0.31%,12.49K,+0.36%,12.59K,+0.76%,12.78K,+1.52%,13.19K,+3.23%
493,Ischemic heart disease,Goa,Male,1.79K,,1.77K,-1.45%,1.74K,-1.26%,1.72K,-1.32%,1.69K,-1.52%,1.67K,-1.55%,1.65K,-1.15%,1.64K,-0.43%,1.64K,-0.43%,1.64K,+0.08%,1.65K,+0.53%
493,Ischemic heart disease,Goa,Female,1.22K,,1.19K,-1.85%,1.18K,-1.51%,1.15K,-1.76%,1.13K,-2.17%,1.10K,-2.82%,1.08K,-1.71%,1.07K,-1.24%,1.06K,-0.63%,1.06K,-0.10%,1.08K,+2.13%
493,Ischemic heart disease,Gujarat,Male,79.80K,,78.21K,-2.00%,77.17K,-1.33%,75.86K,-1.69%,74.18K,-2.22%,72.31K,-2.51%,70.83K,-2.06%,70.33K,-0.70%,69.92K,-0.59%,70.46K,+0.77%,72.19K,+2.46%
493,Ischemic heart disease,Gujarat,Female,42.52K,,42.05K,-1.11%,41.52K,-1.25%,40.92K,-1.44%,39.75K,-2.88%,38.56K,-2.99%,37.70K,-2.22%,37.50K,-0.53%,37.74K,+0.63%,38.26K,+1.38%,39.40K,+2.98%
493,Ischemic heart disease,Haryana,Male,36.23K,,35.43K,-2.21%,34.68K,-2.10%,34.13K,-1.60%,33.34K,-2.31%,32.49K,-2.54%,31.79K,-2.15%,31.27K,-1.66%,30.73K,-1.71%,30.58K,-0.50%,31.34K,+2.49%
493,Ischemic heart disease,Haryana,Female,17.31K,,17.23K,-0.41%,17.08K,-0.88%,16.91K,-0.99%,16.53K,-2.25%,16.11K,-2.54%,15.78K,-2.08%,15.66K,-0.74%,15.52K,-0.88%,15.67K,+0.93%,16.25K,+3.70%
493,Ischemic heart disease,Himachal Pradesh,Male,10.02K,,10.01K,-0.14%,10.02K,+0.10%,10.00K,-0.13%,9.96K,-0.39%,9.91K,-0.58%,9.85K,-0.52%,9.91K,+0.58%,9.94K,+0.32%,10.01K,+0.71%,10.21K,+1.96%
493,Ischemic heart disease,Himachal Pradesh,Female,5.25K,,5.14K,-2.17%,5.05K,-1.73%,4.93K,-2.33%,4.76K,-3.33%,4.61K,-3.23%,4.48K,-2.82%,4.47K,-0.31%,4.54K,+1.60%,4.62K,+1.71%,4.75K,+2.88%
493,Ischemic heart disease,Jammu & Kashmir and Ladakh,Male,14.96K,,14.94K,-0.13%,14.93K,-0.09%,14.96K,+0.21%,14.94K,-0.15%,14.98K,+0.27%,15.01K,+0.17%,15.08K,+0.51%,15.19K,+0.69%,15.40K,+1.39%,15.77K,+2.40%
493,Ischemic heart disease,Jammu & Kashmir and Ladakh,Female,9.50K,,9.44K,-0.66%,9.42K,-0.21%,9.35K,-0.71%,9.22K,-1.35%,9.10K,-1.35%,8.99K,-1.24%,8.95K,-0.45%,8.94K,-0.04%,8.99K,+0.57%,9.28K,+3.21%
493,Ischemic heart disease,Jharkhand,Male,23.08K,,21.78K,-5.61%,20.81K,-4.44%,19.90K,-4.39%,18.85K,-5.29%,17.81K,-5.50%,17.00K,-4.57%,16.55K,-2.59%,16.27K,-1.74%,16.34K,+0.46%,16.74K,+2.46%
493,Ischemic heart disease,Jharkhand,Female,17.29K,,16.60K,-4.01%,16.03K,-3.45%,15.61K,-2.59%,14.95K,-4.25%,14.29K,-4.40%,13.79K,-3.46%,13.54K,-1.86%,13.36K,-1.33%,13.34K,-0.14%,13.81K,+3.56%
493,Ischemic heart disease,Karnataka,Male,80.79K,,79.63K,-1.44%,78.93K,-0.88%,78.18K,-0.96%,77.16K,-1.29%,76.25K,-1.18%,75.31K,-1.24%,75.18K,-0.17%,75.02K,-0.22%,75.37K,+0.47%,76.61K,+1.65%
493,Ischemic heart disease,Karnataka,Female,49.42K,,49.61K,+0.38%,49.52K,-0.18%,49.42K,-0.21%,49.01K,-0.82%,48.38K,-1.28%,47.96K,-0.88%,47.92K,-0.07%,47.94K,+0.03%,48.44K,+1.04%,49.70K,+2.61%
493,Ischemic heart disease,Kerala,Male,69.06K,,67.23K,-2.65%,65.51K,-2.56%,63.48K,-3.10%,60.62K,-4.51%,57.65K,-4.90%,55.30K,-4.08%,54.20K,-1.99%,53.77K,-0.79%,53.67K,-0.18%,53.80K,+0.25%
493,Ischemic heart disease,Kerala,Female,32.44K,,32.20K,-0.74%,31.92K,-0.86%,31.46K,-1.43%,30.65K,-2.60%,29.63K,-3.31%,28.81K,-2.77%,28.63K,-0.64%,28.76K,+0.47%,29.10K,+1.17%,29.51K,+1.43%
493,Ischemic heart disease,Madhya Pradesh,Male,77.11K,,76.64K,-0.61%,76.98K,+0.45%,77.72K,+0.97%,78.61K,+1.14%,79.58K,+1.23%,80.68K,+1.39%,82.03K,+1.67%,83.10K,+1.31%,84.53K,+1.72%,86.94K,+2.85%
493,Ischemic heart disease,Madhya Pradesh,Female,42.82K,,42.30K,-1.22%,42.08K,-0.51%,41.80K,-0.67%,41.42K,-0.91%,41.11K,-0.75%,41.06K,-0.13%,41.42K,+0.88%,41.73K,+0.75%,42.75K,+2.45%,44.26K,+3.52%
493,Ischemic heart disease,Maharashtra,Male,117.91K,,114.14K,-3.20%,111.09K,-2.67%,108.42K,-2.40%,105.22K,-2.96%,101.83K,-3.22%,99.19K,-2.60%,98.85K,-0.35%,99.01K,+0.16%,100.32K,+1.32%,103.03K,+2.70%
493,Ischemic heart disease,Maharashtra,Female,69.42K,,68.84K,-0.83%,68.03K,-1.18%,66.94K,-1.60%,65.25K,-2.52%,63.43K,-2.79%,62.09K,-2.11%,61.60K,-0.80%,62.00K,+0.66%,63.01K,+1.63%,65.13K,+3.36%
493,Ischemic heart disease,Manipur,Male,2.55K,,2.56K,+0.51%,2.57K,+0.60%,2.58K,+0.36%,2.55K,-1.25%,2.53K,-0.97%,2.51K,-0.49%,2.56K,+1.62%,2.60K,+1.63%,2.66K,+2.25%,2.75K,+3.68%
493,Ischemic heart disease,Manipur,Female,1.83K,,1.82K,-0.46%,1.82K,+0.21%,1.82K,-0.35%,1.78K,-2.14%,1.74K,-2.08%,1.72K,-1.35%,1.72K,+0.52%,1.76K,+1.84%,1.79K,+1.98%,1.87K,+4.38%
493,Ischemic heart disease,Meghalaya,Male,1.85K,,1.85K,+0.01%,1.86K,+0.35%,1.86K,-0.05%,1.84K,-1.13%,1.80K,-1.99%,1.79K,-0.39%,1.82K,+1.46%,1.86K,+2.28%,1.91K,+2.40%,1.98K,+3.59%
493,Ischemic heart disease,Meghalaya,Female,1.19K,,1.20K,+0.26%,1.20K,+0.05%,1.19K,-0.31%,1.17K,-2.06%,1.14K,-2.54%,1.12K,-1.58%,1.14K,+1.56%,1.17K,+2.71%,1.21K,+3.07%,1.26K,+4.33%
493,Ischemic heart disease,Mizoram,Male,684.79,,687.16,+0.35%,689.51,+0.34%,683.76,-0.83%,671.48,-1.80%,656.75,-2.19%,651.77,-0.76%,658.30,+1.00%,679.74,+3.26%,702.95,+3.41%,723.92,+2.98%
493,Ischemic heart disease,Mizoram,Female,414.61,,415.35,+0.18%,414.72,-0.15%,405.30,-2.27%,390.17,-3.73%,374.50,-4.02%,364.48,-2.68%,366.71,+0.61%,383.89,+4.69%,397.21,+3.47%,414.57,+4.37%
493,Ischemic heart disease,Nagaland,Male,1.42K,,1.36K,-3.88%,1.32K,-3.22%,1.27K,-3.71%,1.22K,-4.09%,1.17K,-4.13%,1.13K,-3.22%,1.11K,-1.77%,1.11K,-0.27%,1.11K,+0.25%,1.12K,+1.14%
493,Ischemic heart disease,Nagaland,Female,948.47,,914.58,-3.57%,882.96,-3.46%,848.51,-3.90%,808.06,-4.77%,771.59,-4.51%,741.64,-3.88%,726.79,-2.00%,721.00,-0.80%,719.25,-0.24%,734.59,+2.13%
493,Ischemic heart disease,Odisha,Male,32.08K,,31.49K,-1.81%,31.26K,-0.75%,30.92K,-1.09%,30.38K,-1.73%,30.05K,-1.08%,29.90K,-0.52%,30.06K,+0.54%,30.49K,+1.42%,31.07K,+1.90%,31.76K,+2.24%
493,Ischemic heart disease,Odisha,Female,20.24K,,19.98K,-1.27%,19.78K,-1.02%,19.61K,-0.88%,19.17K,-2.20%,18.73K,-2.34%,18.50K,-1.19%,18.66K,+0.84%,19.08K,+2.26%,19.51K,+2.23%,20.02K,+2.62%
493,Ischemic heart disease,Other Union Territories,Male,3.95K,,3.93K,-0.43%,3.94K,+0.21%,3.95K,+0.42%,3.95K,+0.02%,3.97K,+0.32%,3.99K,+0.54%,4.03K,+1.15%,4.06K,+0.55%,4.10K,+1.07%,4.18K,+2.02%
493,Ischemic heart disease,Other Union Territories,Female,2.22K,,2.21K,-0.71%,2.21K,+0.11%,2.20K,-0.57%,2.19K,-0.55%,2.17K,-0.90%,2.16K,-0.39%,2.16K,+0.24%,2.18K,+0.67%,2.20K,+1.07%,2.27K,+3.33%
493,Ischemic heart disease,Punjab,Male,46.70K,,46.19K,-1.09%,45.92K,-0.59%,45.94K,+0.04%,45.88K,-0.13%,45.70K,-0.39%,45.59K,-0.23%,45.52K,-0.17%,44.62K,-1.98%,44.25K,-0.82%,44.87K,+1.40%
493,Ischemic heart disease,Punjab,Female,29.00K,,28.96K,-0.15%,28.93K,-0.09%,28.92K,-0.05%,28.77K,-0.51%,28.68K,-0.30%,28.54K,-0.48%,28.42K,-0.42%,27.93K,-1.72%,27.78K,-0.54%,28.53K,+2.70%
493,Ischemic heart disease,Rajasthan,Male,79.13K,,79.75K,+0.78%,80.68K,+1.16%,81.77K,+1.35%,82.48K,+0.87%,83.30K,+1.00%,84.04K,+0.89%,85.66K,+1.93%,87.54K,+2.20%,90.01K,+2.82%,91.82K,+2.01%
493,Ischemic heart disease,Rajasthan,Female,41.16K,,41.76K,+1.45%,42.46K,+1.68%,42.77K,+0.73%,42.68K,-0.20%,42.45K,-0.56%,42.58K,+0.31%,43.37K,+1.86%,44.63K,+2.91%,46.28K,+3.68%,47.82K,+3.35%
493,Ischemic heart disease,Sikkim,Male,654.17,,649.49,-0.72%,643.15,-0.98%,629.18,-2.17%,595.64,-5.33%,556.68,-6.54%,522.46,-6.15%,502.20,-3.88%,495.86,-1.26%,496.39,+0.11%,508.61,+2.46%
493,Ischemic heart disease,Sikkim,Female,358.25,,355.93,-0.65%,354.02,-0.54%,347.27,-1.91%,337.05,-2.94%,324.92,-3.60%,315.84,-2.79%,315.12,-0.23%,318.26,+0.99%,323.62,+1.68%,336.74,+4.05%
493,Ischemic heart disease,Tamil Nadu,Male,119.51K,,116.94K,-2.15%,115.22K,-1.47%,114.19K,-0.90%,112.23K,-1.71%,110.69K,-1.38%,109.40K,-1.17%,109.25K,-0.14%,108.52K,-0.67%,109.33K,+0.74%,111.00K,+1.53%
493,Ischemic heart disease,Tamil Nadu,Female,65.33K,,63.75K,-2.41%,62.53K,-1.92%,61.40K,-1.81%,59.63K,-2.88%,58.00K,-2.75%,56.76K,-2.13%,56.50K,-0.46%,56.71K,+0.38%,57.38K,+1.17%,58.57K,+2.09%
493,Ischemic heart disease,Telangana,Male,43.85K,,43.39K,-1.05%,42.97K,-0.95%,42.91K,-0.16%,42.51K,-0.92%,42.17K,-0.81%,41.86K,-0.72%,41.55K,-0.74%,41.18K,-0.89%,41.12K,-0.15%,41.59K,+1.15%
493,Ischemic heart disease,Telangana,Female,26.98K,,26.57K,-1.52%,26.19K,-1.40%,25.81K,-1.47%,25.36K,-1.74%,24.91K,-1.77%,24.51K,-1.61%,24.37K,-0.56%,24.28K,-0.38%,24.31K,+0.12%,24.81K,+2.05%
493,Ischemic heart disease,Tripura,Male,4.18K,,4.12K,-1.40%,4.06K,-1.42%,4.03K,-0.75%,3.99K,-0.98%,3.95K,-1.01%,3.94K,-0.42%,3.96K,+0.55%,4.01K,+1.37%,4.08K,+1.73%,4.19K,+2.56%
493,Ischemic heart disease,Tripura,Female,2.49K,,2.44K,-2.05%,2.41K,-1.39%,2.37K,-1.60%,2.31K,-2.52%,2.26K,-1.93%,2.24K,-1.20%,2.24K,+0.36%,2.28K,+1.71%,2.34K,+2.47%,2.42K,+3.39%
493,Ischemic heart disease,Uttar Pradesh,Male,199.40K,,197.34K,-1.03%,196.42K,-0.46%,195.29K,-0.57%,192.93K,-1.21%,190.40K,-1.31%,189.71K,-0.36%,192.20K,+1.31%,196.80K,+2.39%,202.33K,+2.81%,207.69K,+2.65%
493,Ischemic heart disease,Uttar Pradesh,Female,134.47K,,135.44K,+0.72%,136.78K,+0.99%,136.38K,-0.29%,133.84K,-1.86%,130.80K,-2.27%,128.67K,-1.63%,129.46K,+0.61%,132.65K,+2.46%,136.49K,+2.90%,141.66K,+3.79%
493,Ischemic heart disease,Uttarakhand,Male,15.33K,,15.30K,-0.23%,15.36K,+0.39%,15.57K,+1.40%,15.71K,+0.86%,15.88K,+1.08%,16.06K,+1.15%,16.24K,+1.11%,16.24K,+0.04%,16.36K,+0.73%,16.83K,+2.84%
493,Ischemic heart disease,Uttarakhand,Female,8.35K,,8.31K,-0.47%,8.27K,-0.48%,8.23K,-0.49%,8.16K,-0.77%,8.10K,-0.72%,8.06K,-0.55%,8.09K,+0.32%,8.13K,+0.55%,8.23K,+1.18%,8.51K,+3.51%
493,Ischemic heart disease,West Bengal,Male,116.25K,,114.67K,-1.35%,113.37K,-1.13%,112.91K,-0.41%,111.70K,-1.07%,110.71K,-0.89%,110.10K,-0.55%,110.61K,+0.47%,111.10K,+0.44%,112.66K,+1.40%,115.05K,+2.12%
493,Ischemic heart disease,West Bengal,Female,69.96K,,69.31K,-0.93%,69.02K,-0.41%,68.69K,-0.48%,67.99K,-1.02%,67.42K,-0.83%,67.14K,-0.42%,67.26K,+0.18%,67.54K,+0.42%,68.31K,+1.14%,70.88K,+3.76%
494,Stroke,Andhra Pradesh,Male,46.98K,,47.24K,+0.57%,47.61K,+0.77%,48.09K,+1.03%,48.52K,+0.89%,49.02K,+1.03%,49.51K,+1.00%,49.87K,+0.72%,50.04K,+0.35%,50.34K,+0.60%,51.13K,+1.56%
494,Stroke,Andhra Pradesh,Female,36.51K,,37.45K,+2.57%,38.03K,+1.57%,38.42K,+1.02%,38.86K,+1.13%,39.22K,+0.93%,39.62K,+1.02%,40.12K,+1.26%,40.97K,+2.11%,41.85K,+2.16%,42.74K,+2.12%
494,Stroke,Arunachal Pradesh,Male,1.22K,,1.24K,+1.55%,1.27K,+2.76%,1.30K,+2.65%,1.34K,+2.69%,1.37K,+2.06%,1.41K,+2.79%,1.44K,+2.27%,1.47K,+2.30%,1.51K,+2.52%,1.56K,+3.68%
494,Stroke,Arunachal Pradesh,Female,704.71,,722.40,+2.51%,744.32,+3.03%,760.64,+2.19%,777.33,+2.19%,800.01,+2.92%,823.71,+2.96%,848.48,+3.01%,883.43,+4.12%,921.03,+4.26%,964.81,+4.75%
494,Stroke,Assam,Male,44.76K,,45.40K,+1.42%,46.37K,+2.13%,47.44K,+2.31%,48.63K,+2.51%,49.58K,+1.94%,50.61K,+2.08%,51.46K,+1.69%,51.74K,+0.55%,52.08K,+0.66%,53.61K,+2.92%
494,Stroke,Assam,Female,24.11K,,24.74K,+2.60%,25.29K,+2.23%,25.85K,+2.22%,26.27K,+1.62%,26.66K,+1.49%,27.16K,+1.86%,27.62K,+1.72%,28.29K,+2.42%,29.11K,+2.88%,30.31K,+4.15%
494,Stroke,Bihar,Male,79.49K,,79.87K,+0.47%,81.09K,+1.53%,82.25K,+1.44%,83.52K,+1.55%,84.53K,+1.20%,85.87K,+1.59%,87.56K,+1.97%,88.48K,+1.04%,90.23K,+1.99%,92.12K,+2.10%
494,Stroke,Bihar,Female,56.96K,,58.19K,+2.16%,59.07K,+1.50%,59.64K,+0.97%,60.26K,+1.04%,61.15K,+1.47%,62.13K,+1.61%,63.03K,+1.44%,64.68K,+2.62%,66.69K,+3.11%,68.12K,+2.15%
494,Stroke,Chhattisgarh,Male,33.96K,,34.62K,+1.94%,35.46K,+2.42%,36.61K,+3.26%,37.75K,+3.10%,38.65K,+2.39%,39.86K,+3.12%,40.92K,+2.67%,41.47K,+1.35%,42.13K,+1.60%,43.59K,+3.46%
494,Stroke,Chhattisgarh,Female,21.30K,,21.88K,+2.70%,22.47K,+2.71%,22.90K,+1.92%,23.52K,+2.71%,23.99K,+2.02%,24.66K,+2.78%,25.25K,+2.38%,25.86K,+2.43%,26.66K,+3.11%,27.60K,+3.52%
494,Stroke,Delhi,Male,16.20K,,16.22K,+0.11%,16.49K,+1.69%,16.96K,+2.86%,17.50K,+3.15%,17.88K,+2.19%,18.46K,+3.24%,18.85K,+2.08%,19.00K,+0.83%,19.31K,+1.61%,19.95K,+3.31%
494,Stroke,Delhi,Female,12.85K,,13.15K,+2.36%,13.53K,+2.90%,14.01K,+3.54%,14.51K,+3.60%,15.04K,+3.60%,15.62K,+3.85%,16.08K,+2.97%,16.49K,+2.54%,16.89K,+2.42%,17.58K,+4.09%
494,Stroke,Goa,Male,1.45K,,1.46K,+0.84%,1.48K,+1.20%,1.50K,+1.48%,1.52K,+1.21%,1.54K,+1.14%,1.56K,+1.03%,1.57K,+1.20%,1.58K,+0.41%,1.59K,+0.74%,1.60K,+0.66%
494,Stroke,Goa,Female,1.16K,,1.19K,+2.40%,1.21K,+1.93%,1.23K,+1.62%,1.25K,+1.58%,1.26K,+1.21%,1.28K,+1.33%,1.31K,+1.97%,1.33K,+2.21%,1.36K,+2.08%,1.40K,+2.43%
494,Stroke,Gujarat,Male,68.23K,,70.87K,+3.87%,72.86K,+2.81%,74.54K,+2.30%,76.89K,+3.15%,78.64K,+2.27%,80.55K,+2.44%,82.56K,+2.48%,84.85K,+2.78%,87.66K,+3.31%,89.51K,+2.11%
494,Stroke,Gujarat,Female,44.30K,,46.68K,+5.37%,48.55K,+4.00%,50.14K,+3.29%,51.68K,+3.06%,53.22K,+2.97%,54.80K,+2.97%,56.59K,+3.27%,59.39K,+4.95%,62.44K,+5.14%,64.46K,+3.23%
494,Stroke,Haryana,Male,28.44K,,29.85K,+4.96%,30.84K,+3.29%,31.83K,+3.22%,32.73K,+2.82%,33.67K,+2.87%,34.67K,+2.97%,35.56K,+2.59%,36.47K,+2.56%,37.62K,+3.14%,38.44K,+2.19%
494,Stroke,Haryana,Female,19.68K,,20.92K,+6.27%,21.81K,+4.27%,22.49K,+3.14%,23.11K,+2.72%,23.87K,+3.31%,24.70K,+3.47%,25.45K,+3.05%,26.70K,+4.89%,28.00K,+4.87%,28.87K,+3.11%
494,Stroke,Himachal Pradesh,Male,6.96K,,7.10K,+1.91%,7.23K,+1.82%,7.42K,+2.73%,7.61K,+2.45%,7.70K,+1.27%,7.89K,+2.40%,8.02K,+1.66%,8.10K,+1.03%,8.21K,+1.30%,8.36K,+1.86%
494,Stroke,Himachal Pradesh,Female,4.47K,,4.58K,+2.37%,4.66K,+1.69%,4.76K,+2.14%,4.85K,+2.00%,4.94K,+1.77%,5.02K,+1.71%,5.12K,+2.01%,5.26K,+2.62%,5.41K,+2.90%,5.55K,+2.68%
494,Stroke,Jammu & Kashmir and Ladakh,Male,10.21K,,10.46K,+2.49%,10.70K,+2.32%,10.99K,+2.67%,11.19K,+1.79%,11.44K,+2.26%,11.62K,+1.63%,11.90K,+2.41%,12.08K,+1.49%,12.27K,+1.57%,12.57K,+2.47%
494,Stroke,Jammu & Kashmir and Ladakh,Female,6.64K,,6.82K,+2.79%,7.01K,+2.79%,7.20K,+2.63%,7.36K,+2.28%,7.54K,+2.46%,7.75K,+2.69%,7.93K,+2.30%,8.17K,+3.06%,8.39K,+2.69%,8.63K,+2.83%
494,Stroke,Jharkhand,Male,29.13K,,29.65K,+1.76%,30.29K,+2.16%,31.39K,+3.63%,32.10K,+2.26%,33.10K,+3.12%,33.82K,+2.17%,34.55K,+2.17%,34.85K,+0.88%,35.15K,+0.84%,36.09K,+2.69%
494,Stroke,Jharkhand,Female,23.76K,,24.71K,+4.00%,25.41K,+2.84%,26.18K,+3.03%,26.89K,+2.69%,27.49K,+2.24%,28.26K,+2.80%,28.94K,+2.41%,29.77K,+2.85%,30.74K,+3.27%,31.40K,+2.17%
494,Stroke,Karnataka,Male,65.25K,,65.59K,+0.53%,66.25K,+1.00%,66.76K,+0.77%,67.43K,+1.00%,68.09K,+0.98%,69.05K,+1.42%,69.72K,+0.97%,70.24K,+0.74%,71.07K,+1.19%,72.14K,+1.50%
494,Stroke,Karnataka,Female,41.49K,,42.18K,+1.66%,42.79K,+1.46%,43.41K,+1.45%,44.03K,+1.41%,44.46K,+0.99%,45.28K,+1.84%,45.95K,+1.48%,47.21K,+2.73%,48.86K,+3.50%,49.77K,+1.87%
494,Stroke,Kerala,Male,58.74K,,59.78K,+1.77%,60.68K,+1.51%,61.62K,+1.55%,62.20K,+0.94%,62.76K,+0.90%,63.04K,+0.44%,63.47K,+0.67%,63.84K,+0.59%,64.73K,+1.38%,64.48K,-0.38%
494,Stroke,Kerala,Female,41.01K,,42.16K,+2.79%,43.10K,+2.22%,43.94K,+1.95%,44.55K,+1.40%,45.07K,+1.18%,45.94K,+1.91%,46.70K,+1.67%,48.24K,+3.30%,49.69K,+2.99%,50.48K,+1.59%
494,Stroke,Madhya Pradesh,Male,70.01K,,71.04K,+1.47%,72.40K,+1.91%,74.21K,+2.50%,75.71K,+2.02%,77.45K,+2.30%,79.58K,+2.75%,82.23K,+3.33%,84.03K,+2.19%,86.39K,+2.80%,89.28K,+3.34%
494,Stroke,Madhya Pradesh,Female,47.46K,,48.76K,+2.75%,50.10K,+2.74%,51.42K,+2.63%,52.54K,+2.18%,54.02K,+2.83%,55.55K,+2.82%,57.41K,+3.36%,59.52K,+3.66%,61.78K,+3.79%,64.21K,+3.94%
494,Stroke,Maharashtra,Male,134.38K,,136.78K,+1.78%,140.01K,+2.36%,142.16K,+1.54%,145.41K,+2.28%,148.16K,+1.89%,151.49K,+2.25%,154.62K,+2.07%,158.71K,+2.64%,162.77K,+2.56%,167.28K,+2.77%
494,Stroke,Maharashtra,Female,82.75K,,86.86K,+4.96%,89.65K,+3.21%,91.85K,+2.46%,94.25K,+2.61%,96.65K,+2.55%,99.13K,+2.56%,101.92K,+2.82%,107.07K,+5.05%,112.29K,+4.87%,115.86K,+3.18%
494,Stroke,Manipur,Male,3.63K,,3.74K,+3.17%,3.88K,+3.66%,4.01K,+3.22%,4.14K,+3.27%,4.29K,+3.71%,4.42K,+3.10%,4.55K,+2.91%,4.61K,+1.38%,4.70K,+1.85%,4.87K,+3.59%
494,Stroke,Manipur,Female,2.29K,,2.40K,+4.39%,2.49K,+4.00%,2.56K,+2.91%,2.63K,+2.70%,2.72K,+3.15%,2.80K,+3.14%,2.89K,+3.17%,3.00K,+3.67%,3.11K,+3.95%,3.24K,+4.10%
494,Stroke,Meghalaya,Male,2.28K,,2.34K,+2.52%,2.40K,+2.92%,2.49K,+3.55%,2.55K,+2.64%,2.62K,+2.73%,2.70K,+2.93%,2.77K,+2.66%,2.84K,+2.36%,2.89K,+1.74%,2.99K,+3.52%
494,Stroke,Meghalaya,Female,1.60K,,1.67K,+4.33%,1.72K,+3.07%,1.77K,+3.25%,1.83K,+3.04%,1.88K,+2.74%,1.94K,+3.06%,1.99K,+3.06%,2.07K,+3.79%,2.15K,+3.93%,2.24K,+4.27%
494,Stroke,Mizoram,Male,880.84,,907.51,+3.03%,932.47,+2.75%,956.89,+2.62%,980.43,+2.46%,1.01K,+2.74%,1.03K,+2.74%,1.06K,+2.87%,1.09K,+1.98%,1.11K,+1.92%,1.14K,+3.16%
494,Stroke,Mizoram,Female,639.37,,660.79,+3.35%,679.73,+2.87%,693.79,+2.07%,708.38,+2.10%,728.10,+2.78%,748.20,+2.76%,773.02,+3.32%,806.72,+4.36%,836.77,+3.72%,873.44,+4.38%
494,Stroke,Nagaland,Male,2.29K,,2.29K,-0.32%,2.28K,-0.45%,2.28K,+0.19%,2.29K,+0.42%,2.29K,-0.04%,2.30K,+0.57%,2.31K,+0.15%,2.29K,-0.52%,2.30K,+0.32%,2.35K,+1.97%
494,Stroke,Nagaland,Female,1.13K,,1.13K,-0.48%,1.12K,-0.21%,1.12K,-0.08%,1.12K,-0.61%,1.12K,+0.69%,1.12K,+0.03%,1.13K,+0.17%,1.15K,+1.91%,1.17K,+2.05%,1.19K,+1.24%
494,Stroke,Odisha,Male,52.45K,,53.29K,+1.59%,54.26K,+1.82%,55.49K,+2.26%,56.64K,+2.08%,57.84K,+2.11%,59.18K,+2.32%,60.48K,+2.19%,61.02K,+0.90%,61.48K,+0.76%,63.19K,+2.78%
494,Stroke,Odisha,Female,35.20K,,36.13K,+2.67%,36.75K,+1.70%,37.51K,+2.08%,38.29K,+2.07%,39.09K,+2.07%,40.05K,+2.47%,40.96K,+2.27%,42.04K,+2.64%,43.10K,+2.52%,44.60K,+3.48%
494,Stroke,Other Union Territories,Male,2.65K,,2.71K,+2.29%,2.80K,+3.14%,2.89K,+3.11%,2.99K,+3.48%,3.08K,+3.01%,3.18K,+3.28%,3.28K,+3.11%,3.31K,+1.03%,3.37K,+1.77%,3.46K,+2.89%
494,Stroke,Other Union Territories,Female,1.87K,,1.95K,+4.15%,2.03K,+3.82%,2.10K,+3.59%,2.17K,+3.35%,2.24K,+3.36%,2.32K,+3.48%,2.40K,+3.37%,2.48K,+3.29%,2.59K,+4.40%,2.65K,+2.53%
494,Stroke,Punjab,Male,28.59K,,29.08K,+1.70%,29.74K,+2.28%,30.31K,+1.93%,30.81K,+1.64%,31.41K,+1.94%,31.87K,+1.48%,32.34K,+1.47%,32.39K,+0.17%,32.51K,+0.36%,32.91K,+1.24%
494,Stroke,Punjab,Female,19.63K,,20.21K,+2.96%,20.76K,+2.71%,21.21K,+2.15%,21.57K,+1.70%,22.08K,+2.35%,22.60K,+2.37%,23.05K,+2.01%,23.43K,+1.63%,23.97K,+2.30%,24.49K,+2.19%
494,Stroke,Rajasthan,Male,53.32K,,54.47K,+2.16%,55.55K,+1.98%,56.69K,+2.04%,58.12K,+2.53%,59.74K,+2.78%,61.36K,+2.72%,62.91K,+2.52%,64.33K,+2.26%,65.70K,+2.13%,67.55K,+2.82%
494,Stroke,Rajasthan,Female,37.32K,,38.59K,+3.40%,39.70K,+2.88%,40.58K,+2.20%,41.65K,+2.64%,42.76K,+2.68%,44.05K,+3.01%,45.38K,+3.00%,47.51K,+4.70%,49.55K,+4.29%,51.05K,+3.03%
494,Stroke,Sikkim,Male,615.74,,628.91,+2.14%,643.58,+2.33%,657.84,+2.22%,674.17,+2.48%,689.47,+2.27%,706.55,+2.48%,721.46,+2.11%,729.62,+1.13%,740.94,+1.55%,765.47,+3.31%
494,Stroke,Sikkim,Female,372.25,,387.14,+4.00%,399.46,+3.18%,413.37,+3.48%,427.02,+3.30%,440.99,+3.27%,454.81,+3.14%,470.54,+3.46%,490.18,+4.17%,510.67,+4.18%,534.13,+4.59%
494,Stroke,Tamil Nadu,Male,84.00K,,86.22K,+2.65%,88.46K,+2.59%,90.74K,+2.58%,92.43K,+1.87%,94.82K,+2.59%,96.75K,+2.03%,98.97K,+2.30%,100.96K,+2.01%,103.87K,+2.88%,104.80K,+0.89%
494,Stroke,Tamil Nadu,Female,60.97K,,63.38K,+3.95%,65.28K,+3.00%,66.84K,+2.39%,68.54K,+2.54%,70.61K,+3.02%,72.62K,+2.84%,74.43K,+2.50%,77.80K,+4.52%,81.57K,+4.84%,82.93K,+1.67%
494,Stroke,Telangana,Male,31.25K,,31.56K,+0.98%,31.79K,+0.72%,32.09K,+0.94%,32.40K,+0.96%,32.67K,+0.84%,32.80K,+0.39%,33.14K,+1.04%,33.09K,-0.16%,33.47K,+1.15%,33.62K,+0.44%
494,Stroke,Telangana,Female,20.65K,,21.02K,+1.81%,21.37K,+1.65%,21.58K,+0.99%,21.73K,+0.69%,22.13K,+1.86%,22.44K,+1.37%,22.75K,+1.42%,23.29K,+2.36%,23.90K,+2.62%,24.26K,+1.52%
494,Stroke,Tripura,Male,6.09K,,6.17K,+1.30%,6.25K,+1.36%,6.39K,+2.24%,6.53K,+2.11%,6.68K,+2.28%,6.78K,+1.58%,6.91K,+1.80%,6.95K,+0.64%,7.00K,+0.68%,7.20K,+2.85%
494,Stroke,Tripura,Female,3.67K,,3.78K,+2.82%,3.86K,+2.19%,3.94K,+2.02%,4.00K,+1.68%,4.07K,+1.74%,4.15K,+1.97%,4.24K,+2.09%,4.34K,+2.45%,4.50K,+3.50%,4.63K,+3.00%
494,Stroke,Uttar Pradesh,Male,189.49K,,197.29K,+4.12%,203.74K,+3.27%,209.45K,+2.80%,215.66K,+2.97%,221.75K,+2.82%,228.71K,+3.14%,235.64K,+3.03%,246.02K,+4.41%,256.05K,+4.08%,263.41K,+2.87%
494,Stroke,Uttar Pradesh,Female,159.85K,,169.88K,+6.27%,176.70K,+4.02%,181.86K,+2.92%,186.28K,+2.43%,192.44K,+3.31%,198.49K,+3.14%,205.01K,+3.28%,215.89K,+5.31%,228.12K,+5.66%,233.85K,+2.51%
494,Stroke,Uttarakhand,Male,12.37K,,12.61K,+1.95%,12.85K,+1.89%,13.21K,+2.84%,13.47K,+1.99%,13.79K,+2.37%,14.16K,+2.67%,14.40K,+1.68%,14.59K,+1.34%,14.82K,+1.55%,15.23K,+2.81%
494,Stroke,Uttarakhand,Female,7.23K,,7.48K,+3.43%,7.70K,+2.91%,7.88K,+2.39%,8.10K,+2.80%,8.29K,+2.24%,8.53K,+2.98%,8.75K,+2.57%,9.05K,+3.35%,9.33K,+3.15%,9.65K,+3.44%
494,Stroke,West Bengal,Male,159.00K,,161.19K,+1.38%,164.19K,+1.86%,168.18K,+2.43%,171.18K,+1.79%,175.08K,+2.28%,178.00K,+1.67%,181.09K,+1.73%,181.02K,-0.04%,181.45K,+0.24%,185.11K,+2.02%
494,Stroke,West Bengal,Female,105.72K,,109.45K,+3.53%,112.57K,+2.85%,115.35K,+2.47%,117.75K,+2.08%,120.58K,+2.40%,123.41K,+2.35%,126.29K,+2.33%,130.00K,+2.94%,134.00K,+3.08%,138.11K,+3.07%
498,Hypertensive heart disease,Andhra Pradesh,Male,719.68,,723.79,+0.57%,739.61,+2.19%,757.45,+2.41%,771.99,+1.92%,789.43,+2.26%,802.03,+1.60%,819.57,+2.19%,863.03,+5.30%,890.48,+3.18%,883.71,-0.76%
498,Hypertensive heart disease,Andhra Pradesh,Female,1.56K,,1.60K,+2.51%,1.65K,+3.33%,1.71K,+3.70%,1.76K,+2.87%,1.81K,+2.90%,1.86K,+2.74%,1.90K,+2.25%,1.96K,+2.92%,2.01K,+2.27%,2.01K,+0.15%
498,Hypertensive heart disease,Arunachal Pradesh,Male,24.83,,26.15,+5.33%,26.76,+2.33%,27.98,+4.55%,29.34,+4.88%,30.40,+3.61%,31.61,+3.98%,32.99,+4.35%,34.46,+4.44%,35.69,+3.58%,36.77,+3.03%
498,Hypertensive heart disease,Arunachal Pradesh,Female,34.63,,36.65,+5.83%,38.88,+6.08%,40.64,+4.53%,42.48,+4.54%,44.80,+5.46%,47.07,+5.06%,49.46,+5.09%,51.31,+3.74%,53.06,+3.40%,54.36,+2.44%
498,Hypertensive heart disease,Assam,Male,751.63,,781.39,+3.96%,798.53,+2.19%,828.46,+3.75%,861.12,+3.94%,895.24,+3.96%,918.26,+2.57%,953.75,+3.86%,990.99,+3.90%,1.01K,+1.72%,1.02K,+0.70%
498,Hypertensive heart disease,Assam,Female,857.63,,908.71,+5.96%,950.87,+4.64%,986.00,+3.69%,1.03K,+4.21%,1.07K,+4.29%,1.12K,+4.10%,1.15K,+3.17%,1.17K,+1.87%,1.21K,+2.85%,1.21K,+0.69%
498,Hypertensive heart disease,Bihar,Male,1.85K,,1.91K,+3.19%,1.97K,+2.93%,2.05K,+3.99%,2.11K,+2.97%,2.16K,+2.38%,2.24K,+4.03%,2.31K,+2.84%,2.34K,+1.26%,2.42K,+3.62%,2.41K,-0.55%
498,Hypertensive heart disease,Bihar,Female,2.66K,,2.78K,+4.71%,2.89K,+3.75%,3.05K,+5.80%,3.15K,+2.95%,3.28K,+4.28%,3.39K,+3.50%,3.48K,+2.43%,3.54K,+1.71%,3.56K,+0.75%,3.56K,-0.04%
498,Hypertensive heart disease,Chhattisgarh,Male,524.41,,550.98,+5.07%,573.94,+4.17%,593.31,+3.38%,617.41,+4.06%,642.38,+4.04%,666.46,+3.75%,690.38,+3.59%,709.97,+2.84%,733.60,+3.33%,739.43,+0.79%
498,Hypertensive heart disease,Chhattisgarh,Female,784.19,,818.22,+4.34%,850.74,+3.97%,885.81,+4.12%,930.45,+5.04%,960.40,+3.22%,998.85,+4.00%,1.03K,+2.91%,1.06K,+2.67%,1.07K,+1.32%,1.07K,+0.44%
498,Hypertensive heart disease,Delhi,Male,305.00,,318.13,+4.31%,329.27,+3.50%,344.66,+4.67%,353.04,+2.43%,369.54,+4.67%,382.47,+3.50%,396.77,+3.74%,412.37,+3.93%,430.67,+4.44%,439.51,+2.05%
498,Hypertensive heart disease,Delhi,Female,436.87,,458.48,+4.95%,484.37,+5.65%,506.34,+4.54%,527.16,+4.11%,554.03,+5.10%,586.58,+5.88%,611.83,+4.30%,632.87,+3.44%,664.22,+4.95%,675.45,+1.69%
498,Hypertensive heart disease,Goa,Male,33.48,,33.93,+1.36%,35.12,+3.49%,35.99,+2.48%,36.87,+2.43%,37.51,+1.74%,38.53,+2.71%,39.53,+2.62%,40.41,+2.21%,41.02,+1.51%,41.27,+0.62%
498,Hypertensive heart disease,Goa,Female,56.55,,58.14,+2.81%,60.85,+4.67%,62.11,+2.06%,64.01,+3.06%,66.35,+3.66%,68.43,+3.13%,70.86,+3.55%,73.19,+3.29%,75.21,+2.76%,75.83,+0.83%
498,Hypertensive heart disease,Gujarat,Male,897.34,,932.93,+3.97%,969.03,+3.87%,1.01K,+4.35%,1.06K,+4.86%,1.10K,+3.68%,1.15K,+4.68%,1.21K,+5.07%,1.25K,+3.61%,1.30K,+4.15%,1.32K,+0.81%
498,Hypertensive heart disease,Gujarat,Female,1.78K,,1.84K,+3.84%,1.91K,+3.79%,2.01K,+4.89%,2.09K,+4.10%,2.17K,+3.93%,2.26K,+4.10%,2.36K,+4.56%,2.43K,+2.78%,2.48K,+2.02%,2.52K,+1.60%
498,Hypertensive heart disease,Haryana,Male,388.17,,394.30,+1.58%,402.76,+2.14%,419.44,+4.14%,436.99,+4.18%,460.29,+5.33%,471.05,+2.34%,490.74,+4.18%,503.77,+2.66%,519.70,+3.16%,525.73,+1.16%
498,Hypertensive heart disease,Haryana,Female,716.39,,733.99,+2.46%,766.51,+4.43%,800.55,+4.44%,831.07,+3.81%,858.81,+3.34%,887.64,+3.36%,925.16,+4.23%,958.82,+3.64%,984.07,+2.63%,986.68,+0.27%
498,Hypertensive heart disease,Himachal Pradesh,Male,129.47,,132.26,+2.15%,135.46,+2.42%,142.52,+5.21%,146.95,+3.11%,153.70,+4.59%,159.34,+3.67%,165.77,+4.04%,173.55,+4.69%,180.08,+3.76%,184.65,+2.54%
498,Hypertensive heart disease,Himachal Pradesh,Female,240.80,,249.05,+3.43%,258.59,+3.83%,273.84,+5.89%,284.32,+3.83%,299.78,+5.44%,312.16,+4.13%,330.32,+5.82%,338.54,+2.49%,352.48,+4.12%,356.16,+1.04%
498,Hypertensive heart disease,Jammu & Kashmir and Ladakh,Male,216.97,,222.27,+2.44%,227.38,+2.30%,233.31,+2.61%,241.53,+3.53%,248.24,+2.78%,254.44,+2.49%,263.49,+3.56%,271.94,+3.21%,279.93,+2.94%,280.97,+0.37%
498,Hypertensive heart disease,Jammu & Kashmir and Ladakh,Female,301.16,,311.97,+3.59%,324.32,+3.96%,332.83,+2.62%,346.13,+4.00%,357.89,+3.40%,370.57,+3.54%,387.39,+4.54%,399.37,+3.09%,409.85,+2.62%,415.27,+1.32%
498,Hypertensive heart disease,Jharkhand,Male,541.45,,553.16,+2.16%,569.83,+3.01%,591.24,+3.76%,615.50,+4.10%,638.20,+3.69%,663.39,+3.95%,686.80,+3.53%,707.40,+3.00%,725.39,+2.54%,731.05,+0.78%
498,Hypertensive heart disease,Jharkhand,Female,818.43,,863.89,+5.55%,900.28,+4.21%,945.75,+5.05%,981.91,+3.82%,1.02K,+4.27%,1.06K,+3.59%,1.10K,+3.68%,1.13K,+2.77%,1.15K,+1.98%,1.15K,-0.01%
498,Hypertensive heart disease,Karnataka,Male,988.48,,1.02K,+3.29%,1.04K,+1.98%,1.08K,+3.59%,1.11K,+2.62%,1.14K,+3.04%,1.16K,+1.49%,1.19K,+3.08%,1.24K,+4.07%,1.28K,+3.25%,1.30K,+1.13%
498,Hypertensive heart disease,Karnataka,Female,1.78K,,1.82K,+2.19%,1.86K,+2.10%,1.92K,+3.50%,1.99K,+3.65%,2.07K,+3.91%,2.12K,+2.44%,2.21K,+4.02%,2.26K,+2.43%,2.35K,+4.23%,2.35K,-0.30%
498,Hypertensive heart disease,Kerala,Male,585.41,,604.81,+3.31%,618.88,+2.33%,646.79,+4.51%,667.66,+3.23%,695.40,+4.15%,714.19,+2.70%,740.58,+3.70%,751.71,+1.50%,776.91,+3.35%,774.27,-0.34%
498,Hypertensive heart disease,Kerala,Female,1.66K,,1.72K,+3.74%,1.77K,+3.18%,1.84K,+4.00%,1.91K,+3.40%,2.01K,+5.42%,2.07K,+3.08%,2.16K,+4.16%,2.20K,+2.07%,2.25K,+2.05%,2.26K,+0.63%
498,Hypertensive heart disease,Madhya Pradesh,Male,978.65,,1.01K,+3.36%,1.04K,+2.80%,1.08K,+3.88%,1.12K,+3.64%,1.17K,+4.11%,1.22K,+4.67%,1.28K,+4.82%,1.32K,+3.27%,1.39K,+5.40%,1.39K,-0.27%
498,Hypertensive heart disease,Madhya Pradesh,Female,2.15K,,2.25K,+4.34%,2.35K,+4.43%,2.47K,+5.20%,2.56K,+3.50%,2.68K,+4.74%,2.77K,+3.51%,2.87K,+3.60%,2.97K,+3.55%,3.05K,+2.73%,3.06K,+0.34%
498,Hypertensive heart disease,Maharashtra,Male,1.99K,,2.06K,+3.25%,2.10K,+2.21%,2.16K,+2.73%,2.26K,+4.85%,2.33K,+2.87%,2.41K,+3.35%,2.48K,+3.04%,2.62K,+5.50%,2.73K,+4.28%,2.77K,+1.75%
498,Hypertensive heart disease,Maharashtra,Female,3.73K,,3.83K,+2.92%,3.98K,+3.86%,4.13K,+3.58%,4.28K,+3.86%,4.45K,+3.96%,4.63K,+3.96%,4.76K,+2.75%,4.89K,+2.69%,5.01K,+2.44%,5.09K,+1.64%
498,Hypertensive heart disease,Manipur,Male,62.84,,65.59,+4.37%,68.98,+5.18%,73.13,+6.01%,76.91,+5.17%,79.60,+3.50%,84.30,+5.90%,87.78,+4.13%,91.11,+3.80%,93.94,+3.11%,95.82,+2.00%
498,Hypertensive heart disease,Manipur,Female,95.07,,101.21,+6.46%,107.56,+6.27%,114.27,+6.24%,121.83,+6.62%,128.45,+5.44%,135.24,+5.29%,143.78,+6.31%,148.34,+3.17%,153.54,+3.50%,158.26,+3.08%
498,Hypertensive heart disease,Meghalaya,Male,47.54,,49.62,+4.39%,51.38,+3.55%,53.57,+4.26%,55.92,+4.39%,57.96,+3.64%,60.27,+3.99%,63.53,+5.41%,65.76,+3.51%,67.73,+2.98%,69.81,+3.07%
498,Hypertensive heart disease,Meghalaya,Female,75.54,,79.38,+5.08%,83.14,+4.74%,87.45,+5.18%,91.61,+4.76%,96.66,+5.51%,102.05,+5.57%,107.22,+5.07%,110.77,+3.32%,113.30,+2.29%,116.29,+2.64%
498,Hypertensive heart disease,Mizoram,Male,24.12,,24.95,+3.46%,25.96,+4.03%,27.09,+4.36%,28.24,+4.23%,29.58,+4.75%,30.95,+4.63%,32.13,+3.81%,33.45,+4.12%,34.80,+4.05%,34.93,+0.36%
498,Hypertensive heart disease,Mizoram,Female,41.27,,43.79,+6.11%,46.54,+6.28%,49.01,+5.29%,51.71,+5.53%,54.59,+5.56%,57.18,+4.74%,59.61,+4.26%,62.11,+4.20%,63.60,+2.39%,65.01,+2.23%
498,Hypertensive heart disease,Nagaland,Male,33.52,,33.94,+1.24%,34.33,+1.16%,34.96,+1.85%,35.93,+2.78%,36.40,+1.31%,37.38,+2.69%,38.41,+2.73%,38.51,+0.27%,39.49,+2.56%,39.26,-0.60%
498,Hypertensive heart disease,Nagaland,Female,41.67,,42.80,+2.71%,44.24,+3.35%,45.49,+2.83%,47.05,+3.44%,48.43,+2.93%,50.14,+3.53%,51.93,+3.57%,53.16,+2.37%,53.87,+1.33%,54.85,+1.82%
498,Hypertensive heart disease,Odisha,Male,1.19K,,1.24K,+4.06%,1.29K,+4.01%,1.35K,+4.67%,1.39K,+3.08%,1.43K,+2.97%,1.49K,+3.68%,1.54K,+3.57%,1.59K,+3.03%,1.63K,+2.46%,1.64K,+1.02%
498,Hypertensive heart disease,Odisha,Female,1.55K,,1.62K,+4.59%,1.69K,+4.19%,1.77K,+5.05%,1.85K,+4.33%,1.92K,+3.72%,1.99K,+3.94%,2.05K,+2.99%,2.11K,+2.76%,2.15K,+1.75%,2.16K,+0.38%
498,Hypertensive heart disease,Other Union Territories,Male,58.60,,60.47,+3.20%,62.78,+3.82%,66.75,+6.32%,69.16,+3.61%,72.29,+4.53%,75.14,+3.94%,78.34,+4.26%,80.72,+3.04%,83.86,+3.88%,85.10,+1.48%
498,Hypertensive heart disease,Other Union Territories,Female,103.09,,108.06,+4.82%,112.33,+3.95%,118.59,+5.57%,124.23,+4.75%,129.06,+3.89%,133.93,+3.77%,141.44,+5.61%,144.81,+2.38%,150.68,+4.06%,153.04,+1.56%
498,Hypertensive heart disease,Punjab,Male,506.45,,511.32,+0.96%,526.13,+2.90%,545.33,+3.65%,561.91,+3.04%,581.27,+3.44%,603.57,+3.84%,618.00,+2.39%,630.51,+2.02%,645.44,+2.37%,646.15,+0.11%
498,Hypertensive heart disease,Punjab,Female,734.85,,760.19,+3.45%,782.78,+2.97%,809.22,+3.38%,838.66,+3.64%,868.56,+3.57%,907.85,+4.52%,945.95,+4.20%,968.37,+2.37%,1.01K,+4.13%,1.01K,+0.51%
498,Hypertensive heart disease,Rajasthan,Male,863.82,,880.12,+1.89%,906.38,+2.98%,938.29,+3.52%,984.43,+4.92%,1.03K,+4.77%,1.06K,+2.51%,1.11K,+4.75%,1.15K,+3.96%,1.20K,+4.28%,1.22K,+1.42%
498,Hypertensive heart disease,Rajasthan,Female,1.78K,,1.84K,+3.43%,1.90K,+3.39%,1.96K,+2.83%,2.04K,+4.12%,2.13K,+4.62%,2.23K,+4.43%,2.30K,+3.17%,2.38K,+3.70%,2.43K,+2.12%,2.46K,+1.38%
498,Hypertensive heart disease,Sikkim,Male,12.15,,12.50,+2.87%,12.92,+3.32%,13.31,+3.05%,13.91,+4.47%,14.40,+3.52%,14.95,+3.84%,15.58,+4.24%,16.10,+3.29%,16.73,+3.94%,16.91,+1.09%
498,Hypertensive heart disease,Sikkim,Female,15.39,,16.00,+3.92%,16.76,+4.75%,17.55,+4.76%,18.40,+4.81%,19.33,+5.06%,20.36,+5.36%,21.42,+5.16%,22.43,+4.72%,23.29,+3.84%,23.88,+2.52%
498,Hypertensive heart disease,Tamil Nadu,Male,1.21K,,1.25K,+3.73%,1.28K,+2.12%,1.33K,+3.83%,1.38K,+4.21%,1.43K,+3.53%,1.49K,+4.42%,1.55K,+3.72%,1.64K,+5.78%,1.69K,+3.38%,1.71K,+0.66%
498,Hypertensive heart disease,Tamil Nadu,Female,2.38K,,2.44K,+2.68%,2.52K,+3.12%,2.62K,+4.05%,2.74K,+4.35%,2.83K,+3.46%,2.99K,+5.48%,3.12K,+4.49%,3.24K,+3.82%,3.35K,+3.38%,3.39K,+1.26%
498,Hypertensive heart disease,Telangana,Male,542.57,,548.04,+1.01%,558.33,+1.88%,573.68,+2.75%,581.58,+1.38%,593.29,+2.01%,601.33,+1.36%,607.70,+1.06%,622.76,+2.48%,643.88,+3.39%,637.80,-0.94%
498,Hypertensive heart disease,Telangana,Female,1.05K,,1.08K,+3.16%,1.12K,+3.62%,1.15K,+2.13%,1.18K,+3.28%,1.21K,+2.66%,1.26K,+3.53%,1.29K,+2.77%,1.32K,+1.93%,1.34K,+2.06%,1.35K,+0.07%
498,Hypertensive heart disease,Tripura,Male,59.66,,61.02,+2.28%,63.38,+3.87%,65.72,+3.69%,68.56,+4.31%,70.81,+3.29%,73.68,+4.04%,75.71,+2.75%,79.16,+4.56%,80.37,+1.53%,81.16,+0.99%
498,Hypertensive heart disease,Tripura,Female,100.06,,103.94,+3.88%,110.03,+5.86%,114.45,+4.02%,119.50,+4.42%,124.88,+4.50%,131.08,+4.97%,136.45,+4.10%,139.85,+2.49%,143.53,+2.63%,145.92,+1.67%
498,Hypertensive heart disease,Uttar Pradesh,Male,3.66K,,3.82K,+4.22%,3.91K,+2.51%,4.01K,+2.55%,4.14K,+3.17%,4.24K,+2.34%,4.45K,+5.00%,4.52K,+1.67%,4.72K,+4.24%,4.86K,+3.05%,5.01K,+3.04%
498,Hypertensive heart disease,Uttar Pradesh,Female,5.56K,,5.77K,+3.70%,5.99K,+3.84%,6.23K,+3.99%,6.44K,+3.36%,6.67K,+3.61%,6.91K,+3.52%,7.10K,+2.79%,7.33K,+3.24%,7.49K,+2.24%,7.50K,+0.13%
498,Hypertensive heart disease,Uttarakhand,Male,161.40,,163.49,+1.30%,170.37,+4.21%,174.91,+2.66%,182.24,+4.19%,188.69,+3.54%,194.79,+3.23%,201.85,+3.62%,209.51,+3.80%,214.84,+2.54%,218.11,+1.52%
498,Hypertensive heart disease,Uttarakhand,Female,291.31,,303.27,+4.11%,314.86,+3.82%,329.84,+4.76%,341.82,+3.63%,357.33,+4.54%,372.53,+4.25%,386.74,+3.81%,397.04,+2.66%,409.06,+3.03%,412.82,+0.92%
498,Hypertensive heart disease,West Bengal,Male,1.49K,,1.54K,+3.95%,1.61K,+4.44%,1.67K,+3.39%,1.71K,+2.76%,1.77K,+3.29%,1.83K,+3.23%,1.89K,+3.35%,1.98K,+4.77%,2.04K,+3.00%,2.07K,+1.63%
498,Hypertensive heart disease,West Bengal,Female,2.42K,,2.52K,+4.04%,2.63K,+4.30%,2.73K,+3.86%,2.86K,+4.90%,3.00K,+4.78%,3.11K,+3.71%,3.30K,+6.09%,3.35K,+1.43%,3.44K,+2.70%,3.45K,+0.19%
499,Cardiomyopathy and myocarditis,Andhra Pradesh,Male,35.56,,36.26,+1.97%,36.95,+1.93%,37.84,+2.41%,38.84,+2.62%,39.90,+2.74%,40.97,+2.68%,41.96,+2.40%,42.67,+1.70%,43.38,+1.66%,44.14,+1.75%
499,Cardiomyopathy and myocarditis,Andhra Pradesh,Female,5.92,,6.03,+1.92%,6.14,+1.73%,6.25,+1.80%,6.35,+1.68%,6.45,+1.56%,6.54,+1.42%,6.63,+1.26%,6.67,+0.66%,6.73,+0.88%,6.86,+1.91%
499,Cardiomyopathy and myocarditis,Arunachal Pradesh,Male,1.47,,1.53,+4.22%,1.59,+3.76%,1.64,+3.50%,1.70,+3.36%,1.75,+3.31%,1.81,+3.30%,1.87,+3.32%,1.93,+3.06%,1.99,+3.11%,2.06,+3.42%
499,Cardiomyopathy and myocarditis,Arunachal Pradesh,Female,0.21,,0.22,+4.59%,0.23,+4.03%,0.23,+3.52%,0.24,+3.16%,0.25,+2.99%,0.26,+2.99%,0.26,+3.18%,0.27,+3.96%,0.29,+4.24%,0.30,+4.10%
499,Cardiomyopathy and myocarditis,Assam,Male,29.41,,30.57,+3.96%,31.61,+3.39%,32.59,+3.10%,33.54,+2.93%,34.49,+2.83%,35.44,+2.74%,36.39,+2.67%,36.91,+1.43%,37.44,+1.45%,38.46,+2.71%
499,Cardiomyopathy and myocarditis,Assam,Female,4.37,,4.59,+5.15%,4.77,+3.89%,4.89,+2.55%,4.98,+1.69%,5.04,+1.24%,5.10,+1.23%,5.18,+1.65%,5.28,+1.95%,5.41,+2.39%,5.60,+3.40%
499,Cardiomyopathy and myocarditis,Bihar,Male,85.47,,89.31,+4.49%,92.84,+3.95%,96.40,+3.84%,99.92,+3.64%,103.41,+3.50%,106.86,+3.34%,110.23,+3.15%,112.01,+1.61%,113.96,+1.74%,117.52,+3.12%
499,Cardiomyopathy and myocarditis,Bihar,Female,12.62,,13.14,+4.13%,13.64,+3.77%,14.14,+3.71%,14.64,+3.53%,15.15,+3.45%,15.67,+3.47%,16.23,+3.57%,16.87,+3.93%,17.57,+4.13%,18.27,+4.01%
499,Cardiomyopathy and myocarditis,Chhattisgarh,Male,20.21,,21.11,+4.46%,21.92,+3.86%,22.71,+3.56%,23.46,+3.34%,24.24,+3.29%,25.04,+3.32%,25.87,+3.32%,26.89,+3.93%,27.96,+3.98%,28.83,+3.11%
499,Cardiomyopathy and myocarditis,Chhattisgarh,Female,2.97,,3.11,+4.85%,3.24,+4.09%,3.36,+3.62%,3.47,+3.35%,3.58,+3.17%,3.69,+3.07%,3.80,+2.98%,3.93,+3.41%,4.08,+3.68%,4.22,+3.59%
499,Cardiomyopathy and myocarditis,Delhi,Male,12.55,,13.05,+3.97%,13.47,+3.24%,13.84,+2.70%,14.17,+2.41%,14.50,+2.30%,14.83,+2.30%,15.16,+2.21%,15.39,+1.53%,15.66,+1.75%,16.05,+2.48%
499,Cardiomyopathy and myocarditis,Delhi,Female,1.74,,1.78,+2.37%,1.82,+2.20%,1.86,+2.17%,1.90,+1.99%,1.93,+1.88%,1.97,+1.83%,2.00,+1.76%,2.03,+1.53%,2.07,+1.83%,2.13,+2.66%
499,Cardiomyopathy and myocarditis,Goa,Male,1.31,,1.33,+2.14%,1.36,+1.74%,1.38,+1.50%,1.40,+1.37%,1.41,+1.31%,1.43,+1.26%,1.45,+1.14%,1.46,+0.80%,1.47,+0.71%,1.48,+0.84%
499,Cardiomyopathy and myocarditis,Goa,Female,0.18,,0.19,+1.15%,0.19,+0.87%,0.19,+0.69%,0.19,+0.56%,0.19,+0.49%,0.19,+0.46%,0.19,+0.46%,0.19,-0.14%,0.19,+0.01%,0.19,+1.16%
499,Cardiomyopathy and myocarditis,Gujarat,Male,40.05,,41.25,+3.01%,42.40,+2.78%,43.63,+2.90%,44.86,+2.82%,46.11,+2.79%,47.38,+2.75%,48.63,+2.64%,49.53,+1.84%,50.49,+1.95%,51.77,+2.53%
499,Cardiomyopathy and myocarditis,Gujarat,Female,6.30,,6.44,+2.22%,6.57,+2.05%,6.69,+1.82%,6.78,+1.31%,6.85,+1.02%,6.91,+0.93%,6.98,+1.04%,7.02,+0.60%,7.11,+1.17%,7.31,+2.86%
499,Cardiomyopathy and myocarditis,Haryana,Male,16.28,,16.57,+1.76%,16.92,+2.15%,17.39,+2.74%,17.86,+2.74%,18.38,+2.89%,18.95,+3.07%,19.56,+3.23%,20.41,+4.36%,21.27,+4.21%,21.82,+2.56%
499,Cardiomyopathy and myocarditis,Haryana,Female,2.77,,2.82,+1.55%,2.86,+1.73%,2.92,+1.96%,2.97,+1.78%,3.02,+1.73%,3.08,+1.78%,3.14,+1.95%,3.22,+2.56%,3.31,+2.88%,3.41,+2.85%
499,Cardiomyopathy and myocarditis,Himachal Pradesh,Male,6.46,,6.60,+2.23%,6.76,+2.39%,6.94,+2.67%,7.11,+2.47%,7.28,+2.38%,7.45,+2.37%,7.63,+2.43%,7.82,+2.48%,8.02,+2.47%,8.18,+2.07%
499,Cardiomyopathy and myocarditis,Himachal Pradesh,Female,1.02,,1.05,+2.72%,1.07,+2.08%,1.09,+1.73%,1.11,+1.47%,1.12,+1.33%,1.14,+1.28%,1.15,+1.34%,1.16,+1.01%,1.18,+1.22%,1.20,+2.16%
499,Cardiomyopathy and myocarditis,Jammu & Kashmir and Ladakh,Male,10.44,,10.72,+2.64%,10.98,+2.49%,11.25,+2.42%,11.50,+2.23%,11.76,+2.22%,12.03,+2.30%,12.32,+2.42%,12.65,+2.70%,13.02,+2.91%,13.38,+2.82%
499,Cardiomyopathy and myocarditis,Jammu & Kashmir and Ladakh,Female,1.41,,1.45,+3.07%,1.49,+2.68%,1.52,+2.42%,1.56,+2.30%,1.59,+2.22%,1.63,+2.17%,1.66,+2.17%,1.70,+1.85%,1.73,+2.20%,1.79,+3.29%
499,Cardiomyopathy and myocarditis,Jharkhand,Male,22.53,,23.47,+4.13%,24.35,+3.75%,25.28,+3.84%,26.22,+3.73%,27.18,+3.64%,28.13,+3.51%,29.06,+3.31%,29.75,+2.35%,30.46,+2.41%,31.36,+2.93%
499,Cardiomyopathy and myocarditis,Jharkhand,Female,3.47,,3.64,+5.15%,3.81,+4.41%,3.96,+4.03%,4.11,+3.77%,4.26,+3.63%,4.41,+3.62%,4.57,+3.70%,4.76,+4.08%,4.96,+4.13%,5.13,+3.52%
499,Cardiomyopathy and myocarditis,Karnataka,Male,40.82,,41.85,+2.54%,42.82,+2.30%,43.81,+2.33%,44.80,+2.25%,45.80,+2.23%,46.81,+2.21%,47.80,+2.12%,48.74,+1.97%,49.79,+2.16%,50.91,+2.25%
499,Cardiomyopathy and myocarditis,Karnataka,Female,6.03,,6.01,-0.23%,6.03,+0.29%,6.07,+0.63%,6.10,+0.42%,6.12,+0.41%,6.16,+0.59%,6.22,+0.93%,6.32,+1.62%,6.45,+2.16%,6.62,+2.60%
499,Cardiomyopathy and myocarditis,Kerala,Male,32.59,,33.30,+2.18%,33.86,+1.68%,34.38,+1.53%,34.80,+1.22%,35.14,+0.96%,35.41,+0.78%,35.66,+0.70%,35.43,-0.63%,35.26,-0.50%,35.49,+0.67%
499,Cardiomyopathy and myocarditis,Kerala,Female,5.97,,5.93,-0.64%,5.93,+0.02%,5.98,+0.85%,6.04,+1.06%,6.11,+1.13%,6.18,+1.05%,6.23,+0.85%,6.20,-0.54%,6.17,-0.40%,6.25,+1.23%
499,Cardiomyopathy and myocarditis,Madhya Pradesh,Male,54.08,,55.94,+3.43%,57.78,+3.29%,59.79,+3.48%,61.74,+3.27%,63.73,+3.22%,65.79,+3.23%,67.97,+3.30%,70.38,+3.55%,72.97,+3.67%,75.22,+3.09%
499,Cardiomyopathy and myocarditis,Madhya Pradesh,Female,8.91,,9.31,+4.49%,9.66,+3.75%,9.99,+3.37%,10.30,+3.12%,10.60,+2.96%,10.91,+2.89%,11.23,+2.91%,11.60,+3.32%,12.02,+3.64%,12.47,+3.69%
499,Cardiomyopathy and myocarditis,Maharashtra,Male,86.60,,89.17,+2.97%,91.44,+2.54%,93.61,+2.38%,95.58,+2.10%,97.42,+1.93%,99.32,+1.94%,101.41,+2.11%,103.88,+2.44%,106.83,+2.84%,109.63,+2.62%
499,Cardiomyopathy and myocarditis,Maharashtra,Female,12.76,,12.95,+1.45%,13.13,+1.40%,13.30,+1.29%,13.42,+0.91%,13.52,+0.72%,13.62,+0.75%,13.76,+1.03%,13.93,+1.24%,14.18,+1.77%,14.56,+2.68%
499,Cardiomyopathy and myocarditis,Manipur,Male,3.66,,3.83,+4.67%,3.99,+4.21%,4.15,+4.01%,4.30,+3.63%,4.45,+3.41%,4.60,+3.33%,4.75,+3.31%,4.85,+2.19%,4.96,+2.33%,5.13,+3.35%
499,Cardiomyopathy and myocarditis,Manipur,Female,0.47,,0.49,+3.99%,0.51,+3.60%,0.53,+3.45%,0.54,+3.27%,0.56,+3.12%,0.58,+3.03%,0.59,+2.96%,0.61,+2.32%,0.62,+2.49%,0.65,+3.58%
499,Cardiomyopathy and myocarditis,Meghalaya,Male,3.12,,3.24,+3.84%,3.36,+3.61%,3.48,+3.68%,3.61,+3.70%,3.75,+3.72%,3.89,+3.70%,4.03,+3.58%,4.14,+2.73%,4.25,+2.83%,4.41,+3.62%
499,Cardiomyopathy and myocarditis,Meghalaya,Female,0.45,,0.47,+4.69%,0.49,+4.07%,0.51,+3.70%,0.52,+3.55%,0.54,+3.46%,0.56,+3.42%,0.58,+3.40%,0.60,+3.06%,0.62,+3.25%,0.64,+4.13%
499,Cardiomyopathy and myocarditis,Mizoram,Male,1.78,,1.85,+3.66%,1.91,+3.21%,1.96,+2.58%,2.00,+2.05%,2.03,+1.88%,2.07,+2.00%,2.12,+2.40%,2.19,+3.00%,2.26,+3.12%,2.32,+2.93%
499,Cardiomyopathy and myocarditis,Mizoram,Female,0.26,,0.27,+3.65%,0.27,+2.94%,0.28,+2.22%,0.28,+1.75%,0.29,+1.53%,0.29,+1.56%,0.30,+1.81%,0.30,+1.87%,0.31,+2.28%,0.32,+3.38%
499,Cardiomyopathy and myocarditis,Nagaland,Male,2.46,,2.48,+0.71%,2.50,+0.74%,2.50,+0.05%,2.47,-1.14%,2.43,-1.55%,2.40,-1.10%,2.41,+0.27%,2.47,+2.31%,2.53,+2.69%,2.58,+1.94%
499,Cardiomyopathy and myocarditis,Nagaland,Female,0.28,,0.28,+1.35%,0.28,+1.07%,0.29,+0.87%,0.29,+0.75%,0.29,+0.72%,0.29,+0.77%,0.30,+0.90%,0.30,+0.94%,0.30,+1.20%,0.31,+1.81%
499,Cardiomyopathy and myocarditis,Odisha,Male,43.50,,45.10,+3.68%,46.49,+3.06%,47.86,+2.95%,49.19,+2.77%,50.50,+2.67%,51.80,+2.57%,53.04,+2.40%,53.60,+1.06%,54.19,+1.10%,55.32,+2.07%
499,Cardiomyopathy and myocarditis,Odisha,Female,6.17,,6.39,+3.63%,6.59,+3.02%,6.77,+2.77%,6.94,+2.55%,7.11,+2.40%,7.27,+2.32%,7.44,+2.28%,7.59,+1.98%,7.75,+2.12%,7.95,+2.66%
499,Cardiomyopathy and myocarditis,Other Union Territories,Male,2.87,,2.97,+3.35%,3.06,+3.01%,3.15,+2.96%,3.23,+2.74%,3.32,+2.64%,3.41,+2.59%,3.49,+2.45%,3.55,+1.77%,3.62,+1.99%,3.71,+2.50%
499,Cardiomyopathy and myocarditis,Other Union Territories,Female,0.42,,0.43,+3.50%,0.44,+2.94%,0.46,+2.65%,0.47,+2.40%,0.48,+2.22%,0.49,+2.11%,0.50,+2.03%,0.50,+1.64%,0.51,+1.91%,0.53,+2.56%
499,Cardiomyopathy and myocarditis,Punjab,Male,16.71,,16.97,+1.54%,17.28,+1.86%,17.72,+2.51%,18.14,+2.39%,18.58,+2.41%,19.03,+2.46%,19.49,+2.42%,19.97,+2.45%,20.49,+2.58%,20.91,+2.06%
499,Cardiomyopathy and myocarditis,Punjab,Female,2.67,,2.67,+0.28%,2.70,+0.96%,2.75,+1.81%,2.80,+1.92%,2.86,+1.97%,2.91,+1.93%,2.96,+1.77%,3.01,+1.51%,3.06,+1.68%,3.12,+2.03%
499,Cardiomyopathy and myocarditis,Rajasthan,Male,51.41,,52.47,+2.07%,53.67,+2.29%,55.06,+2.58%,56.48,+2.59%,58.00,+2.68%,59.63,+2.81%,61.37,+2.93%,64.50,+5.09%,67.80,+5.12%,69.77,+2.91%
499,Cardiomyopathy and myocarditis,Rajasthan,Female,7.74,,7.85,+1.46%,8.00,+1.87%,8.16,+2.03%,8.30,+1.67%,8.43,+1.59%,8.58,+1.76%,8.77,+2.20%,9.10,+3.83%,9.49,+4.27%,9.82,+3.51%
499,Cardiomyopathy and myocarditis,Sikkim,Male,0.62,,0.64,+2.87%,0.66,+2.78%,0.68,+2.92%,0.70,+2.98%,0.72,+3.08%,0.74,+3.11%,0.77,+3.00%,0.78,+2.01%,0.80,+1.96%,0.82,+2.74%
499,Cardiomyopathy and myocarditis,Sikkim,Female,0.08,,0.09,+1.53%,0.09,+1.63%,0.09,+1.61%,0.09,+1.30%,0.09,+1.16%,0.09,+1.18%,0.09,+1.33%,0.09,+1.32%,0.09,+1.59%,0.10,+2.31%
499,Cardiomyopathy and myocarditis,Tamil Nadu,Male,46.24,,47.63,+3.00%,48.95,+2.77%,50.45,+3.06%,52.01,+3.09%,53.62,+3.09%,55.22,+2.98%,56.74,+2.77%,58.03,+2.27%,59.32,+2.22%,60.51,+2.00%
499,Cardiomyopathy and myocarditis,Tamil Nadu,Female,7.37,,7.53,+2.14%,7.66,+1.76%,7.78,+1.55%,7.88,+1.22%,7.96,+1.06%,8.04,+1.04%,8.14,+1.18%,8.18,+0.55%,8.26,+0.92%,8.44,+2.21%
499,Cardiomyopathy and myocarditis,Telangana,Male,23.35,,24.04,+2.92%,24.62,+2.44%,25.21,+2.40%,25.74,+2.10%,26.25,+1.96%,26.75,+1.90%,27.23,+1.83%,27.55,+1.17%,27.89,+1.24%,28.33,+1.56%
499,Cardiomyopathy and myocarditis,Telangana,Female,3.76,,3.84,+2.26%,3.91,+1.79%,3.97,+1.41%,4.01,+0.93%,4.03,+0.70%,4.06,+0.70%,4.10,+0.91%,4.14,+1.00%,4.20,+1.40%,4.28,+2.03%
499,Cardiomyopathy and myocarditis,Tripura,Male,3.94,,4.06,+2.97%,4.17,+2.83%,4.29,+2.82%,4.41,+2.77%,4.53,+2.75%,4.65,+2.63%,4.76,+2.38%,4.82,+1.17%,4.87,+1.20%,4.99,+2.28%
499,Cardiomyopathy and myocarditis,Tripura,Female,0.56,,0.58,+2.95%,0.59,+2.53%,0.61,+2.30%,0.62,+2.19%,0.63,+2.07%,0.65,+1.91%,0.66,+1.72%,0.66,+0.37%,0.66,+0.45%,0.68,+2.39%
499,Cardiomyopathy and myocarditis,Uttar Pradesh,Male,141.51,,146.68,+3.65%,151.40,+3.21%,155.81,+2.91%,159.75,+2.53%,163.61,+2.41%,167.72,+2.52%,172.52,+2.86%,180.01,+4.34%,188.26,+4.58%,194.25,+3.18%
499,Cardiomyopathy and myocarditis,Uttar Pradesh,Female,20.69,,21.42,+3.50%,22.14,+3.37%,22.86,+3.25%,23.53,+2.94%,24.20,+2.85%,24.92,+2.98%,25.76,+3.36%,26.96,+4.65%,28.25,+4.81%,29.32,+3.79%
499,Cardiomyopathy and myocarditis,Uttarakhand,Male,5.71,,5.90,+3.40%,6.10,+3.30%,6.30,+3.38%,6.52,+3.41%,6.75,+3.53%,6.99,+3.64%,7.24,+3.56%,7.53,+3.98%,7.82,+3.87%,8.06,+3.00%
499,Cardiomyopathy and myocarditis,Uttarakhand,Female,0.97,,1.00,+3.25%,1.03,+2.90%,1.06,+2.71%,1.08,+2.60%,1.11,+2.53%,1.14,+2.48%,1.17,+2.40%,1.20,+2.67%,1.23,+2.89%,1.27,+2.98%
499,Cardiomyopathy and myocarditis,West Bengal,Male,99.09,,102.78,+3.73%,105.85,+2.98%,108.58,+2.58%,111.12,+2.34%,113.54,+2.19%,115.90,+2.07%,118.14,+1.93%,118.51,+0.31%,119.01,+0.42%,121.52,+2.11%
499,Cardiomyopathy and myocarditis,West Bengal,Female,12.19,,12.45,+2.11%,12.68,+1.92%,12.93,+1.93%,13.17,+1.83%,13.39,+1.71%,13.60,+1.60%,13.81,+1.52%,13.81,+0.02%,13.85,+0.26%,14.22,+2.69%
500,Atrial fibrillation and flutter,Andhra Pradesh,Male,2.93K,,2.95K,+0.58%,2.98K,+1.05%,3.02K,+1.49%,3.05K,+0.74%,3.08K,+1.19%,3.11K,+0.82%,3.16K,+1.72%,3.14K,-0.53%,3.19K,+1.48%,3.26K,+2.09%
500,Atrial fibrillation and flutter,Andhra Pradesh,Female,1.92K,,1.98K,+2.67%,2.01K,+1.98%,2.06K,+2.05%,2.10K,+2.09%,2.12K,+1.08%,2.16K,+2.02%,2.18K,+0.93%,2.21K,+1.31%,2.27K,+2.40%,2.30K,+1.30%
500,Atrial fibrillation and flutter,Arunachal Pradesh,Male,63.29,,64.76,+2.32%,66.22,+2.26%,68.63,+3.64%,70.47,+2.69%,72.56,+2.95%,74.89,+3.22%,77.82,+3.91%,79.34,+1.94%,81.59,+2.85%,85.35,+4.61%
500,Atrial fibrillation and flutter,Arunachal Pradesh,Female,27.86,,28.39,+1.88%,29.22,+2.92%,30.02,+2.74%,30.65,+2.10%,31.89,+4.05%,33.14,+3.90%,34.69,+4.69%,36.03,+3.85%,37.69,+4.62%,39.32,+4.33%
500,Atrial fibrillation and flutter,Assam,Male,1.54K,,1.55K,+0.81%,1.57K,+1.48%,1.60K,+1.87%,1.64K,+2.31%,1.66K,+1.37%,1.70K,+2.31%,1.73K,+1.64%,1.75K,+1.16%,1.78K,+1.84%,1.82K,+2.49%
500,Atrial fibrillation and flutter,Assam,Female,763.09,,762.88,-0.03%,770.64,+1.02%,792.37,+2.82%,810.64,+2.31%,823.18,+1.55%,846.01,+2.77%,872.55,+3.14%,892.65,+2.30%,925.77,+3.71%,957.37,+3.41%
500,Atrial fibrillation and flutter,Bihar,Male,3.90K,,3.91K,+0.18%,3.93K,+0.44%,3.94K,+0.22%,3.94K,+0.09%,3.96K,+0.53%,3.97K,+0.31%,4.02K,+1.20%,4.04K,+0.40%,4.09K,+1.34%,4.21K,+2.86%
500,Atrial fibrillation and flutter,Bihar,Female,2.49K,,2.48K,-0.45%,2.50K,+0.98%,2.53K,+0.90%,2.54K,+0.51%,2.57K,+1.19%,2.60K,+1.15%,2.63K,+1.40%,2.65K,+0.77%,2.68K,+1.03%,2.72K,+1.51%
500,Atrial fibrillation and flutter,Chhattisgarh,Male,1.15K,,1.15K,+0.70%,1.17K,+1.42%,1.19K,+1.94%,1.23K,+2.66%,1.26K,+2.66%,1.30K,+3.30%,1.34K,+2.96%,1.34K,+0.11%,1.37K,+2.39%,1.42K,+3.34%
500,Atrial fibrillation and flutter,Chhattisgarh,Female,651.70,,659.95,+1.27%,683.30,+3.54%,709.81,+3.88%,731.59,+3.07%,757.68,+3.57%,788.73,+4.10%,821.89,+4.20%,843.02,+2.57%,865.55,+2.67%,893.16,+3.19%
500,Atrial fibrillation and flutter,Delhi,Male,900.33,,923.48,+2.57%,949.24,+2.79%,990.69,+4.37%,1.03K,+3.94%,1.07K,+4.02%,1.12K,+4.48%,1.16K,+3.36%,1.19K,+3.13%,1.23K,+3.46%,1.28K,+3.67%
500,Atrial fibrillation and flutter,Delhi,Female,455.36,,483.29,+6.13%,508.81,+5.28%,541.17,+6.36%,575.19,+6.29%,609.95,+6.04%,639.49,+4.84%,676.16,+5.73%,710.43,+5.07%,750.27,+5.61%,784.19,+4.52%
500,Atrial fibrillation and flutter,Goa,Male,90.90,,92.28,+1.52%,94.38,+2.28%,96.13,+1.86%,97.58,+1.51%,99.91,+2.39%,101.92,+2.01%,103.49,+1.55%,104.72,+1.18%,105.85,+1.08%,109.27,+3.23%
500,Atrial fibrillation and flutter,Goa,Female,65.11,,67.57,+3.78%,69.46,+2.80%,72.49,+4.36%,74.51,+2.78%,76.76,+3.03%,79.08,+3.02%,81.90,+3.55%,84.47,+3.14%,87.33,+3.38%,90.30,+3.41%
500,Atrial fibrillation and flutter,Gujarat,Male,2.95K,,3.03K,+2.57%,3.12K,+3.09%,3.21K,+2.81%,3.31K,+3.04%,3.40K,+2.65%,3.50K,+3.16%,3.59K,+2.60%,3.61K,+0.44%,3.69K,+2.11%,3.81K,+3.48%
500,Atrial fibrillation and flutter,Gujarat,Female,1.72K,,1.78K,+3.49%,1.84K,+3.10%,1.92K,+4.49%,2.00K,+4.47%,2.08K,+3.93%,2.16K,+3.50%,2.25K,+4.27%,2.33K,+3.65%,2.43K,+4.16%,2.50K,+2.83%
500,Atrial fibrillation and flutter,Haryana,Male,1.46K,,1.49K,+2.22%,1.53K,+2.49%,1.58K,+3.44%,1.62K,+2.33%,1.66K,+2.84%,1.71K,+2.68%,1.75K,+2.26%,1.76K,+0.95%,1.79K,+1.72%,1.85K,+3.17%
500,Atrial fibrillation and flutter,Haryana,Female,795.58,,823.78,+3.55%,853.06,+3.55%,882.43,+3.44%,898.01,+1.77%,928.48,+3.39%,963.12,+3.73%,989.39,+2.73%,1.01K,+2.55%,1.04K,+2.57%,1.08K,+3.74%
500,Atrial fibrillation and flutter,Himachal Pradesh,Male,520.60,,532.83,+2.35%,549.92,+3.21%,567.14,+3.13%,583.02,+2.80%,604.75,+3.73%,616.32,+1.91%,633.57,+2.80%,642.75,+1.45%,651.96,+1.43%,676.63,+3.79%
500,Atrial fibrillation and flutter,Himachal Pradesh,Female,257.30,,265.01,+2.99%,274.89,+3.73%,284.86,+3.63%,295.45,+3.72%,308.60,+4.45%,324.21,+5.06%,338.43,+4.38%,352.57,+4.18%,368.96,+4.65%,384.05,+4.09%
500,Atrial fibrillation and flutter,Jammu & Kashmir and Ladakh,Male,647.65,,661.18,+2.09%,679.49,+2.77%,697.94,+2.72%,712.88,+2.14%,734.59,+3.05%,754.66,+2.73%,775.20,+2.72%,791.03,+2.04%,813.36,+2.82%,834.90,+2.65%
500,Atrial fibrillation and flutter,Jammu & Kashmir and Ladakh,Female,336.89,,346.14,+2.75%,357.57,+3.30%,370.64,+3.65%,382.73,+3.26%,397.52,+3.86%,411.19,+3.44%,430.53,+4.70%,443.08,+2.92%,457.05,+3.15%,472.83,+3.45%
500,Atrial fibrillation and flutter,Jharkhand,Male,1.35K,,1.38K,+2.42%,1.41K,+2.49%,1.47K,+3.68%,1.50K,+2.18%,1.54K,+2.68%,1.58K,+2.49%,1.62K,+3.01%,1.63K,+0.21%,1.66K,+1.79%,1.70K,+2.74%
500,Atrial fibrillation and flutter,Jharkhand,Female,796.60,,812.34,+1.98%,830.69,+2.26%,859.97,+3.52%,887.07,+3.15%,910.69,+2.66%,944.42,+3.70%,972.09,+2.93%,990.84,+1.93%,1.01K,+2.35%,1.04K,+2.32%
500,Atrial fibrillation and flutter,Karnataka,Male,3.49K,,3.55K,+1.72%,3.57K,+0.61%,3.63K,+1.47%,3.67K,+1.12%,3.73K,+1.75%,3.77K,+0.92%,3.82K,+1.54%,3.86K,+0.99%,3.91K,+1.22%,4.01K,+2.58%
500,Atrial fibrillation and flutter,Karnataka,Female,2.13K,,2.17K,+2.00%,2.21K,+1.68%,2.25K,+2.06%,2.29K,+1.81%,2.35K,+2.47%,2.42K,+2.89%,2.46K,+1.75%,2.51K,+2.09%,2.59K,+2.92%,2.66K,+2.69%
500,Atrial fibrillation and flutter,Kerala,Male,2.63K,,2.70K,+2.65%,2.77K,+2.65%,2.83K,+2.12%,2.89K,+2.13%,2.93K,+1.25%,2.99K,+1.94%,3.02K,+1.22%,3.01K,-0.42%,3.03K,+0.74%,3.08K,+1.69%
500,Atrial fibrillation and flutter,Kerala,Female,1.70K,,1.75K,+3.23%,1.82K,+3.73%,1.90K,+4.35%,1.96K,+3.51%,2.03K,+3.62%,2.11K,+3.69%,2.18K,+3.52%,2.26K,+3.60%,2.33K,+3.18%,2.40K,+2.85%
500,Atrial fibrillation and flutter,Madhya Pradesh,Male,3.16K,,3.16K,+0.13%,3.21K,+1.58%,3.27K,+1.83%,3.32K,+1.58%,3.41K,+2.58%,3.48K,+2.19%,3.58K,+2.87%,3.64K,+1.59%,3.72K,+2.20%,3.87K,+4.01%
500,Atrial fibrillation and flutter,Madhya Pradesh,Female,1.67K,,1.72K,+2.81%,1.75K,+1.59%,1.80K,+2.75%,1.86K,+3.57%,1.92K,+2.95%,1.99K,+4.03%,2.08K,+4.21%,2.13K,+2.60%,2.22K,+4.25%,2.29K,+3.20%
500,Atrial fibrillation and flutter,Maharashtra,Male,5.67K,,5.63K,-0.61%,5.62K,-0.27%,5.72K,+1.78%,5.83K,+1.95%,5.88K,+0.77%,5.96K,+1.41%,6.07K,+1.90%,6.15K,+1.24%,6.30K,+2.57%,6.49K,+2.91%
500,Atrial fibrillation and flutter,Maharashtra,Female,3.28K,,3.34K,+1.92%,3.42K,+2.26%,3.53K,+3.20%,3.61K,+2.31%,3.69K,+2.37%,3.83K,+3.69%,3.92K,+2.28%,4.02K,+2.62%,4.14K,+3.12%,4.27K,+2.95%
500,Atrial fibrillation and flutter,Manipur,Male,160.49,,167.13,+4.14%,174.23,+4.24%,181.80,+4.35%,189.45,+4.21%,197.63,+4.32%,204.77,+3.62%,214.30,+4.65%,218.50,+1.96%,224.92,+2.94%,234.41,+4.22%
500,Atrial fibrillation and flutter,Manipur,Female,81.74,,83.99,+2.76%,87.30,+3.94%,90.49,+3.65%,94.78,+4.74%,99.09,+4.55%,104.14,+5.10%,109.76,+5.39%,115.18,+4.94%,121.09,+5.13%,126.08,+4.12%
500,Atrial fibrillation and flutter,Meghalaya,Male,129.46,,133.01,+2.74%,137.42,+3.32%,141.77,+3.16%,147.33,+3.92%,152.33,+3.39%,157.11,+3.14%,162.67,+3.54%,165.20,+1.56%,169.18,+2.40%,176.68,+4.43%
500,Atrial fibrillation and flutter,Meghalaya,Female,56.48,,58.97,+4.40%,61.11,+3.63%,64.12,+4.92%,66.60,+3.86%,69.90,+4.97%,73.49,+5.13%,77.10,+4.91%,80.32,+4.17%,83.90,+4.46%,87.72,+4.55%
500,Atrial fibrillation and flutter,Mizoram,Male,55.24,,56.61,+2.48%,58.27,+2.94%,60.02,+3.00%,61.69,+2.78%,63.33,+2.67%,65.50,+3.42%,67.59,+3.19%,69.16,+2.32%,70.75,+2.30%,72.94,+3.09%
500,Atrial fibrillation and flutter,Mizoram,Female,29.80,,30.70,+3.04%,31.73,+3.36%,32.54,+2.55%,33.29,+2.29%,34.44,+3.47%,35.80,+3.95%,37.73,+5.39%,39.46,+4.58%,41.49,+5.15%,43.25,+4.24%
500,Atrial fibrillation and flutter,Nagaland,Male,84.56,,84.07,-0.58%,84.01,-0.08%,83.88,-0.15%,84.33,+0.54%,84.45,+0.13%,85.28,+0.98%,86.13,+1.01%,86.76,+0.73%,87.47,+0.81%,88.91,+1.65%
500,Atrial fibrillation and flutter,Nagaland,Female,36.83,,37.43,+1.62%,38.10,+1.79%,38.84,+1.96%,39.55,+1.83%,40.73,+2.96%,42.03,+3.20%,43.25,+2.89%,44.76,+3.49%,46.28,+3.40%,47.58,+2.81%
500,Atrial fibrillation and flutter,Odisha,Male,2.00K,,2.01K,+0.55%,2.04K,+1.39%,2.07K,+1.46%,2.12K,+2.28%,2.15K,+1.78%,2.20K,+2.16%,2.24K,+1.91%,2.27K,+1.26%,2.33K,+2.56%,2.37K,+1.68%
500,Atrial fibrillation and flutter,Odisha,Female,1.16K,,1.16K,+0.13%,1.18K,+1.81%,1.22K,+3.12%,1.23K,+1.33%,1.27K,+2.83%,1.31K,+2.88%,1.36K,+3.93%,1.39K,+2.41%,1.43K,+3.22%,1.47K,+2.80%
500,Atrial fibrillation and flutter,Other Union Territories,Male,160.82,,165.27,+2.77%,172.77,+4.54%,181.86,+5.26%,189.88,+4.41%,198.10,+4.33%,205.77,+3.87%,213.92,+3.96%,219.13,+2.43%,223.55,+2.02%,233.34,+4.38%
500,Atrial fibrillation and flutter,Other Union Territories,Female,88.89,,93.90,+5.64%,98.64,+5.04%,105.72,+7.18%,111.76,+5.72%,118.16,+5.72%,125.28,+6.03%,132.40,+5.68%,136.28,+2.93%,143.22,+5.09%,149.31,+4.26%
500,Atrial fibrillation and flutter,Punjab,Male,1.87K,,1.96K,+4.96%,2.01K,+2.84%,2.08K,+3.42%,2.12K,+1.80%,2.17K,+2.43%,2.22K,+2.21%,2.26K,+1.81%,2.28K,+0.70%,2.28K,+0.38%,2.33K,+2.00%
500,Atrial fibrillation and flutter,Punjab,Female,1.22K,,1.27K,+4.45%,1.32K,+3.71%,1.38K,+4.47%,1.43K,+4.00%,1.49K,+4.14%,1.55K,+3.85%,1.60K,+3.13%,1.64K,+2.35%,1.69K,+2.99%,1.74K,+3.16%
500,Atrial fibrillation and flutter,Rajasthan,Male,2.80K,,2.82K,+0.57%,2.82K,+0.16%,2.87K,+1.91%,2.94K,+2.31%,3.01K,+2.24%,3.07K,+2.09%,3.14K,+2.25%,3.18K,+1.45%,3.24K,+1.71%,3.34K,+3.07%
500,Atrial fibrillation and flutter,Rajasthan,Female,1.58K,,1.62K,+2.47%,1.65K,+1.69%,1.68K,+1.71%,1.72K,+2.28%,1.77K,+3.15%,1.84K,+3.74%,1.90K,+3.54%,1.96K,+3.03%,2.02K,+3.36%,2.08K,+2.98%
500,Atrial fibrillation and flutter,Sikkim,Male,35.00,,35.63,+1.80%,36.65,+2.88%,37.89,+3.37%,38.89,+2.64%,39.98,+2.81%,41.24,+3.14%,42.61,+3.34%,43.60,+2.33%,44.54,+2.15%,46.38,+4.12%
500,Atrial fibrillation and flutter,Sikkim,Female,18.43,,18.99,+3.01%,19.68,+3.65%,20.60,+4.65%,21.43,+4.04%,22.23,+3.73%,23.45,+5.52%,24.43,+4.15%,25.52,+4.48%,26.70,+4.61%,27.83,+4.22%
500,Atrial fibrillation and flutter,Tamil Nadu,Male,4.61K,,4.73K,+2.67%,4.88K,+3.01%,5.02K,+3.02%,5.17K,+3.01%,5.31K,+2.66%,5.45K,+2.61%,5.62K,+3.21%,5.67K,+0.83%,5.81K,+2.52%,5.98K,+2.87%
500,Atrial fibrillation and flutter,Tamil Nadu,Female,2.72K,,2.80K,+3.12%,2.91K,+3.85%,3.03K,+4.09%,3.17K,+4.51%,3.29K,+4.02%,3.44K,+4.31%,3.58K,+4.30%,3.70K,+3.27%,3.87K,+4.52%,4.02K,+3.88%
500,Atrial fibrillation and flutter,Telangana,Male,1.82K,,1.85K,+1.59%,1.88K,+1.64%,1.91K,+1.97%,1.93K,+1.04%,1.96K,+1.27%,1.99K,+1.54%,2.00K,+0.65%,1.99K,-0.51%,2.01K,+0.86%,2.04K,+1.42%
500,Atrial fibrillation and flutter,Telangana,Female,1.03K,,1.06K,+2.19%,1.08K,+1.99%,1.10K,+2.55%,1.12K,+1.80%,1.15K,+2.58%,1.18K,+2.08%,1.20K,+2.27%,1.22K,+1.41%,1.24K,+1.56%,1.27K,+2.29%
500,Atrial fibrillation and flutter,Tripura,Male,225.10,,228.93,+1.70%,232.68,+1.64%,238.19,+2.37%,243.76,+2.34%,249.11,+2.19%,255.52,+2.58%,260.07,+1.78%,264.90,+1.86%,270.28,+2.03%,277.86,+2.80%
500,Atrial fibrillation and flutter,Tripura,Female,107.90,,108.98,+1.01%,110.80,+1.67%,112.10,+1.18%,113.45,+1.20%,117.01,+3.13%,120.56,+3.04%,124.19,+3.01%,128.31,+3.31%,133.15,+3.77%,138.70,+4.17%
500,Atrial fibrillation and flutter,Uttar Pradesh,Male,8.21K,,8.18K,-0.41%,8.20K,+0.32%,8.36K,+1.91%,8.44K,+1.02%,8.58K,+1.64%,8.69K,+1.29%,8.86K,+1.95%,8.94K,+0.91%,9.16K,+2.40%,9.38K,+2.37%
500,Atrial fibrillation and flutter,Uttar Pradesh,Female,4.65K,,4.77K,+2.66%,4.82K,+1.07%,4.91K,+1.85%,4.98K,+1.33%,5.11K,+2.63%,5.19K,+1.60%,5.34K,+2.87%,5.46K,+2.18%,5.60K,+2.64%,5.75K,+2.72%
500,Atrial fibrillation and flutter,Uttarakhand,Male,649.10,,658.76,+1.49%,670.19,+1.73%,684.31,+2.11%,697.43,+1.92%,716.17,+2.69%,735.49,+2.70%,755.73,+2.75%,752.19,-0.47%,760.80,+1.14%,775.15,+1.88%
500,Atrial fibrillation and flutter,Uttarakhand,Female,341.73,,351.19,+2.77%,364.49,+3.79%,376.92,+3.41%,390.54,+3.61%,404.92,+3.68%,420.61,+3.87%,435.27,+3.49%,444.40,+2.10%,459.85,+3.48%,473.81,+3.04%
500,Atrial fibrillation and flutter,West Bengal,Male,5.57K,,5.72K,+2.57%,5.87K,+2.60%,6.04K,+3.01%,6.20K,+2.57%,6.38K,+2.97%,6.57K,+3.02%,6.69K,+1.76%,6.80K,+1.68%,6.89K,+1.32%,7.09K,+2.85%
500,Atrial fibrillation and flutter,West Bengal,Female,2.69K,,2.76K,+2.67%,2.85K,+3.20%,2.94K,+3.32%,3.07K,+4.48%,3.19K,+3.69%,3.33K,+4.62%,3.46K,+3.77%,3.59K,+3.78%,3.73K,+3.85%,3.89K,+4.39%
501,Aortic aneurysm,Andhra Pradesh,Male,,,,,,,,,,,,,,,,,,,,,,
501,Aortic aneurysm,Andhra Pradesh,Female,,,,,,,,,,,,,,,,,,,,,,
501,Aortic aneurysm,Arunachal Pradesh,Male,,,,,,,,,,,,,,,,,,,,,,
501,Aortic aneurysm,Arunachal Pradesh,Female,,,,,,,,,,,,,,,,,,,,,,
501,Aortic aneurysm,Assam,Male,,,,,,,,,,,,,,,,,,,,,,
501,Aortic aneurysm,Assam,Female,,,,,,,,,,,,,,,,,,,,,,
501,Aortic aneurysm,Bihar,Male,,,,,,,,,,,,,,,,,,,,,,
501,Aortic aneurysm,Bihar,Female,,,,,,,,,,,,,,,,,,,,,,
501,Aortic aneurysm,Chhattisgarh,Male,,,,,,,,,,,,,,,,,,,,,,
501,Aortic aneurysm,Chhattisgarh,Female,,,,,,,,,,,,,,,,,,,,,,
501,Aortic aneurysm,Delhi,Male,,,,,,,,,,,,,,,,,,,,,,
501,Aortic aneurysm,Delhi,Female,,,,,,,,,,,,,,,,,,,,,,
501,Aortic aneurysm,Goa,Male,,,,,,,,,,,,,,,,,,,,,,
501,Aortic aneurysm,Goa,Female,,,,,,,,,,,,,,,,,,,,,,
501,Aortic aneurysm,Gujarat,Male,,,,,,,,,,,,,,,,,,,,,,
501,Aortic aneurysm,Gujarat,Female,,,,,,,,,,,,,,,,,,,,,,
501,Aortic aneurysm,Haryana,Male,,,,,,,,,,,,,,,,,,,,,,
501,Aortic aneurysm,Haryana,Female,,,,,,,,,,,,,,,,,,,,,,
501,Aortic aneurysm,Himachal Pradesh,Male,,,,,,,,,,,,,,,,,,,,,,
501,Aortic aneurysm,Himachal Pradesh,Female,,,,,,,,,,,,,,,,,,,,,,
501,Aortic aneurysm,Jammu & Kashmir and Ladakh,Male,,,,,,,,,,,,,,,,,,,,,,
501,Aortic aneurysm,Jammu & Kashmir and Ladakh,Female,,,,,,,,,,,,,,,,,,,,,,
501,Aortic aneurysm,Jharkhand,Male,,,,,,,,,,,,,,,,,,,,,,
501,Aortic aneurysm,Jharkhand,Female,,,,,,,,,,,,,,,,,,,,,,
501,Aortic aneurysm,Karnataka,Male,,,,,,,,,,,,,,,,,,,,,,
501,Aortic aneurysm,Karnataka,Female,,,,,,,,,,,,,,,,,,,,,,
501,Aortic aneurysm,Kerala,Male,,,,,,,,,,,,,,,,,,,,,,
501,Aortic aneurysm,Kerala,Female,,,,,,,,,,,,,,,,,,,,,,
501,Aortic aneurysm,Madhya Pradesh,Male,,,,,,,,,,,,,,,,,,,,,,
501,Aortic aneurysm,Madhya Pradesh,Female,,,,,,,,,,,,,,,,,,,,,,
501,Aortic aneurysm,Maharashtra,Male,,,,,,,,,,,,,,,,,,,,,,
501,Aortic aneurysm,Maharashtra,Female,,,,,,,,,,,,,,,,,,,,,,
501,Aortic aneurysm,Manipur,Male,,,,,,,,,,,,,,,,,,,,,,
501,Aortic aneurysm,Manipur,Female,,,,,,,,,,,,,,,,,,,,,,
501,Aortic aneurysm,Meghalaya,Male,,,,,,,,,,,,,,,,,,,,,,
501,Aortic aneurysm,Meghalaya,Female,,,,,,,,,,,,,,,,,,,,,,
501,Aortic aneurysm,Mizoram,Male,,,,,,,,,,,,,,,,,,,,,,
501,Aortic aneurysm,Mizoram,Female,,,,,,,,,,,,,,,,,,,,,,
501,Aortic aneurysm,Nagaland,Male,,,,,,,,,,,,,,,,,,,,,,
501,Aortic aneurysm,Nagaland,Female,,,,,,,,,,,,,,,,,,,,,,
501,Aortic aneurysm,Odisha,Male,,,,,,,,,,,,,,,,,,,,,,
501,Aortic aneurysm,Odisha,Female,,,,,,,,,,,,,,,,,,,,,,
501,Aortic aneurysm,Other Union Territories,Male,,,,,,,,,,,,,,,,,,,,,,
501,Aortic aneurysm,Other Union Territories,Female,,,,,,,,,,,,,,,,,,,,,,
501,Aortic aneurysm,Punjab,Male,,,,,,,,,,,,,,,,,,,,,,
501,Aortic aneurysm,Punjab,Female,,,,,,,,,,,,,,,,,,,,,,
501,Aortic aneurysm,Rajasthan,Male,,,,,,,,,,,,,,,,,,,,,,
501,Aortic aneurysm,Rajasthan,Female,,,,,,,,,,,,,,,,,,,,,,
501,Aortic aneurysm,Sikkim,Male,,,,,,,,,,,,,,,,,,,,,,
501,Aortic aneurysm,Sikkim,Female,,,,,,,,,,,,,,,,,,,,,,
501,Aortic aneurysm,Tamil Nadu,Male,,,,,,,,,,,,,,,,,,,,,,
501,Aortic aneurysm,Tamil Nadu,Female,,,,,,,,,,,,,,,,,,,,,,
501,Aortic aneurysm,Telangana,Male,,,,,,,,,,,,,,,,,,,,,,
501,Aortic aneurysm,Telangana,Female,,,,,,,,,,,,,,,,,,,,,,
501,Aortic aneurysm,Tripura,Male,,,,,,,,,,,,,,,,,,,,,,
501,Aortic aneurysm,Tripura,Female,,,,,,,,,,,,,,,,,,,,,,
501,Aortic aneurysm,Uttar Pradesh,Male,,,,,,,,,,,,,,,,,,,,,,
501,Aortic aneurysm,Uttar Pradesh,Female,,,,,,,,,,,,,,,,,,,,,,
501,Aortic aneurysm,Uttarakhand,Male,,,,,,,,,,,,,,,,,,,,,,
501,Aortic aneurysm,Uttarakhand,Female,,,,,,,,,,,,,,,,,,,,,,
501,Aortic aneurysm,West Bengal,Male,,,,,,,,,,,,,,,,,,,,,,
501,Aortic aneurysm,West Bengal,Female,,,,,,,,,,,,,,,,,,,,,,
502,Lower extremity peripheral arterial disease,Andhra Pradesh,Male,1.04K,,1.05K,+0.46%,1.04K,-0.09%,1.05K,+0.60%,1.03K,-1.69%,1.01K,-2.08%,997.98,-1.39%,995.82,-0.22%,993.54,-0.23%,1.00K,+0.77%,1.00K,-0.08%
502,Lower extremity peripheral arterial disease,Andhra Pradesh,Female,1.15K,,1.17K,+1.93%,1.19K,+1.35%,1.21K,+1.56%,1.19K,-1.00%,1.18K,-1.11%,1.17K,-1.01%,1.17K,+0.13%,1.18K,+0.65%,1.19K,+1.29%,1.18K,-0.93%
502,Lower extremity peripheral arterial disease,Arunachal Pradesh,Male,15.45,,15.80,+2.23%,16.17,+2.37%,16.51,+2.12%,16.53,+0.08%,16.56,+0.18%,16.65,+0.60%,16.98,+1.99%,17.40,+2.48%,17.96,+3.21%,18.35,+2.15%
502,Lower extremity peripheral arterial disease,Arunachal Pradesh,Female,14.83,,15.29,+3.13%,15.68,+2.56%,16.07,+2.48%,15.91,-0.99%,15.73,-1.13%,15.68,-0.30%,16.04,+2.25%,16.59,+3.44%,17.27,+4.12%,17.60,+1.89%
502,Lower extremity peripheral arterial disease,Assam,Male,462.92,,467.59,+1.01%,472.31,+1.01%,475.59,+0.69%,473.97,-0.34%,470.51,-0.73%,466.56,-0.84%,470.20,+0.78%,471.07,+0.18%,476.59,+1.17%,480.77,+0.88%
502,Lower extremity peripheral arterial disease,Assam,Female,391.61,,397.54,+1.51%,403.99,+1.62%,411.31,+1.81%,409.30,-0.49%,404.86,-1.09%,402.34,-0.62%,407.08,+1.18%,415.63,+2.10%,426.10,+2.52%,435.48,+2.20%
502,Lower extremity peripheral arterial disease,Bihar,Male,1.30K,,1.30K,+0.01%,1.30K,-0.39%,1.29K,-0.44%,1.26K,-2.54%,1.22K,-3.29%,1.19K,-2.62%,1.17K,-0.99%,1.15K,-1.88%,1.15K,-0.59%,1.13K,-1.34%
502,Lower extremity peripheral arterial disease,Bihar,Female,1.62K,,1.64K,+1.36%,1.65K,+0.47%,1.67K,+1.30%,1.64K,-1.77%,1.60K,-2.49%,1.56K,-2.68%,1.54K,-0.93%,1.51K,-1.91%,1.50K,-0.65%,1.50K,-0.17%
502,Lower extremity peripheral arterial disease,Chhattisgarh,Male,351.72,,357.51,+1.65%,361.99,+1.25%,365.13,+0.87%,360.45,-1.28%,353.62,-1.89%,348.37,-1.49%,351.10,+0.78%,351.74,+0.18%,356.82,+1.44%,359.27,+0.69%
502,Lower extremity peripheral arterial disease,Chhattisgarh,Female,372.57,,377.66,+1.37%,381.86,+1.11%,388.96,+1.86%,387.47,-0.38%,385.15,-0.60%,384.39,-0.20%,385.62,+0.32%,388.59,+0.77%,393.97,+1.38%,400.87,+1.75%
502,Lower extremity peripheral arterial disease,Delhi,Male,305.11,,313.74,+2.83%,320.68,+2.21%,328.30,+2.38%,328.94,+0.19%,329.35,+0.12%,331.04,+0.52%,335.25,+1.27%,342.21,+2.08%,349.40,+2.10%,357.34,+2.27%
502,Lower extremity peripheral arterial disease,Delhi,Female,308.84,,322.58,+4.45%,335.28,+3.94%,349.39,+4.21%,354.09,+1.34%,355.10,+0.29%,361.36,+1.76%,373.71,+3.42%,387.18,+3.60%,402.65,+4.00%,418.54,+3.95%
502,Lower extremity peripheral arterial disease,Goa,Male,22.74,,23.40,+2.94%,23.99,+2.52%,24.17,+0.74%,23.86,-1.29%,23.47,-1.64%,23.13,-1.45%,23.24,+0.48%,23.65,+1.76%,24.04,+1.66%,23.85,-0.80%
502,Lower extremity peripheral arterial disease,Goa,Female,30.82,,32.10,+4.17%,33.27,+3.64%,34.10,+2.49%,34.29,+0.56%,34.25,-0.12%,34.42,+0.49%,35.12,+2.04%,36.36,+3.52%,37.52,+3.20%,37.92,+1.08%
502,Lower extremity peripheral arterial disease,Gujarat,Male,935.96,,965.11,+3.12%,991.95,+2.78%,1.02K,+2.83%,1.03K,+0.67%,1.02K,-0.27%,1.03K,+0.57%,1.05K,+1.89%,1.06K,+1.07%,1.08K,+1.91%,1.09K,+0.58%
502,Lower extremity peripheral arterial disease,Gujarat,Female,850.51,,881.42,+3.63%,911.54,+3.42%,947.82,+3.98%,966.52,+1.97%,977.39,+1.12%,992.21,+1.52%,1.03K,+3.79%,1.06K,+3.03%,1.10K,+3.30%,1.12K,+2.34%
502,Lower extremity peripheral arterial disease,Haryana,Male,538.75,,552.92,+2.63%,560.74,+1.42%,572.24,+2.05%,572.82,+0.10%,568.38,-0.78%,566.55,-0.32%,573.42,+1.21%,572.12,-0.23%,580.53,+1.47%,585.11,+0.79%
502,Lower extremity peripheral arterial disease,Haryana,Female,576.41,,598.19,+3.78%,614.61,+2.75%,632.20,+2.86%,633.77,+0.25%,631.65,-0.34%,625.95,-0.90%,635.94,+1.60%,642.99,+1.11%,655.75,+1.99%,665.75,+1.52%
502,Lower extremity peripheral arterial disease,Himachal Pradesh,Male,150.00,,154.32,+2.88%,158.38,+2.63%,163.04,+2.94%,165.25,+1.36%,166.72,+0.89%,167.52,+0.48%,171.41,+2.32%,172.29,+0.51%,175.35,+1.78%,177.77,+1.38%
502,Lower extremity peripheral arterial disease,Himachal Pradesh,Female,140.15,,143.77,+2.58%,147.82,+2.82%,153.23,+3.66%,155.81,+1.68%,157.15,+0.86%,159.75,+1.66%,166.11,+3.98%,172.18,+3.66%,178.44,+3.64%,183.90,+3.06%
502,Lower extremity peripheral arterial disease,Jammu & Kashmir and Ladakh,Male,214.09,,218.50,+2.06%,223.18,+2.14%,226.92,+1.68%,225.35,-0.69%,223.31,-0.91%,222.53,-0.35%,225.29,+1.24%,229.65,+1.93%,234.74,+2.22%,236.43,+0.72%
502,Lower extremity peripheral arterial disease,Jammu & Kashmir and Ladakh,Female,206.67,,213.13,+3.13%,218.61,+2.57%,223.41,+2.20%,223.69,+0.12%,221.26,-1.09%,220.73,-0.24%,224.91,+1.90%,230.72,+2.58%,237.36,+2.88%,241.63,+1.80%
502,Lower extremity peripheral arterial disease,Jharkhand,Male,385.84,,397.73,+3.08%,407.43,+2.44%,419.73,+3.02%,417.73,-0.48%,410.19,-1.81%,407.06,-0.76%,408.08,+0.25%,405.23,-0.70%,407.09,+0.46%,406.86,-0.06%
502,Lower extremity peripheral arterial disease,Jharkhand,Female,386.44,,400.01,+3.51%,412.03,+3.01%,426.79,+3.58%,429.21,+0.57%,429.90,+0.16%,428.35,-0.36%,434.86,+1.52%,438.07,+0.74%,445.37,+1.67%,447.51,+0.48%
502,Lower extremity peripheral arterial disease,Karnataka,Male,1.11K,,1.13K,+2.04%,1.15K,+1.89%,1.16K,+0.72%,1.15K,-1.13%,1.12K,-2.43%,1.10K,-1.57%,1.10K,-0.18%,1.10K,+0.52%,1.12K,+1.63%,1.12K,-0.57%
502,Lower extremity peripheral arterial disease,Karnataka,Female,1.12K,,1.16K,+3.13%,1.20K,+3.19%,1.22K,+1.80%,1.22K,-0.02%,1.20K,-1.11%,1.19K,-0.76%,1.20K,+0.58%,1.21K,+0.90%,1.24K,+2.21%,1.25K,+0.64%
502,Lower extremity peripheral arterial disease,Kerala,Male,858.58,,886.63,+3.27%,912.79,+2.95%,937.06,+2.66%,937.34,+0.03%,927.57,-1.04%,916.81,-1.16%,928.26,+1.25%,925.18,-0.33%,936.06,+1.18%,925.61,-1.12%
502,Lower extremity peripheral arterial disease,Kerala,Female,1.02K,,1.05K,+2.73%,1.08K,+2.99%,1.12K,+3.28%,1.13K,+1.22%,1.13K,+0.27%,1.14K,+0.98%,1.17K,+2.32%,1.20K,+2.33%,1.23K,+3.02%,1.25K,+1.67%
502,Lower extremity peripheral arterial disease,Madhya Pradesh,Male,1.01K,,1.03K,+1.48%,1.04K,+0.93%,1.05K,+1.19%,1.05K,-0.54%,1.04K,-0.91%,1.03K,-0.37%,1.04K,+0.96%,1.05K,+0.76%,1.07K,+2.28%,1.08K,+0.64%
502,Lower extremity peripheral arterial disease,Madhya Pradesh,Female,912.70,,934.04,+2.34%,944.95,+1.17%,967.55,+2.39%,968.38,+0.09%,964.36,-0.42%,963.84,-0.05%,981.01,+1.78%,997.65,+1.70%,1.03K,+2.91%,1.04K,+1.10%
502,Lower extremity peripheral arterial disease,Maharashtra,Male,1.78K,,1.78K,+0.16%,1.78K,-0.34%,1.79K,+0.64%,1.78K,-0.58%,1.76K,-1.26%,1.74K,-0.95%,1.76K,+1.28%,1.78K,+0.79%,1.80K,+1.62%,1.83K,+1.22%
502,Lower extremity peripheral arterial disease,Maharashtra,Female,1.82K,,1.88K,+3.20%,1.93K,+2.83%,1.97K,+2.14%,2.00K,+1.11%,2.00K,+0.18%,2.01K,+0.36%,2.04K,+1.54%,2.06K,+1.28%,2.14K,+3.42%,2.17K,+1.47%
502,Lower extremity peripheral arterial disease,Manipur,Male,50.93,,53.19,+4.42%,55.39,+4.15%,57.85,+4.44%,59.17,+2.28%,59.88,+1.20%,60.94,+1.77%,62.98,+3.35%,64.01,+1.63%,65.60,+2.48%,67.30,+2.59%
502,Lower extremity peripheral arterial disease,Manipur,Female,59.18,,61.48,+3.88%,63.78,+3.74%,66.23,+3.85%,67.76,+2.31%,68.55,+1.16%,69.81,+1.84%,72.45,+3.78%,74.77,+3.20%,77.76,+4.00%,80.82,+3.94%
502,Lower extremity peripheral arterial disease,Meghalaya,Male,35.04,,36.33,+3.71%,37.43,+3.03%,38.65,+3.26%,39.26,+1.56%,39.75,+1.27%,40.54,+1.98%,41.69,+2.84%,42.31,+1.47%,43.01,+1.66%,43.95,+2.19%
502,Lower extremity peripheral arterial disease,Meghalaya,Female,29.22,,30.46,+4.26%,31.78,+4.32%,33.15,+4.31%,33.89,+2.23%,34.45,+1.67%,35.37,+2.67%,36.91,+4.35%,38.45,+4.18%,40.30,+4.80%,41.96,+4.13%
502,Lower extremity peripheral arterial disease,Mizoram,Male,16.48,,17.12,+3.89%,17.73,+3.56%,18.19,+2.58%,18.35,+0.88%,18.56,+1.13%,18.81,+1.35%,19.23,+2.25%,19.72,+2.53%,20.15,+2.19%,20.64,+2.42%
502,Lower extremity peripheral arterial disease,Mizoram,Female,20.43,,21.23,+3.93%,21.97,+3.44%,22.53,+2.56%,22.89,+1.61%,23.16,+1.20%,23.66,+2.14%,24.51,+3.60%,25.62,+4.52%,26.76,+4.45%,27.68,+3.46%
502,Lower extremity peripheral arterial disease,Nagaland,Male,18.71,,18.52,-0.99%,18.40,-0.63%,18.19,-1.16%,17.76,-2.39%,17.25,-2.85%,16.85,-2.33%,16.82,-0.17%,16.82,-0.00%,16.96,+0.82%,17.04,+0.50%
502,Lower extremity peripheral arterial disease,Nagaland,Female,12.64,,12.95,+2.39%,13.27,+2.48%,13.44,+1.29%,13.46,+0.17%,13.38,-0.62%,13.39,+0.09%,13.54,+1.15%,13.95,+3.01%,14.38,+3.10%,14.68,+2.07%
502,Lower extremity peripheral arterial disease,Odisha,Male,616.93,,633.58,+2.70%,646.43,+2.03%,657.75,+1.75%,658.70,+0.14%,655.11,-0.55%,655.43,+0.05%,661.44,+0.92%,669.35,+1.20%,671.76,+0.36%,675.90,+0.62%
502,Lower extremity peripheral arterial disease,Odisha,Female,517.06,,531.55,+2.80%,547.05,+2.92%,562.92,+2.90%,568.20,+0.94%,573.50,+0.93%,578.97,+0.95%,588.19,+1.59%,599.51,+1.92%,614.00,+2.42%,624.80,+1.76%
502,Lower extremity peripheral arterial disease,Other Union Territories,Male,56.65,,58.46,+3.19%,60.69,+3.82%,63.14,+4.03%,64.37,+1.95%,65.26,+1.38%,66.37,+1.71%,67.77,+2.10%,67.70,-0.11%,69.02,+1.96%,70.26,+1.79%
502,Lower extremity peripheral arterial disease,Other Union Territories,Female,54.79,,57.88,+5.64%,60.53,+4.58%,63.81,+5.43%,65.72,+2.99%,66.74,+1.55%,68.61,+2.80%,71.20,+3.78%,72.47,+1.77%,74.70,+3.08%,77.18,+3.32%
502,Lower extremity peripheral arterial disease,Punjab,Male,497.07,,513.64,+3.33%,527.00,+2.60%,541.56,+2.76%,538.63,-0.54%,532.92,-1.06%,526.33,-1.24%,527.79,+0.28%,522.98,-0.91%,523.47,+0.09%,524.20,+0.14%
502,Lower extremity peripheral arterial disease,Punjab,Female,562.13,,592.61,+5.42%,619.47,+4.53%,646.53,+4.37%,657.63,+1.72%,663.16,+0.84%,672.74,+1.45%,693.38,+3.07%,707.11,+1.98%,729.37,+3.15%,742.74,+1.83%
502,Lower extremity peripheral arterial disease,Rajasthan,Male,986.89,,994.84,+0.81%,997.20,+0.24%,998.49,+0.13%,987.82,-1.07%,977.01,-1.09%,971.29,-0.59%,979.65,+0.86%,991.26,+1.19%,1.01K,+2.01%,1.01K,+0.25%
502,Lower extremity peripheral arterial disease,Rajasthan,Female,1.02K,,1.04K,+1.56%,1.05K,+1.33%,1.06K,+1.09%,1.06K,-0.66%,1.05K,-0.48%,1.05K,-0.03%,1.07K,+2.01%,1.10K,+2.92%,1.13K,+2.83%,1.16K,+2.77%
502,Lower extremity peripheral arterial disease,Sikkim,Male,8.17,,8.32,+1.83%,8.45,+1.64%,8.61,+1.82%,8.64,+0.46%,8.66,+0.15%,8.70,+0.51%,8.94,+2.73%,9.13,+2.16%,9.38,+2.78%,9.55,+1.71%
502,Lower extremity peripheral arterial disease,Sikkim,Female,8.31,,8.54,+2.80%,8.82,+3.19%,9.07,+2.92%,9.18,+1.14%,9.26,+0.95%,9.44,+1.84%,9.80,+3.81%,10.29,+5.09%,10.83,+5.19%,11.19,+3.32%
502,Lower extremity peripheral arterial disease,Tamil Nadu,Male,1.62K,,1.65K,+2.32%,1.68K,+1.71%,1.71K,+1.87%,1.70K,-0.63%,1.69K,-0.55%,1.68K,-0.81%,1.70K,+1.26%,1.72K,+0.92%,1.74K,+1.52%,1.75K,+0.12%
502,Lower extremity peripheral arterial disease,Tamil Nadu,Female,1.53K,,1.60K,+4.27%,1.66K,+3.73%,1.71K,+3.41%,1.74K,+1.30%,1.74K,+0.41%,1.75K,+0.12%,1.79K,+2.42%,1.84K,+2.74%,1.89K,+2.84%,1.94K,+2.81%
502,Lower extremity peripheral arterial disease,Telangana,Male,586.44,,598.11,+1.99%,604.26,+1.03%,607.15,+0.48%,594.48,-2.09%,575.33,-3.22%,560.24,-2.62%,551.74,-1.52%,543.25,-1.54%,535.99,-1.34%,525.92,-1.88%
502,Lower extremity peripheral arterial disease,Telangana,Female,584.70,,603.56,+3.23%,620.05,+2.73%,634.80,+2.38%,631.96,-0.45%,619.16,-2.02%,609.82,-1.51%,609.10,-0.12%,604.24,-0.80%,604.25,+0.00%,597.80,-1.07%
502,Lower extremity peripheral arterial disease,Tripura,Male,70.62,,72.18,+2.20%,73.92,+2.42%,75.77,+2.50%,76.74,+1.28%,77.30,+0.74%,78.42,+1.45%,80.29,+2.38%,81.97,+2.10%,84.37,+2.92%,85.25,+1.04%
502,Lower extremity peripheral arterial disease,Tripura,Female,69.45,,70.47,+1.46%,71.85,+1.95%,73.12,+1.77%,73.95,+1.14%,74.38,+0.58%,75.46,+1.45%,77.58,+2.82%,79.89,+2.97%,82.86,+3.71%,84.85,+2.41%
502,Lower extremity peripheral arterial disease,Uttar Pradesh,Male,3.21K,,3.21K,-0.11%,3.20K,-0.30%,3.22K,+0.79%,3.17K,-1.63%,3.09K,-2.36%,3.04K,-1.91%,3.03K,-0.34%,3.02K,-0.11%,3.02K,+0.09%,3.01K,-0.33%
502,Lower extremity peripheral arterial disease,Uttar Pradesh,Female,3.12K,,3.21K,+2.83%,3.27K,+1.90%,3.32K,+1.64%,3.30K,-0.52%,3.25K,-1.68%,3.21K,-1.19%,3.22K,+0.40%,3.23K,+0.12%,3.27K,+1.45%,3.29K,+0.45%
502,Lower extremity peripheral arterial disease,Uttarakhand,Male,233.41,,237.22,+1.63%,241.75,+1.91%,243.80,+0.85%,241.97,-0.75%,239.43,-1.05%,238.22,-0.51%,239.09,+0.37%,238.53,-0.23%,239.64,+0.46%,242.87,+1.35%
502,Lower extremity peripheral arterial disease,Uttarakhand,Female,238.57,,246.70,+3.41%,254.84,+3.30%,261.50,+2.61%,263.72,+0.85%,263.49,-0.09%,264.81,+0.50%,268.52,+1.40%,272.98,+1.66%,279.76,+2.48%,283.15,+1.21%
502,Lower extremity peripheral arterial disease,West Bengal,Male,1.68K,,1.73K,+3.32%,1.79K,+3.48%,1.85K,+3.12%,1.87K,+1.06%,1.86K,-0.27%,1.87K,+0.50%,1.89K,+1.04%,1.91K,+1.14%,1.95K,+1.93%,1.98K,+1.52%
502,Lower extremity peripheral arterial disease,West Bengal,Female,1.33K,,1.36K,+2.30%,1.39K,+2.26%,1.42K,+2.12%,1.43K,+0.79%,1.43K,+0.20%,1.44K,+0.13%,1.47K,+2.69%,1.52K,+2.75%,1.57K,+3.61%,1.62K,+3.10%
