Cause ID,Cause Name,State,Gender,2013 YLLs,2013 YLLs YoY %,2014 YLLs,2014 YLLs YoY %,2015 YLLs,2015 YLLs YoY %,2016 YLLs,2016 YLLs YoY %,2017 YLLs,2017 YLLs YoY %,2018 YLLs,2018 YLLs YoY %,2019 YLLs,2019 YLLs YoY %,2020 YLLs,2020 YLLs YoY %,2021 YLLs,2021 YLLs YoY %,2022 YLLs,2022 YLLs YoY %,2023 YLLs,2023 YLLs YoY %
493,Ischemic heart disease,Andhra Pradesh,Male,3.10M,,3.09M,-0.23%,3.09M,+0.14%,3.24M,+4.91%,3.28M,+0.94%,3.10M,-5.20%,2.90M,-6.66%,2.92M,+0.78%,3.71M,+27.15%,3.05M,-17.76%,3.08M,+0.79%
493,Ischemic heart disease,Andhra Pradesh,Female,1.64M,,1.74M,+6.38%,1.76M,+1.13%,1.78M,+1.13%,1.75M,-1.88%,1.68M,-3.69%,1.55M,-8.06%,1.53M,-1.05%,1.64M,+6.89%,1.64M,+0.16%,1.64M,-0.18%
493,Ischemic heart disease,Arunachal Pradesh,Male,16.46K,,16.79K,+1.96%,17.37K,+3.48%,18.65K,+7.38%,19.25K,+3.23%,19.44K,+0.97%,19.08K,-1.82%,19.35K,+1.37%,25.08K,+29.65%,21.43K,-14.58%,23.39K,+9.16%
493,Ischemic heart disease,Arunachal Pradesh,Female,5.80K,,6.28K,+8.37%,6.62K,+5.43%,7.04K,+6.30%,7.25K,+2.92%,7.42K,+2.38%,7.28K,-1.83%,7.30K,+0.24%,9.15K,+25.38%,7.96K,-13.02%,8.59K,+7.91%
493,Ischemic heart disease,Assam,Male,544.43K,,534.10K,-1.90%,534.36K,+0.05%,567.32K,+6.17%,585.96K,+3.29%,597.64K,+1.99%,588.22K,-1.58%,591.74K,+0.60%,784.46K,+32.57%,683.03K,-12.93%,719.84K,+5.39%
493,Ischemic heart disease,Assam,Female,270.60K,,296.20K,+9.46%,314.70K,+6.25%,336.54K,+6.94%,346.87K,+3.07%,356.95K,+2.91%,340.60K,-4.58%,309.12K,-9.24%,318.40K,+3.00%,373.69K,+17.37%,392.67K,+5.08%
493,Ischemic heart disease,Bihar,Male,2.14M,,2.10M,-2.15%,2.01M,-4.12%,2.18M,+8.38%,2.12M,-2.58%,2.14M,+0.96%,2.08M,-3.02%,1.93M,-7.09%,2.67M,+38.22%,2.24M,-16.16%,2.38M,+6.37%
493,Ischemic heart disease,Bihar,Female,1.41M,,1.55M,+9.83%,1.55M,-0.34%,1.68M,+8.77%,1.62M,-3.83%,1.70M,+4.87%,1.63M,-3.94%,1.47M,-9.68%,1.72M,+16.82%,1.71M,-0.50%,1.79M,+4.39%
493,Ischemic heart disease,Chhattisgarh,Male,873.04K,,881.73K,+1.00%,900.30K,+2.11%,1.00M,+11.31%,1.03M,+2.63%,1.02M,-0.65%,1.01M,-1.21%,987.39K,-2.18%,1.42M,+43.33%,1.13M,-20.15%,1.14M,+0.51%
493,Ischemic heart disease,Chhattisgarh,Female,428.15K,,478.06K,+11.66%,510.35K,+6.75%,577.45K,+13.15%,601.47K,+4.16%,633.45K,+5.32%,637.18K,+0.59%,601.45K,-5.61%,814.26K,+35.38%,687.38K,-15.58%,669.97K,-2.53%
493,Ischemic heart disease,Delhi,Male,676.49K,,666.72K,-1.44%,640.06K,-4.00%,641.66K,+0.25%,582.19K,-9.27%,555.17K,-4.64%,489.31K,-11.86%,590.71K,+20.72%,768.49K,+30.10%,527.30K,-31.39%,540.66K,+2.53%
493,Ischemic heart disease,Delhi,Female,295.06K,,311.81K,+5.68%,298.25K,-4.35%,303.61K,+1.80%,276.62K,-8.89%,270.02K,-2.39%,238.39K,-11.71%,287.06K,+20.41%,355.87K,+23.97%,265.86K,-25.29%,267.79K,+0.72%
493,Ischemic heart disease,Goa,Male,95.91K,,97.79K,+1.96%,98.43K,+0.66%,100.47K,+2.07%,99.66K,-0.80%,97.68K,-1.99%,92.67K,-5.13%,93.90K,+1.32%,123.78K,+31.83%,100.07K,-19.16%,100.90K,+0.83%
493,Ischemic heart disease,Goa,Female,26.86K,,28.60K,+6.50%,29.27K,+2.31%,29.01K,-0.87%,28.28K,-2.52%,28.09K,-0.67%,26.69K,-4.98%,25.83K,-3.23%,30.56K,+18.34%,27.80K,-9.03%,28.42K,+2.22%
493,Ischemic heart disease,Gujarat,Male,2.94M,,2.90M,-1.35%,2.86M,-1.52%,2.88M,+0.81%,2.83M,-1.70%,2.68M,-5.23%,2.54M,-5.38%,2.61M,+2.92%,3.99M,+52.90%,2.58M,-35.35%,2.59M,+0.49%
493,Ischemic heart disease,Gujarat,Female,994.71K,,1.04M,+4.73%,1.03M,-0.86%,1.03M,-0.34%,1.01M,-2.21%,967.32K,-3.89%,926.05K,-4.27%,944.45K,+1.99%,1.38M,+46.19%,951.91K,-31.05%,955.74K,+0.40%
493,Ischemic heart disease,Haryana,Male,1.37M,,1.36M,-0.82%,1.31M,-3.95%,1.36M,+4.01%,1.29M,-4.77%,1.26M,-2.92%,1.12M,-10.99%,1.09M,-2.73%,1.37M,+25.84%,1.08M,-20.98%,1.10M,+1.44%
493,Ischemic heart disease,Haryana,Female,370.02K,,397.80K,+7.51%,377.63K,-5.07%,381.17K,+0.94%,350.83K,-7.96%,344.38K,-1.84%,305.28K,-11.35%,287.29K,-5.89%,344.85K,+20.03%,294.97K,-14.46%,302.18K,+2.44%
493,Ischemic heart disease,Himachal Pradesh,Male,274.57K,,251.11K,-8.54%,239.89K,-4.47%,248.39K,+3.54%,260.56K,+4.90%,270.30K,+3.74%,266.48K,-1.42%,254.38K,-4.54%,320.57K,+26.02%,337.27K,+5.21%,344.78K,+2.23%
493,Ischemic heart disease,Himachal Pradesh,Female,86.85K,,81.82K,-5.79%,77.62K,-5.13%,76.65K,-1.26%,76.48K,-0.22%,78.45K,+2.58%,76.70K,-2.23%,75.20K,-1.95%,94.93K,+26.23%,89.01K,-6.24%,87.78K,-1.38%
493,Ischemic heart disease,Jammu & Kashmir and Ladakh,Male,384.68K,,401.24K,+4.31%,428.09K,+6.69%,475.76K,+11.14%,489.91K,+2.97%,492.51K,+0.53%,467.85K,-5.01%,421.64K,-9.88%,463.52K,+9.93%,516.61K,+11.45%,520.05K,+0.67%
493,Ischemic heart disease,Jammu & Kashmir and Ladakh,Female,196.43K,,209.51K,+6.66%,221.05K,+5.51%,237.44K,+7.42%,238.81K,+0.58%,246.80K,+3.34%,239.89K,-2.80%,236.38K,-1.46%,304.18K,+28.68%,260.27K,-14.44%,262.91K,+1.01%
493,Ischemic heart disease,Jharkhand,Male,507.16K,,497.29K,-1.95%,424.41K,-14.66%,480.04K,+13.11%,465.63K,-3.00%,450.15K,-3.32%,417.71K,-7.21%,388.65K,-6.96%,544.04K,+39.98%,437.28K,-19.62%,442.47K,+1.19%
493,Ischemic heart disease,Jharkhand,Female,405.50K,,386.58K,-4.66%,390.22K,+0.94%,414.81K,+6.30%,393.52K,-5.13%,384.89K,-2.19%,354.13K,-7.99%,306.62K,-13.41%,334.51K,+9.10%,371.44K,+11.04%,368.31K,-0.84%
493,Ischemic heart disease,Karnataka,Male,3.38M,,3.38M,-0.13%,3.42M,+1.30%,3.60M,+5.37%,3.64M,+0.94%,3.53M,-3.07%,3.37M,-4.32%,3.63M,+7.52%,4.69M,+29.42%,3.60M,-23.33%,3.69M,+2.52%
493,Ischemic heart disease,Karnataka,Female,1.51M,,1.69M,+12.03%,1.78M,+5.29%,1.84M,+3.42%,1.78M,-2.97%,1.71M,-3.85%,1.58M,-7.57%,1.58M,-0.20%,1.90M,+20.41%,1.64M,-13.77%,1.68M,+2.46%
493,Ischemic heart disease,Kerala,Male,1.70M,,1.61M,-5.15%,1.52M,-5.40%,1.52M,-0.18%,1.47M,-3.45%,1.34M,-8.85%,1.18M,-12.06%,997.03K,-15.25%,1.16M,+16.01%,1.16M,-0.13%,1.17M,+1.58%
493,Ischemic heart disease,Kerala,Female,472.52K,,444.54K,-5.92%,443.68K,-0.19%,455.26K,+2.61%,450.74K,-0.99%,424.94K,-5.73%,378.80K,-10.86%,320.51K,-15.39%,331.28K,+3.36%,392.94K,+18.61%,410.98K,+4.59%
493,Ischemic heart disease,Madhya Pradesh,Male,2.54M,,2.55M,+0.51%,2.57M,+0.79%,2.71M,+5.54%,2.66M,-1.73%,2.60M,-2.22%,2.53M,-2.69%,2.48M,-1.96%,3.38M,+35.90%,2.70M,-20.08%,2.79M,+3.21%
493,Ischemic heart disease,Madhya Pradesh,Female,943.79K,,1.00M,+6.26%,1.01M,+0.54%,1.06M,+5.62%,1.06M,-0.51%,1.08M,+2.33%,1.07M,-1.06%,1.04M,-2.69%,1.35M,+29.39%,1.11M,-17.69%,1.14M,+2.38%
493,Ischemic heart disease,Maharashtra,Male,4.05M,,3.85M,-4.86%,3.58M,-7.17%,3.36M,-6.15%,3.19M,-5.11%,3.61M,+13.19%,2.68M,-25.75%,2.22M,-16.91%,2.80M,+25.97%,2.53M,-9.58%,2.66M,+5.16%
493,Ischemic heart disease,Maharashtra,Female,1.46M,,1.50M,+2.97%,1.43M,-4.56%,1.35M,-5.72%,1.18M,-12.43%,1.17M,-1.32%,904.72K,-22.55%,738.28K,-18.40%,900.51K,+21.97%,869.10K,-3.49%,907.89K,+4.46%
493,Ischemic heart disease,Manipur,Male,47.96K,,49.70K,+3.63%,51.91K,+4.44%,57.03K,+9.87%,59.48K,+4.30%,61.45K,+3.30%,60.04K,-2.29%,59.74K,-0.50%,93.27K,+56.13%,71.41K,-23.44%,75.37K,+5.55%
493,Ischemic heart disease,Manipur,Female,30.21K,,33.64K,+11.38%,36.03K,+7.10%,38.73K,+7.49%,39.61K,+2.27%,41.10K,+3.76%,40.15K,-2.31%,39.54K,-1.52%,60.04K,+51.85%,46.37K,-22.77%,48.55K,+4.70%
493,Ischemic heart disease,Meghalaya,Male,27.84K,,27.91K,+0.26%,28.18K,+0.99%,31.38K,+11.33%,32.96K,+5.06%,34.02K,+3.21%,33.29K,-2.15%,33.56K,+0.82%,55.52K,+65.40%,39.51K,-28.84%,40.88K,+3.48%
493,Ischemic heart disease,Meghalaya,Female,14.39K,,15.19K,+5.55%,15.59K,+2.62%,17.80K,+14.21%,19.17K,+7.70%,20.42K,+6.51%,20.20K,-1.11%,20.27K,+0.35%,32.34K,+59.54%,23.40K,-27.64%,24.26K,+3.68%
493,Ischemic heart disease,Mizoram,Male,5.57K,,5.44K,-2.27%,5.76K,+5.84%,6.94K,+20.56%,7.25K,+4.46%,7.31K,+0.83%,7.05K,-3.54%,7.20K,+2.07%,10.36K,+43.85%,8.46K,-18.34%,8.77K,+3.68%
493,Ischemic heart disease,Mizoram,Female,2.23K,,2.31K,+3.58%,2.46K,+6.37%,2.92K,+18.92%,3.01K,+2.91%,3.03K,+0.64%,2.87K,-5.21%,3.01K,+4.91%,4.26K,+41.53%,3.21K,-24.74%,3.22K,+0.52%
493,Ischemic heart disease,Nagaland,Male,20.12K,,19.93K,-0.97%,19.83K,-0.50%,20.66K,+4.19%,20.91K,+1.22%,20.89K,-0.10%,19.87K,-4.88%,19.91K,+0.21%,31.74K,+59.43%,22.27K,-29.86%,22.95K,+3.08%
493,Ischemic heart disease,Nagaland,Female,14.00K,,15.05K,+7.53%,15.47K,+2.81%,16.05K,+3.70%,16.28K,+1.45%,16.66K,+2.31%,16.12K,-3.23%,16.16K,+0.23%,24.49K,+51.60%,17.76K,-27.47%,18.40K,+3.61%
493,Ischemic heart disease,Odisha,Male,703.63K,,680.11K,-3.34%,669.02K,-1.63%,740.13K,+10.63%,761.90K,+2.94%,758.86K,-0.40%,737.09K,-2.87%,716.70K,-2.77%,907.70K,+26.65%,813.00K,-10.43%,824.79K,+1.45%
493,Ischemic heart disease,Odisha,Female,348.00K,,366.92K,+5.44%,378.46K,+3.14%,424.58K,+12.19%,448.01K,+5.52%,464.45K,+3.67%,458.78K,-1.22%,442.91K,-3.46%,494.38K,+11.62%,507.52K,+2.66%,509.30K,+0.35%
493,Ischemic heart disease,Other Union Territories,Male,135.23K,,139.91K,+3.46%,144.16K,+3.03%,155.33K,+7.75%,159.93K,+2.96%,160.58K,+0.41%,157.11K,-2.16%,166.14K,+5.75%,220.60K,+32.78%,177.46K,-19.56%,181.80K,+2.45%
493,Ischemic heart disease,Other Union Territories,Female,54.13K,,60.28K,+11.36%,63.27K,+4.96%,67.82K,+7.19%,69.17K,+1.99%,70.42K,+1.81%,69.05K,-1.94%,75.08K,+8.74%,101.33K,+34.96%,78.17K,-22.85%,79.34K,+1.50%
493,Ischemic heart disease,Punjab,Male,2.27M,,2.29M,+0.73%,2.31M,+0.67%,2.52M,+9.27%,2.60M,+3.17%,2.61M,+0.28%,2.50M,-4.30%,2.55M,+2.23%,3.07M,+20.34%,2.68M,-12.79%,2.65M,-1.01%
493,Ischemic heart disease,Punjab,Female,921.04K,,990.71K,+7.56%,1.03M,+3.83%,1.14M,+11.05%,1.16M,+1.78%,1.19M,+2.57%,1.16M,-2.84%,1.16M,+0.10%,1.31M,+12.62%,1.25M,-4.29%,1.25M,-0.40%
493,Ischemic heart disease,Rajasthan,Male,2.09M,,2.21M,+5.63%,2.31M,+4.57%,2.48M,+7.47%,2.53M,+1.91%,2.49M,-1.33%,2.41M,-3.53%,2.28M,-5.13%,2.73M,+19.80%,2.64M,-3.25%,2.64M,-0.22%
493,Ischemic heart disease,Rajasthan,Female,575.80K,,652.42K,+13.31%,690.83K,+5.89%,733.00K,+6.10%,729.61K,-0.46%,729.17K,-0.06%,693.30K,-4.92%,637.11K,-8.11%,739.36K,+16.05%,722.72K,-2.25%,722.69K,-0.01%
493,Ischemic heart disease,Sikkim,Male,16.01K,,16.05K,+0.24%,15.72K,-2.05%,15.87K,+0.96%,15.06K,-5.10%,13.86K,-8.00%,12.18K,-12.13%,11.04K,-9.36%,13.85K,+25.46%,13.96K,+0.82%,14.40K,+3.15%
493,Ischemic heart disease,Sikkim,Female,6.60K,,6.79K,+2.96%,6.53K,-3.82%,6.34K,-2.93%,5.92K,-6.69%,5.54K,-6.38%,4.97K,-10.28%,4.89K,-1.55%,6.60K,+34.93%,5.85K,-11.31%,5.90K,+0.84%
493,Ischemic heart disease,Tamil Nadu,Male,5.23M,,5.13M,-1.95%,4.86M,-5.23%,4.84M,-0.41%,4.60M,-5.00%,4.21M,-8.51%,3.69M,-12.18%,3.63M,-1.69%,4.22M,+16.21%,3.45M,-18.23%,3.51M,+1.58%
493,Ischemic heart disease,Tamil Nadu,Female,1.93M,,1.97M,+2.10%,1.85M,-6.07%,1.77M,-4.52%,1.60M,-9.18%,1.41M,-11.74%,1.20M,-14.93%,1.15M,-4.63%,1.25M,+8.82%,1.10M,-11.97%,1.15M,+4.44%
493,Ischemic heart disease,Telangana,Male,2.93M,,2.96M,+1.24%,3.00M,+1.19%,3.25M,+8.36%,3.38M,+4.07%,3.45M,+2.02%,3.47M,+0.56%,3.47M,+0.02%,4.33M,+24.84%,3.67M,-15.42%,3.61M,-1.61%
493,Ischemic heart disease,Telangana,Female,1.56M,,1.65M,+5.80%,1.65M,+0.05%,1.74M,+5.34%,1.74M,+0.34%,1.71M,-1.80%,1.62M,-5.66%,1.47M,-9.00%,1.52M,+3.07%,1.68M,+10.62%,1.63M,-2.52%
493,Ischemic heart disease,Tripura,Male,100.27K,,87.85K,-12.38%,92.55K,+5.35%,112.36K,+21.41%,115.58K,+2.86%,113.06K,-2.18%,109.85K,-2.84%,109.71K,-0.13%,130.77K,+19.20%,128.16K,-2.00%,135.43K,+5.67%
493,Ischemic heart disease,Tripura,Female,51.23K,,44.37K,-13.38%,48.47K,+9.24%,62.46K,+28.85%,64.93K,+3.95%,63.64K,-1.99%,62.43K,-1.89%,61.92K,-0.81%,69.87K,+12.83%,71.25K,+1.98%,75.36K,+5.77%
493,Ischemic heart disease,Uttar Pradesh,Male,5.58M,,5.45M,-2.24%,5.12M,-6.18%,5.31M,+3.74%,4.84M,-8.92%,4.54M,-6.19%,3.98M,-12.27%,3.54M,-11.08%,4.51M,+27.41%,4.23M,-6.15%,4.30M,+1.64%
493,Ischemic heart disease,Uttar Pradesh,Female,2.55M,,2.85M,+11.57%,2.80M,-1.79%,2.94M,+5.19%,2.68M,-8.78%,2.62M,-2.53%,2.29M,-12.33%,1.92M,-16.35%,2.06M,+7.35%,2.48M,+20.67%,2.52M,+1.45%
493,Ischemic heart disease,Uttarakhand,Male,864.81K,,890.90K,+3.02%,915.09K,+2.72%,977.60K,+6.83%,971.05K,-0.67%,946.35K,-2.54%,853.56K,-9.80%,824.05K,-3.46%,989.79K,+20.11%,914.00K,-7.66%,907.29K,-0.73%
493,Ischemic heart disease,Uttarakhand,Female,290.39K,,323.05K,+11.25%,331.53K,+2.63%,349.10K,+5.30%,345.73K,-0.96%,343.28K,-0.71%,308.75K,-10.06%,286.80K,-7.11%,322.57K,+12.47%,322.11K,-0.14%,318.94K,-0.98%
493,Ischemic heart disease,West Bengal,Male,2.77M,,2.83M,+2.18%,2.73M,-3.53%,2.89M,+6.00%,2.90M,+0.10%,2.93M,+0.95%,2.82M,-3.65%,2.90M,+2.79%,3.80M,+31.06%,3.13M,-17.50%,3.35M,+6.85%
493,Ischemic heart disease,West Bengal,Female,1.48M,,1.64M,+10.48%,1.63M,-0.83%,1.70M,+4.49%,1.65M,-3.03%,1.62M,-1.47%,1.52M,-6.11%,1.55M,+1.97%,1.96M,+26.45%,1.65M,-15.88%,1.77M,+6.93%
494,Stroke,Andhra Pradesh,Male,542.98K,,521.60K,-3.94%,516.96K,-0.89%,540.96K,+4.64%,549.47K,+1.57%,518.28K,-5.68%,485.16K,-6.39%,482.85K,-0.48%,569.64K,+17.97%,458.07K,-19.59%,451.35K,-1.47%
494,Stroke,Andhra Pradesh,Female,394.30K,,425.18K,+7.83%,450.46K,+5.95%,477.74K,+6.06%,496.70K,+3.97%,503.25K,+1.32%,505.24K,+0.39%,492.55K,-2.51%,503.01K,+2.12%,485.31K,-3.52%,480.50K,-0.99%
494,Stroke,Arunachal Pradesh,Male,8.24K,,8.13K,-1.38%,8.28K,+1.90%,8.80K,+6.26%,9.08K,+3.16%,8.99K,-0.94%,8.68K,-3.51%,8.64K,-0.42%,10.52K,+21.82%,8.78K,-16.53%,9.56K,+8.81%
494,Stroke,Arunachal Pradesh,Female,4.32K,,4.52K,+4.62%,4.67K,+3.42%,4.86K,+4.02%,4.95K,+1.76%,4.99K,+0.83%,4.89K,-1.86%,4.93K,+0.74%,5.99K,+21.50%,5.09K,-14.97%,5.61K,+10.09%
494,Stroke,Assam,Male,580.19K,,559.01K,-3.65%,556.33K,-0.48%,584.37K,+5.04%,599.31K,+2.56%,598.60K,-0.12%,582.61K,-2.67%,570.42K,-2.09%,706.79K,+23.91%,594.60K,-15.87%,609.35K,+2.48%
494,Stroke,Assam,Female,318.26K,,341.17K,+7.20%,360.88K,+5.78%,383.42K,+6.25%,395.50K,+3.15%,402.81K,+1.85%,387.48K,-3.81%,358.46K,-7.49%,356.78K,-0.47%,412.90K,+15.73%,423.61K,+2.60%
494,Stroke,Bihar,Male,630.16K,,596.40K,-5.36%,572.86K,-3.95%,609.10K,+6.33%,609.58K,+0.08%,599.36K,-1.68%,576.71K,-3.78%,539.67K,-6.42%,675.81K,+25.23%,554.02K,-18.02%,571.33K,+3.12%
494,Stroke,Bihar,Female,503.93K,,550.93K,+9.32%,549.48K,-0.26%,582.00K,+5.92%,576.71K,-0.91%,589.27K,+2.18%,573.70K,-2.64%,535.71K,-6.62%,572.09K,+6.79%,573.22K,+0.20%,588.61K,+2.68%
494,Stroke,Chhattisgarh,Male,535.59K,,525.33K,-1.91%,534.64K,+1.77%,591.02K,+10.54%,616.28K,+4.28%,600.39K,-2.58%,587.01K,-2.23%,569.79K,-2.93%,747.58K,+31.20%,586.92K,-21.49%,577.65K,-1.58%
494,Stroke,Chhattisgarh,Female,358.46K,,384.55K,+7.28%,400.93K,+4.26%,441.02K,+10.00%,467.32K,+5.96%,485.75K,+3.95%,492.91K,+1.47%,467.77K,-5.10%,584.11K,+24.87%,500.66K,-14.29%,485.62K,-3.00%
494,Stroke,Delhi,Male,89.00K,,84.65K,-4.88%,81.19K,-4.09%,79.10K,-2.57%,73.48K,-7.11%,67.94K,-7.54%,61.58K,-9.36%,78.56K,+27.57%,92.60K,+17.87%,61.26K,-33.85%,61.33K,+0.12%
494,Stroke,Delhi,Female,49.49K,,50.65K,+2.33%,48.11K,-5.01%,47.61K,-1.03%,44.69K,-6.14%,42.79K,-4.26%,40.18K,-6.10%,52.15K,+29.79%,59.89K,+14.85%,43.62K,-27.17%,43.53K,-0.21%
494,Stroke,Goa,Male,17.78K,,17.57K,-1.15%,17.55K,-0.15%,17.66K,+0.63%,17.53K,-0.71%,17.07K,-2.65%,16.20K,-5.08%,16.37K,+1.04%,20.18K,+23.26%,16.18K,-19.83%,15.91K,-1.66%
494,Stroke,Goa,Female,7.86K,,8.15K,+3.75%,8.29K,+1.68%,8.13K,-1.89%,7.95K,-2.21%,7.88K,-0.85%,7.63K,-3.28%,7.55K,-0.97%,8.69K,+15.14%,7.86K,-9.64%,7.88K,+0.31%
494,Stroke,Gujarat,Male,533.04K,,570.74K,+7.07%,620.56K,+8.73%,685.33K,+10.44%,739.48K,+7.90%,755.95K,+2.23%,760.69K,+0.63%,826.61K,+8.67%,1.22M,+47.85%,803.27K,-34.27%,781.57K,-2.70%
494,Stroke,Gujarat,Female,346.62K,,397.31K,+14.62%,437.90K,+10.22%,477.25K,+8.99%,514.17K,+7.74%,538.33K,+4.70%,563.28K,+4.63%,609.73K,+8.25%,863.05K,+41.55%,580.65K,-32.72%,578.19K,-0.42%
494,Stroke,Haryana,Male,239.62K,,266.18K,+11.08%,294.85K,+10.77%,342.95K,+16.31%,372.35K,+8.57%,389.63K,+4.64%,383.76K,-1.51%,389.99K,+1.62%,463.08K,+18.74%,370.36K,-20.02%,358.13K,-3.30%
494,Stroke,Haryana,Female,129.99K,,155.07K,+19.29%,167.42K,+7.97%,186.03K,+11.11%,194.53K,+4.57%,205.16K,+5.47%,205.64K,+0.23%,212.08K,+3.13%,242.38K,+14.29%,203.69K,-15.96%,201.49K,-1.08%
494,Stroke,Himachal Pradesh,Male,36.15K,,32.46K,-10.19%,31.01K,-4.47%,31.82K,+2.60%,33.63K,+5.69%,34.57K,+2.78%,34.10K,-1.36%,32.62K,-4.34%,38.67K,+18.55%,39.06K,+1.02%,39.52K,+1.17%
494,Stroke,Himachal Pradesh,Female,20.99K,,19.25K,-8.30%,18.07K,-6.13%,17.52K,-3.02%,17.62K,+0.55%,18.01K,+2.25%,17.95K,-0.37%,18.03K,+0.48%,22.36K,+23.97%,20.21K,-9.59%,19.98K,-1.16%
494,Stroke,Jammu & Kashmir and Ladakh,Male,71.25K,,72.48K,+1.73%,76.55K,+5.62%,83.29K,+8.81%,86.76K,+4.16%,85.97K,-0.91%,81.23K,-5.52%,73.45K,-9.57%,76.40K,+4.02%,81.32K,+6.44%,80.78K,-0.66%
494,Stroke,Jammu & Kashmir and Ladakh,Female,37.56K,,38.96K,+3.71%,40.70K,+4.48%,42.97K,+5.58%,44.17K,+2.80%,45.70K,+3.45%,45.87K,+0.37%,46.94K,+2.34%,59.68K,+27.13%,48.03K,-19.53%,48.69K,+1.39%
494,Stroke,Jharkhand,Male,259.11K,,287.93K,+11.12%,281.48K,-2.24%,347.02K,+23.28%,379.26K,+9.29%,395.83K,+4.37%,398.83K,+0.76%,386.80K,-3.02%,506.91K,+31.05%,407.02K,-19.70%,405.78K,-0.31%
494,Stroke,Jharkhand,Female,265.90K,,272.00K,+2.30%,301.47K,+10.83%,336.24K,+11.53%,348.30K,+3.59%,358.42K,+2.91%,353.69K,-1.32%,328.92K,-7.00%,347.19K,+5.55%,383.35K,+10.41%,382.24K,-0.29%
494,Stroke,Karnataka,Male,649.03K,,636.94K,-1.86%,648.33K,+1.79%,684.02K,+5.50%,694.77K,+1.57%,668.88K,-3.73%,635.02K,-5.06%,676.31K,+6.50%,815.75K,+20.62%,607.10K,-25.58%,603.27K,-0.63%
494,Stroke,Karnataka,Female,402.57K,,439.67K,+9.22%,459.98K,+4.62%,470.94K,+2.38%,454.82K,-3.42%,433.96K,-4.59%,405.28K,-6.61%,407.02K,+0.43%,479.47K,+17.80%,396.40K,-17.33%,400.62K,+1.06%
494,Stroke,Kerala,Male,434.49K,,458.68K,+5.57%,488.66K,+6.54%,544.36K,+11.40%,587.80K,+7.98%,583.79K,-0.68%,553.47K,-5.19%,494.71K,-10.62%,557.11K,+12.61%,555.34K,-0.32%,543.19K,-2.19%
494,Stroke,Kerala,Female,224.81K,,225.28K,+0.21%,242.17K,+7.50%,266.48K,+10.04%,284.47K,+6.75%,285.33K,+0.30%,272.35K,-4.55%,243.92K,-10.44%,251.62K,+3.16%,295.49K,+17.44%,300.93K,+1.84%
494,Stroke,Madhya Pradesh,Male,652.06K,,642.26K,-1.50%,645.37K,+0.48%,673.92K,+4.42%,669.94K,-0.59%,642.42K,-4.11%,616.58K,-4.02%,603.32K,-2.15%,742.45K,+23.06%,594.78K,-19.89%,594.86K,+0.01%
494,Stroke,Madhya Pradesh,Female,453.50K,,466.31K,+2.83%,460.82K,-1.18%,474.07K,+2.88%,475.34K,+0.27%,477.97K,+0.55%,474.03K,-0.82%,469.66K,-0.92%,570.38K,+21.45%,462.74K,-18.87%,466.31K,+0.77%
494,Stroke,Maharashtra,Male,1.45M,,1.51M,+4.59%,1.56M,+2.88%,1.60M,+2.57%,1.67M,+4.68%,2.03M,+21.39%,1.60M,-21.35%,1.38M,-13.33%,1.68M,+21.30%,1.48M,-11.85%,1.49M,+0.99%
494,Stroke,Maharashtra,Female,700.74K,,785.31K,+12.07%,817.34K,+4.08%,839.49K,+2.71%,821.64K,-2.13%,879.34K,+7.02%,729.20K,-17.07%,633.69K,-13.10%,765.94K,+20.87%,718.96K,-6.13%,735.10K,+2.25%
494,Stroke,Manipur,Male,39.96K,,40.04K,+0.21%,41.17K,+2.81%,44.54K,+8.20%,46.30K,+3.94%,46.56K,+0.56%,44.90K,-3.57%,43.70K,-2.66%,63.46K,+45.21%,47.97K,-24.40%,49.60K,+3.40%
494,Stroke,Manipur,Female,18.97K,,20.40K,+7.53%,21.50K,+5.40%,22.69K,+5.52%,23.18K,+2.16%,23.73K,+2.34%,23.44K,-1.21%,23.28K,-0.66%,33.70K,+44.72%,25.95K,-23.00%,26.79K,+3.26%
494,Stroke,Meghalaya,Male,16.61K,,15.94K,-4.03%,15.90K,-0.23%,17.61K,+10.71%,18.66K,+5.99%,18.99K,+1.77%,18.54K,-2.37%,18.42K,-0.63%,28.61K,+55.26%,19.70K,-31.13%,19.97K,+1.39%
494,Stroke,Meghalaya,Female,8.82K,,8.85K,+0.32%,8.88K,+0.31%,10.00K,+12.60%,10.79K,+7.93%,11.38K,+5.47%,11.47K,+0.75%,11.65K,+1.61%,17.86K,+53.27%,12.79K,-28.37%,13.18K,+2.98%
494,Stroke,Mizoram,Male,2.95K,,2.74K,-7.28%,2.85K,+4.24%,3.45K,+20.87%,3.65K,+5.99%,3.63K,-0.58%,3.48K,-4.19%,3.49K,+0.36%,4.68K,+33.97%,3.76K,-19.76%,3.78K,+0.53%
494,Stroke,Mizoram,Female,1.09K,,1.11K,+1.55%,1.19K,+7.56%,1.47K,+22.85%,1.57K,+7.17%,1.63K,+3.36%,1.62K,-0.22%,1.78K,+9.91%,2.52K,+41.58%,1.98K,-21.62%,1.92K,-3.11%
494,Stroke,Nagaland,Male,17.80K,,17.39K,-2.33%,17.37K,-0.12%,18.04K,+3.90%,18.39K,+1.90%,18.20K,-0.99%,17.25K,-5.26%,17.00K,-1.45%,25.41K,+49.50%,17.76K,-30.09%,18.11K,+1.96%
494,Stroke,Nagaland,Female,7.15K,,7.44K,+4.06%,7.54K,+1.41%,7.67K,+1.69%,7.74K,+0.84%,7.79K,+0.63%,7.58K,-2.68%,7.63K,+0.75%,11.08K,+45.18%,7.95K,-28.23%,8.06K,+1.31%
494,Stroke,Odisha,Male,612.35K,,579.27K,-5.40%,574.91K,-0.75%,638.59K,+11.08%,669.43K,+4.83%,662.82K,-0.99%,644.34K,-2.79%,629.16K,-2.36%,733.31K,+16.55%,654.85K,-10.70%,657.08K,+0.34%
494,Stroke,Odisha,Female,462.68K,,471.92K,+2.00%,482.42K,+2.23%,531.18K,+10.11%,563.20K,+6.03%,577.56K,+2.55%,578.37K,+0.14%,564.50K,-2.40%,604.22K,+7.04%,622.23K,+2.98%,625.54K,+0.53%
494,Stroke,Other Union Territories,Male,18.78K,,18.94K,+0.81%,19.36K,+2.24%,20.64K,+6.61%,21.25K,+2.96%,21.12K,-0.63%,20.59K,-2.49%,21.95K,+6.58%,27.24K,+24.10%,21.38K,-21.51%,21.21K,-0.80%
494,Stroke,Other Union Territories,Female,13.36K,,14.50K,+8.49%,15.08K,+4.02%,15.94K,+5.72%,16.25K,+1.93%,16.45K,+1.20%,16.40K,-0.29%,18.29K,+11.53%,23.69K,+29.54%,18.20K,-23.17%,18.11K,-0.49%
494,Stroke,Punjab,Male,190.18K,,187.08K,-1.63%,190.15K,+1.64%,208.03K,+9.40%,219.48K,+5.50%,219.73K,+0.12%,215.20K,-2.06%,222.38K,+3.34%,248.19K,+11.61%,215.59K,-13.14%,207.44K,-3.78%
494,Stroke,Punjab,Female,125.61K,,134.25K,+6.88%,140.37K,+4.56%,155.33K,+10.66%,162.66K,+4.71%,167.94K,+3.25%,171.87K,+2.34%,179.28K,+4.31%,194.77K,+8.64%,184.59K,-5.23%,182.11K,-1.34%
494,Stroke,Rajasthan,Male,354.60K,,368.74K,+3.99%,388.71K,+5.42%,421.74K,+8.50%,439.92K,+4.31%,432.33K,-1.73%,416.74K,-3.61%,400.78K,-3.83%,440.80K,+9.99%,416.18K,-5.59%,405.06K,-2.67%
494,Stroke,Rajasthan,Female,204.66K,,226.82K,+10.83%,239.79K,+5.72%,251.78K,+5.00%,253.80K,+0.80%,250.96K,-1.12%,243.52K,-2.96%,230.68K,-5.27%,251.03K,+8.82%,243.61K,-2.96%,242.99K,-0.26%
494,Stroke,Sikkim,Male,3.69K,,3.61K,-2.14%,3.54K,-2.12%,3.56K,+0.75%,3.42K,-4.03%,3.13K,-8.61%,2.73K,-12.70%,2.48K,-8.98%,2.90K,+16.64%,2.88K,-0.47%,2.92K,+1.11%
494,Stroke,Sikkim,Female,1.96K,,1.99K,+1.72%,1.93K,-3.09%,1.87K,-2.83%,1.78K,-4.99%,1.69K,-5.36%,1.55K,-8.00%,1.59K,+2.34%,2.04K,+28.84%,1.83K,-10.35%,1.86K,+1.38%
494,Stroke,Tamil Nadu,Male,727.26K,,766.61K,+5.41%,799.48K,+4.29%,878.98K,+9.94%,923.97K,+5.12%,915.95K,-0.87%,872.19K,-4.78%,878.86K,+0.77%,975.11K,+10.95%,774.70K,-20.55%,773.44K,-0.16%
494,Stroke,Tamil Nadu,Female,532.87K,,601.53K,+12.89%,635.20K,+5.60%,676.59K,+6.52%,680.96K,+0.65%,652.87K,-4.13%,608.18K,-6.85%,615.75K,+1.24%,669.56K,+8.74%,602.08K,-10.08%,623.31K,+3.53%
494,Stroke,Telangana,Male,488.81K,,476.34K,-2.55%,480.57K,+0.89%,512.12K,+6.56%,530.36K,+3.56%,529.86K,-0.10%,521.40K,-1.60%,516.66K,-0.91%,593.51K,+14.88%,490.21K,-17.40%,473.67K,-3.38%
494,Stroke,Telangana,Female,324.83K,,332.30K,+2.30%,332.28K,-0.00%,346.58K,+4.30%,349.42K,+0.82%,340.53K,-2.55%,324.29K,-4.77%,299.89K,-7.52%,295.47K,-1.48%,322.54K,+9.16%,313.93K,-2.67%
494,Stroke,Tripura,Male,76.03K,,63.15K,-16.94%,65.28K,+3.38%,78.72K,+20.58%,81.48K,+3.51%,77.65K,-4.71%,75.30K,-3.03%,74.25K,-1.39%,82.63K,+11.28%,78.44K,-5.07%,80.01K,+1.99%
494,Stroke,Tripura,Female,41.51K,,34.19K,-17.63%,36.61K,+7.08%,46.38K,+26.68%,48.21K,+3.94%,46.20K,-4.16%,46.16K,-0.10%,46.33K,+0.37%,50.21K,+8.37%,50.39K,+0.36%,51.91K,+3.02%
494,Stroke,Uttar Pradesh,Male,1.73M,,1.87M,+7.97%,1.99M,+6.19%,2.24M,+12.62%,2.31M,+3.54%,2.32M,+0.28%,2.22M,-4.17%,2.10M,-5.58%,2.52M,+20.08%,2.34M,-7.29%,2.32M,-0.60%
494,Stroke,Uttar Pradesh,Female,1.31M,,1.61M,+22.72%,1.77M,+10.03%,1.98M,+12.10%,2.06M,+3.70%,2.13M,+3.36%,2.08M,-2.26%,1.92M,-7.83%,1.93M,+0.93%,2.34M,+21.29%,2.33M,-0.64%
494,Stroke,Uttarakhand,Male,132.59K,,133.08K,+0.37%,137.43K,+3.27%,145.49K,+5.86%,145.49K,+0.01%,138.08K,-5.10%,124.37K,-9.93%,121.23K,-2.53%,134.90K,+11.28%,121.25K,-10.12%,119.18K,-1.71%
494,Stroke,Uttarakhand,Female,71.53K,,77.52K,+8.37%,79.75K,+2.88%,83.17K,+4.29%,83.61K,+0.52%,81.39K,-2.65%,74.86K,-8.02%,70.54K,-5.78%,73.48K,+4.17%,74.93K,+1.97%,74.20K,-0.97%
494,Stroke,West Bengal,Male,1.97M,,1.92M,-2.97%,1.83M,-4.42%,1.88M,+2.61%,1.87M,-0.28%,1.84M,-2.02%,1.76M,-4.32%,1.80M,+2.60%,2.19M,+21.26%,1.74M,-20.54%,1.77M,+2.15%
494,Stroke,West Bengal,Female,1.16M,,1.22M,+5.73%,1.21M,-1.07%,1.23M,+1.71%,1.20M,-2.48%,1.16M,-3.41%,1.11M,-4.25%,1.16M,+4.52%,1.39M,+19.68%,1.14M,-17.57%,1.19M,+3.96%
498,Hypertensive heart disease,Andhra Pradesh,Male,121.08K,,120.93K,-0.13%,126.77K,+4.83%,137.92K,+8.79%,147.00K,+6.59%,144.65K,-1.60%,143.89K,-0.52%,149.50K,+3.90%,177.22K,+18.54%,146.09K,-17.57%,148.39K,+1.58%
498,Hypertensive heart disease,Andhra Pradesh,Female,90.37K,,99.51K,+10.11%,109.20K,+9.73%,115.92K,+6.15%,121.89K,+5.15%,123.77K,+1.55%,125.68K,+1.54%,134.31K,+6.86%,139.75K,+4.05%,144.07K,+3.09%,151.37K,+5.07%
498,Hypertensive heart disease,Arunachal Pradesh,Male,1.48K,,1.49K,+0.73%,1.57K,+5.37%,1.70K,+8.43%,1.80K,+5.59%,1.82K,+0.94%,1.81K,-0.09%,1.89K,+4.11%,2.34K,+24.05%,1.98K,-15.39%,2.23K,+12.65%
498,Hypertensive heart disease,Arunachal Pradesh,Female,754.85,,832.03,+10.22%,918.52,+10.39%,997.11,+8.56%,1.06K,+6.12%,1.10K,+4.37%,1.15K,+4.41%,1.24K,+7.49%,1.56K,+25.75%,1.38K,-11.74%,1.61K,+16.67%
498,Hypertensive heart disease,Assam,Male,46.52K,,44.89K,-3.51%,45.16K,+0.61%,47.23K,+4.58%,48.89K,+3.52%,49.02K,+0.26%,48.89K,-0.25%,49.55K,+1.34%,63.06K,+27.26%,54.96K,-12.85%,57.05K,+3.81%
498,Hypertensive heart disease,Assam,Female,25.74K,,28.98K,+12.59%,32.48K,+12.08%,35.59K,+9.57%,38.39K,+7.89%,40.46K,+5.38%,41.55K,+2.70%,40.94K,-1.47%,43.14K,+5.36%,52.20K,+21.00%,55.50K,+6.32%
498,Hypertensive heart disease,Bihar,Male,182.38K,,178.56K,-2.09%,179.38K,+0.46%,193.29K,+7.75%,204.97K,+6.04%,206.94K,+0.96%,211.36K,+2.14%,213.73K,+1.12%,267.63K,+25.21%,223.92K,-16.33%,234.19K,+4.59%
498,Hypertensive heart disease,Bihar,Female,107.85K,,125.70K,+16.56%,136.97K,+8.96%,149.41K,+9.09%,162.47K,+8.74%,173.44K,+6.75%,185.40K,+6.90%,194.55K,+4.93%,206.99K,+6.40%,214.78K,+3.76%,227.16K,+5.77%
498,Hypertensive heart disease,Chhattisgarh,Male,55.20K,,56.35K,+2.10%,59.59K,+5.75%,66.86K,+12.19%,71.94K,+7.61%,71.68K,-0.36%,72.67K,+1.38%,74.14K,+2.02%,97.88K,+32.02%,78.82K,-19.48%,79.92K,+1.40%
498,Hypertensive heart disease,Chhattisgarh,Female,29.08K,,32.95K,+13.31%,37.03K,+12.39%,42.44K,+14.62%,47.11K,+11.00%,50.53K,+7.26%,54.51K,+7.87%,57.24K,+5.01%,74.00K,+29.28%,63.70K,-13.92%,65.73K,+3.19%
498,Hypertensive heart disease,Delhi,Male,21.26K,,20.89K,-1.76%,21.30K,+1.99%,21.10K,-0.94%,20.86K,-1.13%,19.72K,-5.45%,19.46K,-1.32%,26.71K,+37.24%,30.61K,+14.59%,20.79K,-32.07%,21.17K,+1.85%
498,Hypertensive heart disease,Delhi,Female,12.32K,,13.36K,+8.37%,14.06K,+5.24%,14.44K,+2.75%,15.04K,+4.16%,14.96K,-0.55%,16.09K,+7.57%,23.56K,+46.43%,25.84K,+9.68%,19.40K,-24.92%,20.25K,+4.35%
498,Hypertensive heart disease,Goa,Male,3.46K,,3.48K,+0.71%,3.59K,+3.07%,3.69K,+2.87%,3.74K,+1.42%,3.70K,-1.26%,3.62K,-2.01%,3.80K,+4.93%,4.77K,+25.65%,3.84K,-19.46%,3.80K,-1.10%
498,Hypertensive heart disease,Goa,Female,1.54K,,1.67K,+8.18%,1.80K,+7.65%,1.84K,+2.45%,1.87K,+1.48%,1.90K,+1.69%,1.93K,+1.71%,2.00K,+3.57%,2.35K,+17.09%,2.19K,-6.74%,2.26K,+3.47%
498,Hypertensive heart disease,Gujarat,Male,115.17K,,118.85K,+3.19%,126.96K,+6.83%,136.78K,+7.73%,144.80K,+5.87%,144.21K,-0.41%,145.63K,+0.99%,159.49K,+9.52%,230.03K,+44.23%,150.92K,-34.39%,154.39K,+2.30%
498,Hypertensive heart disease,Gujarat,Female,68.72K,,75.23K,+9.47%,80.57K,+7.10%,83.94K,+4.18%,87.09K,+3.76%,87.45K,+0.41%,90.77K,+3.80%,102.03K,+12.40%,145.06K,+42.17%,103.13K,-28.91%,110.71K,+7.36%
498,Hypertensive heart disease,Haryana,Male,46.19K,,48.58K,+5.17%,52.20K,+7.45%,57.67K,+10.49%,62.43K,+8.25%,63.56K,+1.82%,64.10K,+0.84%,68.79K,+7.31%,79.55K,+15.65%,62.84K,-21.01%,62.96K,+0.19%
498,Hypertensive heart disease,Haryana,Female,26.59K,,29.75K,+11.90%,31.24K,+4.99%,32.17K,+2.99%,33.42K,+3.87%,33.95K,+1.60%,35.47K,+4.48%,38.99K,+9.92%,43.65K,+11.95%,38.43K,-11.97%,40.19K,+4.58%
498,Hypertensive heart disease,Himachal Pradesh,Male,11.84K,,10.83K,-8.57%,10.64K,-1.78%,11.04K,+3.83%,12.05K,+9.12%,12.64K,+4.84%,12.96K,+2.55%,12.95K,-0.06%,15.52K,+19.87%,16.16K,+4.09%,16.99K,+5.15%
498,Hypertensive heart disease,Himachal Pradesh,Female,7.09K,,6.82K,-3.78%,6.81K,-0.18%,6.83K,+0.33%,7.26K,+6.35%,7.72K,+6.25%,8.20K,+6.22%,8.78K,+7.17%,11.09K,+26.26%,10.51K,-5.26%,11.13K,+5.95%
498,Hypertensive heart disease,Jammu & Kashmir and Ladakh,Male,18.66K,,19.21K,+2.97%,20.89K,+8.74%,22.97K,+9.95%,24.67K,+7.42%,24.86K,+0.75%,24.62K,-0.95%,23.37K,-5.07%,24.15K,+3.35%,26.59K,+10.09%,27.10K,+1.92%
498,Hypertensive heart disease,Jammu & Kashmir and Ladakh,Female,10.71K,,11.50K,+7.43%,12.77K,+11.05%,13.77K,+7.76%,14.83K,+7.72%,15.72K,+6.02%,16.97K,+7.94%,18.64K,+9.84%,23.68K,+27.06%,20.32K,-14.21%,21.77K,+7.18%
498,Hypertensive heart disease,Jharkhand,Male,46.50K,,48.72K,+4.79%,46.72K,-4.12%,55.09K,+17.92%,60.09K,+9.08%,61.37K,+2.13%,61.66K,+0.48%,62.65K,+1.60%,80.54K,+28.55%,65.27K,-18.96%,68.23K,+4.53%
498,Hypertensive heart disease,Jharkhand,Female,27.42K,,27.91K,+1.78%,32.09K,+15.00%,35.92K,+11.92%,39.81K,+10.82%,42.17K,+5.94%,43.68K,+3.56%,44.57K,+2.05%,46.77K,+4.94%,51.96K,+11.09%,56.18K,+8.13%
498,Hypertensive heart disease,Karnataka,Male,108.46K,,107.36K,-1.02%,111.96K,+4.28%,120.13K,+7.30%,125.34K,+4.33%,123.74K,-1.27%,122.39K,-1.09%,136.91K,+11.86%,167.55K,+22.38%,129.64K,-22.63%,132.08K,+1.88%
498,Hypertensive heart disease,Karnataka,Female,72.37K,,80.43K,+11.15%,87.84K,+9.21%,92.54K,+5.35%,93.13K,+0.63%,92.35K,-0.84%,91.71K,-0.69%,99.31K,+8.29%,119.50K,+20.33%,105.46K,-11.76%,111.06K,+5.32%
498,Hypertensive heart disease,Kerala,Male,65.01K,,66.10K,+1.67%,68.44K,+3.55%,73.12K,+6.84%,76.38K,+4.45%,73.82K,-3.35%,69.66K,-5.62%,62.10K,-10.86%,70.15K,+12.97%,70.63K,+0.68%,71.29K,+0.93%
498,Hypertensive heart disease,Kerala,Female,49.38K,,48.62K,-1.55%,51.89K,+6.73%,55.47K,+6.90%,57.82K,+4.25%,56.96K,-1.49%,55.00K,-3.45%,50.46K,-8.24%,52.52K,+4.07%,63.31K,+20.56%,67.95K,+7.33%
498,Hypertensive heart disease,Madhya Pradesh,Male,122.54K,,123.23K,+0.56%,128.57K,+4.33%,136.55K,+6.21%,141.68K,+3.76%,138.92K,-1.95%,139.56K,+0.46%,145.47K,+4.24%,180.80K,+24.29%,146.60K,-18.91%,150.83K,+2.88%
498,Hypertensive heart disease,Madhya Pradesh,Female,66.80K,,72.36K,+8.33%,76.64K,+5.91%,81.49K,+6.33%,87.02K,+6.79%,90.57K,+4.08%,96.31K,+6.34%,105.02K,+9.04%,129.10K,+22.93%,108.90K,-15.65%,116.31K,+6.81%
498,Hypertensive heart disease,Maharashtra,Male,218.18K,,222.39K,+1.93%,226.51K,+1.85%,227.28K,+0.34%,235.60K,+3.66%,282.58K,+19.94%,225.47K,-20.21%,200.36K,-11.14%,243.45K,+21.50%,219.36K,-9.90%,228.35K,+4.10%
498,Hypertensive heart disease,Maharashtra,Female,117.49K,,129.59K,+10.29%,134.56K,+3.84%,134.55K,-0.00%,129.42K,-3.82%,136.13K,+5.18%,116.05K,-14.75%,105.93K,-8.72%,127.12K,+20.01%,124.64K,-1.96%,134.19K,+7.67%
498,Hypertensive heart disease,Manipur,Male,4.38K,,4.45K,+1.76%,4.72K,+6.10%,5.21K,+10.28%,5.59K,+7.26%,5.72K,+2.47%,5.76K,+0.65%,5.90K,+2.35%,8.68K,+47.14%,6.71K,-22.67%,7.01K,+4.40%
498,Hypertensive heart disease,Manipur,Female,2.77K,,3.11K,+12.42%,3.50K,+12.38%,3.84K,+9.86%,4.14K,+7.75%,4.38K,+5.84%,4.66K,+6.26%,4.99K,+7.17%,7.49K,+50.12%,6.04K,-19.42%,6.44K,+6.68%
498,Hypertensive heart disease,Meghalaya,Male,3.09K,,3.04K,-1.33%,3.15K,+3.32%,3.50K,+11.41%,3.77K,+7.49%,3.86K,+2.35%,3.87K,+0.34%,4.00K,+3.45%,6.30K,+57.35%,4.46K,-29.13%,4.61K,+3.33%
498,Hypertensive heart disease,Meghalaya,Female,1.94K,,2.07K,+6.72%,2.21K,+6.81%,2.53K,+14.43%,2.79K,+10.50%,2.98K,+6.84%,3.16K,+5.82%,3.41K,+8.22%,5.43K,+58.91%,4.09K,-24.64%,4.41K,+7.91%
498,Hypertensive heart disease,Mizoram,Male,854.20,,792.83,-7.18%,829.61,+4.64%,1.01K,+21.36%,1.06K,+5.58%,1.04K,-2.53%,996.05,-3.86%,1.02K,+1.96%,1.39K,+36.82%,1.11K,-20.39%,1.12K,+1.39%
498,Hypertensive heart disease,Mizoram,Female,502.34,,531.69,+5.84%,581.91,+9.45%,700.00,+20.29%,734.87,+4.98%,732.51,-0.32%,731.45,-0.14%,814.17,+11.31%,1.17K,+43.43%,900.37,-22.90%,910.79,+1.16%
498,Hypertensive heart disease,Nagaland,Male,1.70K,,1.69K,-0.90%,1.74K,+3.12%,1.84K,+5.78%,1.93K,+4.53%,1.93K,+0.49%,1.90K,-1.74%,1.97K,+3.42%,2.97K,+51.25%,2.13K,-28.27%,2.17K,+1.92%
498,Hypertensive heart disease,Nagaland,Female,1.02K,,1.11K,+8.34%,1.19K,+7.71%,1.26K,+5.57%,1.33K,+5.37%,1.38K,+4.05%,1.44K,+3.98%,1.56K,+8.28%,2.32K,+49.29%,1.80K,-22.73%,1.90K,+5.78%
498,Hypertensive heart disease,Odisha,Male,73.82K,,69.25K,-6.19%,68.65K,-0.87%,74.80K,+8.95%,78.09K,+4.40%,76.21K,-2.40%,74.67K,-2.02%,74.86K,+0.25%,88.76K,+18.57%,78.40K,-11.67%,81.51K,+3.98%
498,Hypertensive heart disease,Odisha,Female,39.50K,,41.33K,+4.64%,44.10K,+6.70%,49.01K,+11.13%,53.06K,+8.25%,54.69K,+3.07%,56.58K,+3.47%,58.66K,+3.66%,62.91K,+7.25%,66.16K,+5.17%,70.77K,+6.97%
498,Hypertensive heart disease,Other Union Territories,Male,5.35K,,5.45K,+1.94%,5.73K,+4.99%,6.17K,+7.81%,6.51K,+5.52%,6.56K,+0.76%,6.63K,+1.01%,7.35K,+10.80%,9.19K,+25.04%,7.34K,-20.11%,7.41K,+0.98%
498,Hypertensive heart disease,Other Union Territories,Female,3.19K,,3.57K,+11.99%,3.93K,+9.92%,4.27K,+8.67%,4.52K,+6.03%,4.70K,+3.91%,4.97K,+5.83%,5.88K,+18.19%,7.74K,+31.57%,6.15K,-20.54%,6.33K,+3.02%
498,Hypertensive heart disease,Punjab,Male,53.24K,,52.67K,-1.07%,54.95K,+4.32%,60.29K,+9.72%,65.73K,+9.03%,66.61K,+1.33%,68.35K,+2.61%,73.58K,+7.65%,81.19K,+10.34%,71.56K,-11.86%,70.87K,-0.96%
498,Hypertensive heart disease,Punjab,Female,37.97K,,42.00K,+10.60%,46.40K,+10.48%,52.01K,+12.11%,57.19K,+9.96%,60.32K,+5.47%,66.50K,+10.24%,73.99K,+11.26%,80.51K,+8.81%,77.78K,-3.39%,80.82K,+3.91%
498,Hypertensive heart disease,Rajasthan,Male,98.14K,,103.43K,+5.40%,112.22K,+8.49%,122.72K,+9.36%,132.33K,+7.83%,131.81K,-0.39%,132.66K,+0.64%,134.82K,+1.63%,147.95K,+9.74%,142.97K,-3.37%,143.92K,+0.67%
498,Hypertensive heart disease,Rajasthan,Female,58.15K,,66.43K,+14.23%,73.87K,+11.20%,79.43K,+7.52%,84.69K,+6.63%,86.20K,+1.79%,89.69K,+4.04%,93.20K,+3.91%,101.76K,+9.19%,102.55K,+0.78%,108.49K,+5.79%
498,Hypertensive heart disease,Sikkim,Male,922.37,,913.67,-0.94%,923.78,+1.11%,946.51,+2.46%,929.82,-1.76%,863.58,-7.12%,777.00,-10.02%,741.34,-4.59%,867.63,+17.04%,875.07,+0.86%,891.16,+1.84%
498,Hypertensive heart disease,Sikkim,Female,513.40,,540.28,+5.24%,556.80,+3.06%,556.07,-0.13%,544.24,-2.13%,524.98,-3.54%,504.62,-3.88%,551.06,+9.20%,722.11,+31.04%,657.73,-8.91%,675.49,+2.70%
498,Hypertensive heart disease,Tamil Nadu,Male,169.86K,,177.62K,+4.57%,185.74K,+4.57%,200.39K,+7.89%,209.75K,+4.67%,206.09K,-1.74%,196.85K,-4.48%,206.32K,+4.81%,230.90K,+11.91%,191.46K,-17.08%,197.31K,+3.06%
498,Hypertensive heart disease,Tamil Nadu,Female,106.25K,,119.65K,+12.62%,127.80K,+6.81%,133.37K,+4.36%,133.88K,+0.38%,128.45K,-4.06%,122.76K,-4.42%,127.78K,+4.09%,138.27K,+8.21%,128.41K,-7.13%,141.44K,+10.14%
498,Hypertensive heart disease,Telangana,Male,104.64K,,103.50K,-1.09%,106.95K,+3.34%,115.59K,+8.08%,123.69K,+7.00%,126.97K,+2.66%,130.31K,+2.63%,137.11K,+5.22%,160.98K,+17.41%,135.73K,-15.68%,136.30K,+0.42%
498,Hypertensive heart disease,Telangana,Female,68.03K,,72.11K,+6.00%,75.07K,+4.11%,80.24K,+6.89%,85.21K,+6.19%,87.16K,+2.30%,89.04K,+2.15%,89.74K,+0.79%,91.06K,+1.47%,102.59K,+12.66%,106.34K,+3.65%
498,Hypertensive heart disease,Tripura,Male,6.04K,,5.22K,-13.72%,5.63K,+7.91%,6.84K,+21.60%,7.30K,+6.64%,7.08K,-2.95%,7.17K,+1.30%,7.40K,+3.18%,8.33K,+12.54%,8.11K,-2.66%,8.32K,+2.56%
498,Hypertensive heart disease,Tripura,Female,4.10K,,3.62K,-11.63%,4.16K,+14.83%,5.33K,+28.10%,5.75K,+7.94%,5.65K,-1.69%,6.04K,+6.89%,6.48K,+7.14%,7.17K,+10.69%,7.54K,+5.12%,7.93K,+5.29%
498,Hypertensive heart disease,Uttar Pradesh,Male,349.55K,,343.35K,-1.77%,341.27K,-0.61%,349.15K,+2.31%,349.12K,-0.01%,327.67K,-6.14%,307.76K,-6.08%,295.56K,-3.97%,337.97K,+14.35%,319.87K,-5.35%,332.06K,+3.81%
498,Hypertensive heart disease,Uttar Pradesh,Female,189.07K,,212.33K,+12.30%,224.06K,+5.53%,229.39K,+2.38%,235.59K,+2.70%,230.09K,-2.34%,225.47K,-2.00%,221.60K,-1.72%,217.21K,-1.98%,268.68K,+23.69%,286.64K,+6.69%
498,Hypertensive heart disease,Uttarakhand,Male,24.42K,,24.89K,+1.95%,26.50K,+6.47%,28.32K,+6.86%,29.55K,+4.33%,28.73K,-2.76%,27.39K,-4.69%,28.29K,+3.31%,31.40K,+10.98%,28.86K,-8.11%,29.29K,+1.49%
498,Hypertensive heart disease,Uttarakhand,Female,14.65K,,16.36K,+11.70%,17.75K,+8.47%,18.84K,+6.13%,20.24K,+7.44%,20.54K,+1.50%,20.72K,+0.86%,21.52K,+3.86%,22.67K,+5.36%,23.60K,+4.11%,24.97K,+5.78%
498,Hypertensive heart disease,West Bengal,Male,131.56K,,131.43K,-0.10%,133.06K,+1.24%,140.33K,+5.47%,147.01K,+4.76%,147.76K,+0.51%,149.58K,+1.23%,163.39K,+9.24%,199.61K,+22.17%,163.69K,-18.00%,169.74K,+3.70%
498,Hypertensive heart disease,West Bengal,Female,85.08K,,95.44K,+12.18%,104.03K,+8.99%,110.32K,+6.05%,115.70K,+4.88%,116.31K,+0.53%,121.19K,+4.20%,138.60K,+14.36%,166.48K,+20.11%,145.37K,-12.68%,155.34K,+6.86%
499,Cardiomyopathy and myocarditis,Andhra Pradesh,Male,3.18K,,3.36K,+5.82%,2.97K,-11.70%,3.41K,+14.89%,3.68K,+7.81%,3.24K,-11.93%,4.24K,+30.97%,3.18K,-25.06%,3.29K,+3.47%,3.14K,-4.38%,3.61K,+14.87%
499,Cardiomyopathy and myocarditis,Andhra Pradesh,Female,480.87,,584.22,+21.49%,380.15,-34.93%,477.27,+25.55%,520.53,+9.06%,372.74,-28.39%,756.32,+102.91%,283.47,-62.52%,105.67,-62.72%,330.19,+212.47%,507.93,+53.83%
499,Cardiomyopathy and myocarditis,Arunachal Pradesh,Male,80.98,,80.30,-0.84%,82.94,+3.29%,87.62,+5.64%,89.51,+2.16%,93.85,+4.84%,93.64,-0.22%,97.05,+3.64%,120.42,+24.08%,-46.83,-138.89%,111.18,-337.40%
499,Cardiomyopathy and myocarditis,Arunachal Pradesh,Female,15.79,,16.75,+6.08%,17.87,+6.68%,19.05,+6.62%,19.89,+4.41%,22.42,+12.70%,23.07,+2.88%,23.83,+3.32%,28.87,+21.15%,-32.66,-213.10%,27.23,-183.38%
499,Cardiomyopathy and myocarditis,Assam,Male,2.58K,,2.40K,-6.95%,2.21K,-7.91%,2.31K,+4.30%,2.31K,+0.18%,2.42K,+4.54%,2.37K,-1.70%,2.40K,+1.07%,3.08K,+28.34%,2.71K,-11.91%,2.82K,+3.99%
499,Cardiomyopathy and myocarditis,Assam,Female,675.94,,712.36,+5.39%,711.51,-0.12%,793.84,+11.57%,838.94,+5.68%,965.65,+15.10%,975.99,+1.07%,934.43,-4.26%,946.79,+1.32%,1.14K,+19.92%,1.17K,+2.75%
499,Cardiomyopathy and myocarditis,Bihar,Male,10.77K,,12.16K,+12.94%,10.63K,-12.57%,11.21K,+5.47%,11.35K,+1.20%,12.13K,+6.87%,13.62K,+12.29%,11.38K,-16.45%,13.94K,+22.50%,13.87K,-0.46%,14.79K,+6.59%
499,Cardiomyopathy and myocarditis,Bihar,Female,3.22K,,4.36K,+35.62%,3.92K,-10.09%,4.19K,+6.76%,4.28K,+2.19%,4.87K,+13.89%,5.69K,+16.71%,4.51K,-20.65%,4.42K,-2.01%,5.79K,+30.79%,6.09K,+5.23%
499,Cardiomyopathy and myocarditis,Chhattisgarh,Male,2.92K,,3.04K,+3.90%,2.70K,-11.21%,3.52K,+30.37%,3.71K,+5.38%,3.34K,-9.99%,3.96K,+18.79%,2.96K,-25.32%,3.57K,+20.50%,4.05K,+13.51%,3.45K,-14.76%
499,Cardiomyopathy and myocarditis,Chhattisgarh,Female,848.46,,968.32,+14.13%,842.34,-13.01%,1.21K,+44.15%,1.32K,+8.87%,1.23K,-7.27%,1.61K,+31.03%,1.04K,-35.10%,1.10K,+5.12%,1.61K,+46.68%,1.25K,-21.96%
499,Cardiomyopathy and myocarditis,Delhi,Male,2.23K,,2.49K,+11.71%,2.23K,-10.53%,2.09K,-6.02%,2.09K,+0.13%,2.03K,-3.00%,2.22K,+9.35%,2.67K,+20.12%,2.93K,+9.88%,2.36K,-19.47%,1.99K,-15.81%
499,Cardiomyopathy and myocarditis,Delhi,Female,577.43,,705.29,+22.14%,623.15,-11.65%,596.39,-4.29%,633.45,+6.21%,641.81,+1.32%,756.59,+17.88%,924.71,+22.22%,916.06,-0.94%,836.31,-8.71%,669.23,-19.98%
499,Cardiomyopathy and myocarditis,Goa,Male,65.09,,60.89,-6.44%,55.30,-9.19%,67.70,+22.44%,57.26,-15.42%,62.22,+8.66%,57.44,-7.68%,59.63,+3.81%,73.73,+23.65%,64.15,-12.99%,47.54,-25.90%
499,Cardiomyopathy and myocarditis,Goa,Female,4.14,,2.96,-28.50%,1.22,-58.86%,3.79,+210.74%,1.31,-65.33%,2.70,+105.74%,1.83,-32.22%,1.39,-24.30%,1.07,-22.66%,2.84,+164.92%,-0.88,-131.02%
499,Cardiomyopathy and myocarditis,Gujarat,Male,4.86K,,5.55K,+14.17%,6.05K,+8.98%,5.78K,-4.45%,6.05K,+4.58%,6.04K,-0.05%,6.46K,+6.89%,7.12K,+10.26%,8.66K,+21.64%,6.09K,-29.65%,5.31K,-12.94%
499,Cardiomyopathy and myocarditis,Gujarat,Female,1.02K,,1.30K,+27.22%,1.45K,+11.44%,1.30K,-10.45%,1.38K,+6.42%,1.41K,+2.26%,1.57K,+11.34%,1.70K,+8.39%,1.68K,-1.43%,1.44K,-14.18%,1.14K,-20.99%
499,Cardiomyopathy and myocarditis,Haryana,Male,5.08K,,6.09K,+19.94%,5.79K,-5.05%,6.07K,+5.00%,6.70K,+10.32%,6.80K,+1.52%,7.64K,+12.29%,7.76K,+1.62%,8.43K,+8.54%,7.55K,-10.39%,6.42K,-14.96%
499,Cardiomyopathy and myocarditis,Haryana,Female,1.25K,,1.63K,+30.20%,1.47K,-9.69%,1.43K,-2.62%,1.53K,+6.99%,1.53K,-0.08%,1.76K,+14.94%,1.71K,-2.73%,1.63K,-4.68%,1.69K,+4.03%,1.41K,-16.98%
499,Cardiomyopathy and myocarditis,Himachal Pradesh,Male,637.84,,599.54,-6.00%,542.42,-9.53%,541.67,-0.14%,592.32,+9.35%,608.68,+2.76%,664.75,+9.21%,634.89,-4.49%,712.54,+12.23%,819.63,+15.03%,800.41,-2.34%
499,Cardiomyopathy and myocarditis,Himachal Pradesh,Female,145.39,,143.83,-1.07%,127.06,-11.66%,122.65,-3.48%,132.29,+7.86%,136.16,+2.92%,154.72,+13.63%,149.16,-3.59%,159.89,+7.19%,173.21,+8.33%,159.34,-8.01%
499,Cardiomyopathy and myocarditis,Jammu & Kashmir and Ladakh,Male,1.18K,,1.25K,+5.74%,1.30K,+4.03%,1.38K,+6.57%,1.46K,+5.67%,1.49K,+1.65%,1.53K,+3.18%,1.40K,-8.51%,1.39K,-0.53%,1.63K,+16.73%,1.59K,-2.15%
499,Cardiomyopathy and myocarditis,Jammu & Kashmir and Ladakh,Female,236.73,,262.26,+10.78%,270.30,+3.07%,276.34,+2.23%,292.69,+5.92%,312.82,+6.88%,345.39,+10.41%,347.94,+0.74%,406.67,+16.88%,369.86,-9.05%,366.85,-0.81%
499,Cardiomyopathy and myocarditis,Jharkhand,Male,2.55K,,3.12K,+22.08%,2.63K,-15.56%,3.37K,+28.10%,3.50K,+3.76%,3.66K,+4.48%,4.15K,+13.50%,3.33K,-19.70%,4.24K,+27.18%,4.30K,+1.52%,4.35K,+1.01%
499,Cardiomyopathy and myocarditis,Jharkhand,Female,780.58,,915.35,+17.26%,854.48,-6.65%,1.03K,+20.64%,1.05K,+1.38%,1.10K,+5.49%,1.28K,+16.15%,915.09,-28.53%,890.59,-2.68%,1.36K,+52.17%,1.37K,+0.90%
499,Cardiomyopathy and myocarditis,Karnataka,Male,3.47K,,3.23K,-6.98%,2.86K,-11.43%,3.87K,+35.24%,3.56K,-8.05%,3.18K,-10.53%,3.59K,+12.66%,3.67K,+2.26%,4.21K,+14.82%,3.42K,-18.84%,3.20K,-6.31%
499,Cardiomyopathy and myocarditis,Karnataka,Female,733.42,,732.89,-0.07%,583.68,-20.36%,999.19,+71.19%,813.57,-18.58%,673.46,-17.22%,839.11,+24.60%,737.73,-12.08%,718.09,-2.66%,747.44,+4.09%,639.14,-14.49%
499,Cardiomyopathy and myocarditis,Kerala,Male,1.03K,,898.74,-12.42%,772.14,-14.09%,1.14K,+47.47%,864.22,-24.10%,845.86,-2.12%,677.42,-19.91%,599.76,-11.46%,726.19,+21.08%,781.01,+7.55%,546.21,-30.06%
499,Cardiomyopathy and myocarditis,Kerala,Female,21.37,,-25.73,-220.42%,-72.27,+180.84%,39.62,-154.83%,-50.19,-226.67%,-34.00,-32.26%,-63.73,+87.44%,-59.00,-7.43%,-42.10,-28.65%,-28.13,-33.18%,-118.68,+321.88%
499,Cardiomyopathy and myocarditis,Madhya Pradesh,Male,8.30K,,9.13K,+10.01%,9.04K,-0.93%,9.29K,+2.78%,9.55K,+2.71%,9.47K,-0.84%,10.41K,+9.99%,9.33K,-10.36%,10.75K,+15.18%,10.60K,-1.39%,8.95K,-15.59%
499,Cardiomyopathy and myocarditis,Madhya Pradesh,Female,2.11K,,2.56K,+21.65%,2.53K,-1.35%,2.61K,+3.37%,2.81K,+7.44%,2.99K,+6.36%,3.52K,+17.91%,3.08K,-12.60%,3.17K,+3.01%,3.61K,+13.98%,2.83K,-21.62%
499,Cardiomyopathy and myocarditis,Maharashtra,Male,7.21K,,7.21K,-0.09%,6.58K,-8.70%,7.85K,+19.34%,7.14K,-9.09%,8.25K,+15.56%,7.58K,-8.14%,5.48K,-27.63%,5.47K,-0.26%,6.78K,+24.05%,5.82K,-14.18%
499,Cardiomyopathy and myocarditis,Maharashtra,Female,1.55K,,1.69K,+9.29%,1.50K,-11.44%,1.93K,+29.16%,1.42K,-26.80%,1.36K,-4.08%,1.38K,+1.95%,893.02,-35.50%,718.06,-19.59%,1.27K,+76.37%,964.39,-23.85%
499,Cardiomyopathy and myocarditis,Manipur,Male,180.62,,182.15,+0.85%,187.49,+2.93%,201.37,+7.41%,213.06,+5.80%,222.27,+4.32%,226.30,+1.81%,230.14,+1.70%,326.57,+41.90%,245.55,-24.81%,256.69,+4.54%
499,Cardiomyopathy and myocarditis,Manipur,Female,35.19,,38.31,+8.87%,40.77,+6.41%,43.83,+7.51%,47.43,+8.22%,52.24,+10.13%,55.54,+6.33%,56.49,+1.70%,75.62,+33.87%,58.81,-22.23%,61.84,+5.15%
499,Cardiomyopathy and myocarditis,Meghalaya,Male,182.77,,180.59,-1.19%,177.16,-1.90%,192.59,+8.71%,200.94,+4.33%,217.60,+8.29%,218.07,+0.22%,227.06,+4.12%,345.50,+52.16%,246.47,-28.66%,256.12,+3.92%
499,Cardiomyopathy and myocarditis,Meghalaya,Female,35.85,,37.01,+3.24%,35.82,-3.21%,40.76,+13.79%,45.01,+10.41%,54.34,+20.75%,57.01,+4.90%,59.94,+5.14%,86.06,+43.58%,64.37,-25.21%,67.01,+4.11%
499,Cardiomyopathy and myocarditis,Mizoram,Male,46.98,,43.55,-7.30%,43.41,-0.32%,50.83,+17.09%,52.16,+2.62%,53.23,+2.04%,54.24,+1.91%,54.84,+1.11%,73.19,+33.46%,56.41,-22.93%,58.54,+3.77%
499,Cardiomyopathy and myocarditis,Mizoram,Female,8.83,,8.60,-2.62%,8.69,+1.04%,10.55,+21.48%,11.15,+5.62%,12.48,+11.98%,13.35,+6.99%,14.33,+7.29%,18.38,+28.31%,13.80,-24.93%,13.70,-0.75%
499,Cardiomyopathy and myocarditis,Nagaland,Male,80.42,,77.26,-3.93%,76.48,-1.01%,77.96,+1.94%,78.71,+0.95%,83.06,+5.53%,81.44,-1.95%,85.14,+4.53%,123.75,+45.35%,87.07,-29.64%,87.17,+0.11%
499,Cardiomyopathy and myocarditis,Nagaland,Female,16.16,,16.47,+1.93%,16.80,+2.00%,17.20,+2.38%,17.82,+3.59%,20.54,+15.25%,21.02,+2.34%,22.38,+6.45%,29.88,+33.53%,22.02,-26.32%,22.28,+1.19%
499,Cardiomyopathy and myocarditis,Odisha,Male,2.83K,,2.74K,-3.40%,2.26K,-17.29%,2.69K,+18.75%,2.79K,+3.80%,2.49K,-10.61%,2.72K,+8.95%,2.26K,-16.94%,2.55K,+13.20%,2.69K,+5.27%,2.61K,-3.04%
499,Cardiomyopathy and myocarditis,Odisha,Female,662.84,,704.09,+6.22%,544.10,-22.72%,731.13,+34.38%,801.44,+9.62%,718.90,-10.30%,874.77,+21.68%,631.75,-27.78%,584.09,-7.54%,868.58,+48.71%,806.03,-7.20%
499,Cardiomyopathy and myocarditis,Other Union Territories,Male,188.46,,216.60,+14.94%,197.98,-8.60%,211.85,+7.01%,228.81,+8.00%,217.01,-5.16%,240.71,+10.92%,253.08,+5.14%,282.22,+11.51%,267.07,-5.37%,216.68,-18.87%
499,Cardiomyopathy and myocarditis,Other Union Territories,Female,38.04,,50.86,+33.70%,44.79,-11.95%,49.01,+9.43%,55.43,+13.11%,52.08,-6.05%,62.61,+20.22%,65.56,+4.72%,66.02,+0.70%,70.92,+7.42%,48.53,-31.58%
499,Cardiomyopathy and myocarditis,Punjab,Male,4.82K,,5.09K,+5.60%,4.53K,-11.16%,5.12K,+13.04%,5.55K,+8.56%,5.30K,-4.56%,5.85K,+10.38%,6.06K,+3.60%,6.36K,+4.93%,6.12K,-3.78%,5.20K,-15.09%
499,Cardiomyopathy and myocarditis,Punjab,Female,1.62K,,1.90K,+17.75%,1.74K,-8.43%,2.04K,+16.91%,2.25K,+10.40%,2.20K,-2.27%,2.58K,+17.46%,2.65K,+2.47%,2.53K,-4.27%,2.80K,+10.46%,2.36K,-15.55%
499,Cardiomyopathy and myocarditis,Rajasthan,Male,9.25K,,10.55K,+14.04%,10.97K,+3.96%,10.98K,+0.13%,12.10K,+10.19%,11.64K,-3.82%,12.84K,+10.28%,12.53K,-2.40%,12.30K,-1.85%,13.36K,+8.64%,10.91K,-18.35%
499,Cardiomyopathy and myocarditis,Rajasthan,Female,2.11K,,2.68K,+27.05%,2.86K,+6.46%,2.81K,-1.63%,3.14K,+11.62%,3.10K,-1.28%,3.57K,+15.25%,3.45K,-3.33%,3.12K,-9.49%,3.59K,+14.83%,2.81K,-21.65%
499,Cardiomyopathy and myocarditis,Sikkim,Male,41.36,,41.72,+0.86%,41.09,-1.51%,38.85,-5.44%,37.06,-4.62%,36.44,-1.66%,32.25,-11.49%,31.25,-3.13%,35.51,+13.66%,33.27,-6.32%,36.60,+9.99%
499,Cardiomyopathy and myocarditis,Sikkim,Female,9.56,,10.20,+6.76%,10.13,-0.77%,9.21,-9.06%,8.95,-2.85%,9.53,+6.51%,8.73,-8.36%,9.33,+6.86%,11.04,+18.34%,9.17,-16.97%,10.41,+13.53%
499,Cardiomyopathy and myocarditis,Tamil Nadu,Male,2.74K,,3.58K,+30.50%,2.30K,-35.62%,2.72K,+18.06%,3.14K,+15.43%,2.49K,-20.77%,3.44K,+38.36%,2.41K,-29.86%,2.51K,+4.19%,1.72K,-31.68%,2.07K,+20.63%
499,Cardiomyopathy and myocarditis,Tamil Nadu,Female,172.87,,449.90,+160.26%,-82.04,-118.23%,2.52,-103.07%,103.70,+4015.33%,-90.31,-187.09%,258.08,-385.79%,-121.33,-147.01%,-181.10,+49.27%,-260.96,+44.10%,-181.52,-30.44%
499,Cardiomyopathy and myocarditis,Telangana,Male,4.26K,,3.87K,-9.16%,3.28K,-15.21%,4.74K,+44.22%,4.62K,-2.43%,4.45K,-3.77%,5.86K,+31.71%,4.55K,-22.29%,4.33K,-4.91%,5.12K,+18.33%,4.36K,-14.83%
499,Cardiomyopathy and myocarditis,Telangana,Female,1.06K,,968.70,-8.64%,711.21,-26.58%,1.25K,+75.74%,1.13K,-9.72%,1.01K,-10.57%,1.46K,+44.43%,848.98,-41.75%,541.98,-36.16%,1.16K,+114.87%,877.18,-24.68%
499,Cardiomyopathy and myocarditis,Tripura,Male,370.15,,325.87,-11.96%,311.44,-4.43%,376.61,+20.93%,376.95,+0.09%,388.81,+3.15%,429.32,+10.42%,423.80,-1.29%,469.28,+10.73%,448.90,-4.34%,471.49,+5.03%
499,Cardiomyopathy and myocarditis,Tripura,Female,91.03,,79.79,-12.35%,75.82,-4.97%,100.31,+32.30%,102.06,+1.74%,110.82,+8.59%,132.27,+19.36%,128.27,-3.03%,132.33,+3.16%,134.45,+1.60%,141.86,+5.51%
499,Cardiomyopathy and myocarditis,Uttar Pradesh,Male,28.69K,,32.12K,+11.94%,29.35K,-8.60%,27.97K,-4.70%,28.14K,+0.60%,26.86K,-4.54%,27.19K,+1.20%,22.73K,-16.40%,24.23K,+6.62%,28.63K,+18.14%,25.69K,-10.24%
499,Cardiomyopathy and myocarditis,Uttar Pradesh,Female,7.95K,,10.49K,+32.03%,10.13K,-3.42%,9.72K,-4.07%,10.39K,+6.89%,10.40K,+0.12%,11.09K,+6.59%,9.05K,-18.41%,7.66K,-15.30%,12.19K,+59.09%,10.57K,-13.28%
499,Cardiomyopathy and myocarditis,Uttarakhand,Male,1.36K,,1.50K,+10.25%,1.47K,-1.49%,1.46K,-1.19%,1.54K,+5.61%,1.53K,-0.44%,1.63K,+6.50%,1.55K,-4.60%,1.61K,+3.66%,1.72K,+6.94%,1.55K,-10.06%
499,Cardiomyopathy and myocarditis,Uttarakhand,Female,372.20,,459.70,+23.51%,442.47,-3.75%,415.20,-6.16%,452.38,+8.96%,470.45,+3.99%,532.01,+13.09%,477.04,-10.33%,436.88,-8.42%,549.51,+25.78%,474.04,-13.73%
499,Cardiomyopathy and myocarditis,West Bengal,Male,8.16K,,9.19K,+12.54%,7.82K,-14.87%,8.30K,+6.17%,8.39K,+1.06%,8.08K,-3.72%,8.66K,+7.14%,8.81K,+1.80%,10.30K,+16.81%,9.27K,-9.99%,9.78K,+5.54%
499,Cardiomyopathy and myocarditis,West Bengal,Female,1.78K,,2.33K,+30.59%,1.94K,-16.86%,2.10K,+8.32%,2.11K,+0.84%,2.01K,-4.69%,2.26K,+12.07%,2.32K,+2.64%,2.52K,+8.84%,2.44K,-3.25%,2.59K,+6.13%
500,Atrial fibrillation and flutter,Andhra Pradesh,Male,1.73K,,1.74K,+1.02%,1.85K,+6.18%,2.05K,+10.53%,2.22K,+8.27%,2.22K,+0.29%,2.23K,+0.21%,2.37K,+6.56%,2.86K,+20.52%,2.43K,-15.17%,2.49K,+2.60%
500,Atrial fibrillation and flutter,Andhra Pradesh,Female,1.28K,,1.40K,+9.24%,1.54K,+10.10%,1.65K,+7.00%,1.75K,+5.99%,1.80K,+2.58%,1.82K,+1.34%,1.99K,+9.15%,2.10K,+5.53%,2.13K,+1.48%,2.22K,+4.43%
500,Atrial fibrillation and flutter,Arunachal Pradesh,Male,22.70,,23.11,+1.78%,24.61,+6.51%,27.15,+10.30%,29.02,+6.90%,29.61,+2.04%,30.23,+2.10%,32.12,+6.25%,40.72,+26.77%,38.06,-6.54%,40.29,+5.85%
500,Atrial fibrillation and flutter,Arunachal Pradesh,Female,9.08,,9.83,+8.25%,10.72,+9.06%,11.53,+7.54%,11.99,+4.01%,12.30,+2.62%,12.76,+3.73%,13.81,+8.21%,17.45,+26.34%,16.94,-2.92%,18.37,+8.44%
500,Atrial fibrillation and flutter,Assam,Male,594.51,,574.43,-3.38%,582.37,+1.38%,620.91,+6.62%,654.79,+5.46%,665.23,+1.59%,678.52,+2.00%,707.53,+4.28%,924.18,+30.62%,821.27,-11.14%,868.87,+5.80%
500,Atrial fibrillation and flutter,Assam,Female,319.83,,348.45,+8.95%,383.56,+10.08%,420.95,+9.75%,452.47,+7.49%,470.23,+3.92%,480.07,+2.09%,475.85,-0.88%,502.93,+5.69%,609.34,+21.16%,653.92,+7.32%
500,Atrial fibrillation and flutter,Bihar,Male,1.75K,,1.70K,-3.14%,1.73K,+1.99%,1.88K,+8.74%,2.01K,+6.74%,2.04K,+1.74%,2.11K,+3.37%,2.19K,+3.79%,2.79K,+27.15%,2.36K,-15.39%,2.49K,+5.65%
500,Atrial fibrillation and flutter,Bihar,Female,1.24K,,1.40K,+13.26%,1.52K,+8.56%,1.65K,+8.77%,1.78K,+7.63%,1.87K,+5.26%,1.97K,+5.29%,2.07K,+5.03%,2.19K,+5.73%,2.28K,+3.99%,2.41K,+5.61%
500,Atrial fibrillation and flutter,Chhattisgarh,Male,562.94,,573.99,+1.96%,620.74,+8.14%,707.86,+14.04%,775.73,+9.59%,788.88,+1.69%,815.07,+3.32%,874.01,+7.23%,1.19K,+36.10%,954.25,-19.78%,998.37,+4.62%
500,Atrial fibrillation and flutter,Chhattisgarh,Female,349.69,,392.30,+12.19%,446.76,+13.88%,515.59,+15.41%,581.97,+12.88%,632.93,+8.76%,684.77,+8.19%,741.17,+8.24%,972.93,+31.27%,827.21,-14.98%,874.04,+5.66%
500,Atrial fibrillation and flutter,Delhi,Male,300.85,,300.85,-0.00%,320.63,+6.57%,336.19,+4.85%,346.17,+2.97%,341.32,-1.40%,350.14,+2.58%,514.71,+47.00%,611.40,+18.78%,411.75,-32.65%,437.04,+6.14%
500,Atrial fibrillation and flutter,Delhi,Female,158.39,,173.35,+9.45%,187.50,+8.16%,201.06,+7.23%,214.88,+6.87%,218.04,+1.47%,237.53,+8.94%,363.31,+52.96%,413.81,+13.90%,305.94,-26.07%,330.38,+7.99%
500,Atrial fibrillation and flutter,Goa,Male,56.98,,58.06,+1.90%,60.85,+4.80%,64.33,+5.72%,66.81,+3.86%,67.03,+0.32%,66.75,-0.42%,70.64,+5.83%,89.52,+26.74%,75.71,-15.43%,77.19,+1.96%
500,Atrial fibrillation and flutter,Goa,Female,24.99,,27.21,+8.85%,29.75,+9.36%,31.15,+4.69%,32.21,+3.41%,33.22,+3.14%,34.21,+2.98%,35.99,+5.20%,42.86,+19.09%,40.63,-5.22%,42.78,+5.29%
500,Atrial fibrillation and flutter,Gujarat,Male,1.33K,,1.37K,+3.18%,1.47K,+7.43%,1.63K,+10.25%,1.75K,+7.36%,1.76K,+1.07%,1.81K,+2.42%,2.03K,+12.19%,3.02K,+48.98%,2.02K,-33.02%,2.13K,+5.04%
500,Atrial fibrillation and flutter,Gujarat,Female,818.38,,882.99,+7.89%,951.02,+7.70%,1.01K,+6.53%,1.06K,+5.05%,1.08K,+1.87%,1.14K,+4.96%,1.31K,+15.17%,1.93K,+47.44%,1.34K,-30.87%,1.46K,+9.05%
500,Atrial fibrillation and flutter,Haryana,Male,629.00,,667.23,+6.08%,741.49,+11.13%,850.70,+14.73%,941.66,+10.69%,988.75,+5.00%,1.03K,+3.90%,1.16K,+12.69%,1.39K,+20.09%,1.12K,-19.40%,1.16K,+3.36%
500,Atrial fibrillation and flutter,Haryana,Female,351.00,,386.85,+10.21%,411.59,+6.40%,434.18,+5.49%,450.23,+3.70%,461.05,+2.40%,483.46,+4.86%,548.99,+13.56%,634.35,+15.55%,547.80,-13.64%,585.17,+6.82%
500,Atrial fibrillation and flutter,Himachal Pradesh,Male,190.65,,176.70,-7.32%,177.69,+0.56%,190.06,+6.96%,212.26,+11.68%,227.85,+7.35%,239.19,+4.98%,244.86,+2.37%,301.80,+23.25%,314.14,+4.09%,334.18,+6.38%
500,Atrial fibrillation and flutter,Himachal Pradesh,Female,87.35,,83.54,-4.37%,84.02,+0.58%,85.37,+1.61%,91.64,+7.34%,99.06,+8.10%,106.51,+7.52%,116.98,+9.83%,153.62,+31.32%,143.30,-6.72%,152.93,+6.72%
500,Atrial fibrillation and flutter,Jammu & Kashmir and Ladakh,Male,264.73,,276.31,+4.38%,306.78,+11.03%,345.33,+12.57%,379.34,+9.85%,392.25,+3.40%,402.39,+2.58%,398.45,-0.98%,432.96,+8.66%,475.90,+9.92%,496.09,+4.24%
500,Atrial fibrillation and flutter,Jammu & Kashmir and Ladakh,Female,124.25,,132.43,+6.59%,147.50,+11.38%,161.53,+9.51%,176.05,+8.99%,189.26,+7.51%,207.78,+9.78%,234.31,+12.77%,307.25,+31.13%,258.82,-15.76%,279.32,+7.92%
500,Atrial fibrillation and flutter,Jharkhand,Male,488.72,,517.22,+5.83%,517.17,-0.01%,637.34,+23.24%,727.93,+14.21%,767.97,+5.50%,801.49,+4.36%,849.75,+6.02%,1.12K,+32.08%,916.41,-18.35%,982.03,+7.16%
500,Atrial fibrillation and flutter,Jharkhand,Female,317.98,,314.20,-1.19%,359.00,+14.26%,402.45,+12.10%,446.99,+11.07%,473.82,+6.00%,491.10,+3.65%,510.93,+4.04%,543.73,+6.42%,600.38,+10.42%,649.76,+8.22%
500,Atrial fibrillation and flutter,Karnataka,Male,1.33K,,1.32K,-0.30%,1.39K,+5.25%,1.50K,+8.05%,1.59K,+5.57%,1.59K,+0.48%,1.61K,+0.85%,1.84K,+14.70%,2.31K,+24.94%,1.81K,-21.28%,1.89K,+4.09%
500,Atrial fibrillation and flutter,Karnataka,Female,980.96,,1.09K,+10.97%,1.19K,+9.68%,1.26K,+5.72%,1.28K,+1.03%,1.28K,+0.17%,1.27K,-0.38%,1.39K,+9.12%,1.68K,+21.16%,1.47K,-12.41%,1.57K,+6.38%
500,Atrial fibrillation and flutter,Kerala,Male,1.18K,,1.20K,+1.84%,1.25K,+4.33%,1.36K,+8.52%,1.45K,+6.85%,1.43K,-1.51%,1.37K,-3.72%,1.24K,-9.50%,1.45K,+16.17%,1.48K,+2.32%,1.52K,+2.63%
500,Atrial fibrillation and flutter,Kerala,Female,702.17,,693.70,-1.21%,750.84,+8.24%,817.49,+8.88%,875.76,+7.13%,881.27,+0.63%,864.13,-1.95%,807.46,-6.56%,873.45,+8.17%,1.04K,+18.85%,1.13K,+9.21%
500,Atrial fibrillation and flutter,Madhya Pradesh,Male,1.23K,,1.23K,+0.13%,1.29K,+4.62%,1.39K,+7.83%,1.46K,+5.06%,1.46K,-0.13%,1.49K,+2.11%,1.61K,+8.14%,2.05K,+27.33%,1.69K,-17.89%,1.80K,+6.77%
500,Atrial fibrillation and flutter,Madhya Pradesh,Female,724.10,,770.06,+6.35%,811.41,+5.37%,863.52,+6.42%,918.66,+6.38%,948.03,+3.20%,996.12,+5.07%,1.10K,+10.93%,1.37K,+23.57%,1.15K,-15.51%,1.26K,+9.29%
500,Atrial fibrillation and flutter,Maharashtra,Male,2.53K,,2.61K,+3.11%,2.66K,+1.76%,2.66K,-0.02%,2.79K,+4.86%,3.41K,+22.39%,2.75K,-19.37%,2.52K,-8.35%,3.17K,+25.74%,2.87K,-9.34%,3.10K,+8.09%
500,Atrial fibrillation and flutter,Maharashtra,Female,1.35K,,1.49K,+10.05%,1.53K,+2.89%,1.54K,+0.66%,1.54K,+0.13%,1.67K,+8.33%,1.43K,-14.68%,1.33K,-6.79%,1.65K,+24.57%,1.57K,-4.96%,1.72K,+9.38%
500,Atrial fibrillation and flutter,Manipur,Male,64.50,,66.35,+2.87%,71.01,+7.02%,79.57,+12.06%,86.09,+8.19%,89.37,+3.81%,92.34,+3.31%,96.53,+4.55%,145.77,+51.00%,115.37,-20.85%,122.47,+6.16%
500,Atrial fibrillation and flutter,Manipur,Female,32.81,,36.15,+10.17%,40.02,+10.70%,43.79,+9.41%,46.59,+6.41%,49.14,+5.47%,52.50,+6.85%,56.83,+8.23%,85.52,+50.50%,70.26,-17.84%,76.09,+8.30%
500,Atrial fibrillation and flutter,Meghalaya,Male,50.28,,50.36,+0.16%,52.56,+4.36%,59.36,+12.95%,64.25,+8.24%,66.19,+3.01%,67.61,+2.15%,71.28,+5.43%,116.27,+63.12%,84.13,-27.64%,88.68,+5.41%
500,Atrial fibrillation and flutter,Meghalaya,Female,22.34,,23.63,+5.77%,25.25,+6.86%,29.02,+14.93%,31.87,+9.83%,33.69,+5.70%,35.54,+5.47%,38.70,+8.92%,61.45,+58.76%,47.22,-23.16%,51.59,+9.28%
500,Atrial fibrillation and flutter,Mizoram,Male,14.13,,13.46,-4.75%,14.08,+4.64%,16.81,+19.35%,17.49,+4.08%,17.11,-2.20%,16.74,-2.13%,17.27,+3.17%,24.02,+39.06%,19.68,-18.08%,20.39,+3.64%
500,Atrial fibrillation and flutter,Mizoram,Female,6.43,,6.73,+4.55%,7.24,+7.64%,8.67,+19.68%,8.94,+3.17%,8.80,-1.59%,8.73,-0.80%,9.68,+10.93%,13.88,+43.33%,10.95,-21.06%,11.29,+3.10%
500,Atrial fibrillation and flutter,Nagaland,Male,28.05,,27.69,-1.27%,28.57,+3.17%,30.61,+7.15%,32.24,+5.33%,32.53,+0.89%,32.50,-0.07%,34.15,+5.06%,53.29,+56.05%,39.10,-26.62%,40.68,+4.03%
500,Atrial fibrillation and flutter,Nagaland,Female,12.21,,13.05,+6.92%,14.00,+7.27%,14.87,+6.20%,15.59,+4.85%,16.12,+3.42%,16.76,+3.98%,18.19,+8.53%,27.08,+48.84%,21.54,-20.45%,22.98,+6.68%
500,Atrial fibrillation and flutter,Odisha,Male,800.19,,745.18,-6.87%,747.29,+0.28%,818.96,+9.59%,859.50,+4.95%,852.67,-0.79%,852.11,-0.07%,879.94,+3.27%,1.06K,+20.79%,959.77,-9.70%,1.02K,+6.22%
500,Atrial fibrillation and flutter,Odisha,Female,484.10,,493.00,+1.84%,521.47,+5.78%,574.25,+10.12%,616.34,+7.33%,636.51,+3.27%,660.49,+3.77%,695.40,+5.28%,753.52,+8.36%,797.87,+5.89%,866.51,+8.60%
500,Atrial fibrillation and flutter,Other Union Territories,Male,70.36,,72.68,+3.31%,78.40,+7.87%,87.02,+10.99%,94.45,+8.53%,98.09,+3.86%,101.94,+3.93%,116.57,+14.35%,148.76,+27.61%,122.05,-17.96%,125.93,+3.19%
500,Atrial fibrillation and flutter,Other Union Territories,Female,42.35,,47.42,+11.99%,52.95,+11.65%,58.92,+11.27%,63.47,+7.72%,66.80,+5.25%,71.46,+6.97%,85.96,+20.30%,113.74,+32.32%,92.18,-18.96%,96.99,+5.23%
500,Atrial fibrillation and flutter,Punjab,Male,838.53,,847.49,+1.07%,916.99,+8.20%,1.03K,+12.80%,1.15K,+11.00%,1.19K,+3.72%,1.24K,+4.18%,1.36K,+9.93%,1.53K,+12.15%,1.39K,-9.08%,1.40K,+0.90%
500,Atrial fibrillation and flutter,Punjab,Female,560.87,,615.94,+9.82%,688.87,+11.84%,782.52,+13.60%,868.62,+11.00%,930.25,+7.10%,1.03K,+10.71%,1.17K,+13.24%,1.30K,+11.31%,1.24K,-4.33%,1.31K,+5.61%
500,Atrial fibrillation and flutter,Rajasthan,Male,1.17K,,1.23K,+5.21%,1.34K,+9.09%,1.50K,+12.06%,1.64K,+9.47%,1.68K,+2.05%,1.71K,+2.10%,1.80K,+5.18%,2.04K,+13.22%,1.99K,-2.59%,2.05K,+3.48%
500,Atrial fibrillation and flutter,Rajasthan,Female,662.05,,742.29,+12.12%,823.83,+10.99%,891.74,+8.24%,941.79,+5.61%,962.80,+2.23%,990.34,+2.86%,1.04K,+5.50%,1.16K,+10.64%,1.17K,+0.92%,1.26K,+7.73%
500,Atrial fibrillation and flutter,Sikkim,Male,14.55,,14.74,+1.30%,15.34,+4.03%,16.26,+6.02%,16.37,+0.70%,15.45,-5.65%,14.25,-7.73%,13.81,-3.12%,16.56,+19.91%,17.23,+4.03%,17.77,+3.14%
500,Atrial fibrillation and flutter,Sikkim,Female,7.18,,7.59,+5.79%,7.94,+4.57%,8.12,+2.29%,8.06,-0.72%,7.81,-3.14%,7.57,-3.09%,8.30,+9.65%,11.02,+32.76%,10.22,-7.27%,10.67,+4.41%
500,Atrial fibrillation and flutter,Tamil Nadu,Male,2.20K,,2.34K,+6.40%,2.51K,+7.56%,2.74K,+9.22%,2.92K,+6.31%,2.95K,+0.94%,2.86K,-2.89%,3.08K,+7.86%,3.54K,+14.69%,3.03K,-14.26%,3.19K,+5.23%
500,Atrial fibrillation and flutter,Tamil Nadu,Female,1.39K,,1.54K,+11.46%,1.66K,+7.50%,1.75K,+5.08%,1.77K,+1.22%,1.72K,-2.49%,1.65K,-4.24%,1.74K,+5.73%,1.92K,+10.38%,1.80K,-6.28%,2.01K,+11.52%
500,Atrial fibrillation and flutter,Telangana,Male,1.28K,,1.29K,+0.77%,1.36K,+4.75%,1.48K,+8.85%,1.62K,+9.70%,1.71K,+5.68%,1.79K,+4.32%,1.95K,+9.11%,2.35K,+20.80%,2.00K,-14.82%,2.06K,+2.68%
500,Atrial fibrillation and flutter,Telangana,Female,936.90,,991.42,+5.82%,1.04K,+5.14%,1.12K,+7.82%,1.22K,+8.57%,1.27K,+4.11%,1.30K,+2.13%,1.34K,+3.61%,1.39K,+3.62%,1.56K,+11.70%,1.62K,+4.23%
500,Atrial fibrillation and flutter,Tripura,Male,90.56,,79.19,-12.55%,85.84,+8.40%,103.64,+20.73%,110.17,+6.31%,107.77,-2.18%,110.92,+2.92%,115.99,+4.57%,133.23,+14.87%,132.97,-0.20%,138.09,+3.85%
500,Atrial fibrillation and flutter,Tripura,Female,49.62,,43.14,-13.05%,48.51,+12.46%,60.65,+25.02%,64.05,+5.61%,62.37,-2.63%,66.46,+6.57%,71.63,+7.77%,80.33,+12.14%,85.50,+6.44%,90.99,+6.42%
500,Atrial fibrillation and flutter,Uttar Pradesh,Male,3.31K,,3.22K,-2.69%,3.25K,+0.71%,3.39K,+4.44%,3.43K,+1.21%,3.27K,-4.79%,3.13K,-4.05%,3.13K,-0.16%,3.71K,+18.41%,3.50K,-5.60%,3.72K,+6.43%
500,Atrial fibrillation and flutter,Uttar Pradesh,Female,1.97K,,2.16K,+9.55%,2.26K,+4.79%,2.31K,+2.33%,2.35K,+1.76%,2.27K,-3.32%,2.23K,-2.03%,2.24K,+0.41%,2.24K,+0.06%,2.68K,+19.88%,2.91K,+8.49%
500,Atrial fibrillation and flutter,Uttarakhand,Male,348.87,,358.31,+2.71%,387.72,+8.21%,423.60,+9.26%,449.57,+6.13%,446.80,-0.62%,436.85,-2.23%,465.29,+6.51%,532.30,+14.40%,495.09,-6.99%,511.63,+3.34%
500,Atrial fibrillation and flutter,Uttarakhand,Female,196.10,,219.13,+11.75%,240.87,+9.92%,260.68,+8.23%,282.59,+8.40%,289.83,+2.56%,294.91,+1.75%,313.03,+6.15%,334.48,+6.85%,350.20,+4.70%,372.07,+6.24%
500,Atrial fibrillation and flutter,West Bengal,Male,1.93K,,1.96K,+1.33%,2.02K,+3.44%,2.17K,+7.07%,2.31K,+6.86%,2.39K,+3.15%,2.48K,+3.88%,2.79K,+12.63%,3.49K,+24.85%,2.91K,-16.58%,3.07K,+5.60%
500,Atrial fibrillation and flutter,West Bengal,Female,1.10K,,1.22K,+10.89%,1.34K,+9.68%,1.43K,+6.61%,1.51K,+5.80%,1.53K,+1.47%,1.61K,+5.02%,1.86K,+15.77%,2.25K,+20.77%,1.98K,-11.97%,2.14K,+8.22%
501,Aortic aneurysm,Andhra Pradesh,Male,4.17K,,4.28K,+2.59%,4.64K,+8.43%,5.18K,+11.76%,5.66K,+9.25%,5.75K,+1.52%,5.87K,+2.03%,6.37K,+8.56%,7.84K,+23.11%,6.60K,-15.81%,6.89K,+4.41%
501,Aortic aneurysm,Andhra Pradesh,Female,1.19K,,1.29K,+8.36%,1.41K,+8.89%,1.48K,+5.47%,1.55K,+4.51%,1.57K,+1.24%,1.58K,+0.86%,1.71K,+7.89%,1.79K,+4.82%,1.84K,+3.09%,1.93K,+4.86%
501,Aortic aneurysm,Arunachal Pradesh,Male,39.20,,40.72,+3.88%,44.16,+8.45%,49.15,+11.29%,52.83,+7.49%,54.51,+3.18%,56.45,+3.57%,61.04,+8.13%,79.10,+29.59%,73.54,-7.03%,78.93,+7.32%
501,Aortic aneurysm,Arunachal Pradesh,Female,10.09,,10.93,+8.29%,11.85,+8.43%,12.63,+6.64%,13.11,+3.75%,13.44,+2.57%,13.93,+3.64%,14.99,+7.57%,18.94,+26.36%,18.13,-4.26%,19.54,+7.76%
501,Aortic aneurysm,Assam,Male,949.95,,936.79,-1.38%,962.82,+2.78%,1.03K,+6.99%,1.09K,+5.48%,1.11K,+2.05%,1.13K,+2.28%,1.19K,+4.94%,1.59K,+33.26%,1.40K,-11.42%,1.51K,+7.72%
501,Aortic aneurysm,Assam,Female,256.52,,276.96,+7.97%,300.46,+8.48%,322.23,+7.25%,341.40,+5.95%,351.19,+2.87%,355.96,+1.36%,349.12,-1.92%,368.34,+5.51%,443.94,+20.52%,479.21,+7.95%
501,Aortic aneurysm,Bihar,Male,2.79K,,2.72K,-2.26%,2.79K,+2.27%,3.01K,+8.03%,3.19K,+6.08%,3.25K,+1.82%,3.39K,+4.15%,3.55K,+4.84%,4.62K,+30.19%,3.91K,-15.45%,4.22K,+7.89%
501,Aortic aneurysm,Bihar,Female,1.09K,,1.20K,+10.39%,1.27K,+5.78%,1.35K,+5.62%,1.42K,+5.66%,1.48K,+3.84%,1.54K,+4.51%,1.61K,+4.49%,1.70K,+5.53%,1.75K,+2.84%,1.87K,+6.72%
501,Aortic aneurysm,Chhattisgarh,Male,1.08K,,1.11K,+2.74%,1.21K,+8.86%,1.37K,+13.63%,1.50K,+9.14%,1.52K,+1.77%,1.58K,+3.67%,1.71K,+8.37%,2.37K,+38.10%,1.90K,-19.81%,2.02K,+6.54%
501,Aortic aneurysm,Chhattisgarh,Female,251.54,,281.45,+11.89%,318.05,+13.01%,362.18,+13.87%,404.47,+11.68%,437.81,+8.24%,474.05,+8.28%,510.38,+7.66%,669.43,+31.16%,576.92,-13.82%,612.37,+6.14%
501,Aortic aneurysm,Delhi,Male,1.02K,,1.03K,+0.72%,1.10K,+7.11%,1.15K,+4.23%,1.17K,+1.78%,1.15K,-1.96%,1.17K,+2.11%,1.68K,+43.88%,2.01K,+19.71%,1.38K,-31.32%,1.49K,+7.46%
501,Aortic aneurysm,Delhi,Female,139.68,,149.29,+6.89%,159.33,+6.72%,167.47,+5.11%,175.63,+4.88%,176.56,+0.53%,190.70,+8.01%,287.35,+50.68%,322.04,+12.07%,242.56,-24.68%,261.40,+7.77%
501,Aortic aneurysm,Goa,Male,120.35,,122.28,+1.60%,127.47,+4.24%,133.54,+4.77%,137.20,+2.73%,136.86,-0.24%,136.08,-0.57%,145.21,+6.71%,186.95,+28.75%,154.10,-17.57%,158.41,+2.79%
501,Aortic aneurysm,Goa,Female,20.44,,21.82,+6.76%,23.31,+6.84%,23.77,+2.00%,24.07,+1.22%,24.35,+1.19%,24.73,+1.54%,25.66,+3.76%,30.18,+17.63%,28.43,-5.80%,29.93,+5.29%
501,Aortic aneurysm,Gujarat,Male,3.50K,,3.63K,+3.94%,3.92K,+7.93%,4.31K,+9.95%,4.58K,+6.19%,4.61K,+0.75%,4.76K,+3.15%,5.36K,+12.63%,8.21K,+53.24%,5.38K,-34.45%,5.73K,+6.48%
501,Aortic aneurysm,Gujarat,Female,614.07,,660.04,+7.49%,701.77,+6.32%,738.23,+5.20%,766.51,+3.83%,770.08,+0.47%,804.63,+4.49%,913.90,+13.58%,1.34K,+46.51%,947.83,-29.21%,1.05K,+10.56%
501,Aortic aneurysm,Haryana,Male,1.33K,,1.44K,+8.03%,1.61K,+12.19%,1.85K,+14.58%,2.04K,+10.61%,2.16K,+5.88%,2.27K,+4.78%,2.58K,+13.65%,3.16K,+22.88%,2.55K,-19.53%,2.68K,+5.32%
501,Aortic aneurysm,Haryana,Female,270.46,,293.68,+8.58%,306.86,+4.49%,314.83,+2.60%,320.54,+1.82%,323.93,+1.06%,336.33,+3.83%,375.32,+11.59%,428.09,+14.06%,376.28,-12.10%,405.68,+7.81%
501,Aortic aneurysm,Himachal Pradesh,Male,506.17,,473.05,-6.54%,478.73,+1.20%,512.99,+7.16%,573.53,+11.80%,620.60,+8.21%,657.20,+5.90%,681.98,+3.77%,851.46,+24.85%,903.50,+6.11%,984.57,+8.97%
501,Aortic aneurysm,Himachal Pradesh,Female,82.02,,76.62,-6.59%,74.85,-2.30%,74.09,-1.02%,77.56,+4.69%,81.92,+5.63%,86.70,+5.84%,93.46,+7.79%,119.98,+28.38%,113.47,-5.42%,121.44,+7.02%
501,Aortic aneurysm,Jammu & Kashmir and Ladakh,Male,593.55,,621.30,+4.68%,694.75,+11.82%,787.11,+13.29%,866.75,+10.12%,900.17,+3.86%,930.29,+3.35%,925.96,-0.47%,1.01K,+8.80%,1.13K,+11.94%,1.19K,+5.19%
501,Aortic aneurysm,Jammu & Kashmir and Ladakh,Female,138.54,,145.89,+5.31%,160.21,+9.82%,172.03,+7.37%,184.42,+7.20%,194.75,+5.61%,210.47,+8.07%,232.34,+10.39%,296.18,+27.48%,255.43,-13.76%,275.81,+7.98%
501,Aortic aneurysm,Jharkhand,Male,686.82,,746.60,+8.70%,765.88,+2.58%,949.29,+23.95%,1.09K,+14.62%,1.16K,+6.30%,1.22K,+5.37%,1.30K,+6.70%,1.73K,+33.17%,1.43K,-17.41%,1.54K,+7.77%
501,Aortic aneurysm,Jharkhand,Female,197.82,,196.01,-0.92%,224.09,+14.33%,248.63,+10.95%,274.85,+10.54%,290.98,+5.87%,302.16,+3.84%,313.82,+3.86%,335.42,+6.88%,371.05,+10.62%,406.81,+9.64%
501,Aortic aneurysm,Karnataka,Male,2.87K,,2.89K,+0.66%,3.07K,+6.37%,3.34K,+8.87%,3.55K,+6.14%,3.59K,+1.14%,3.66K,+1.95%,4.26K,+16.30%,5.43K,+27.64%,4.26K,-21.60%,4.51K,+5.93%
501,Aortic aneurysm,Karnataka,Female,727.82,,805.29,+10.64%,875.88,+8.77%,911.10,+4.02%,909.77,-0.15%,900.54,-1.01%,892.61,-0.88%,969.70,+8.64%,1.17K,+20.86%,1.04K,-11.63%,1.11K,+7.59%
501,Aortic aneurysm,Kerala,Male,5.94K,,6.16K,+3.66%,6.49K,+5.41%,7.01K,+8.07%,7.41K,+5.65%,7.27K,-1.83%,7.01K,-3.68%,6.38K,-8.96%,7.43K,+16.47%,7.63K,+2.77%,8.00K,+4.84%
501,Aortic aneurysm,Kerala,Female,652.32,,635.97,-2.51%,674.68,+6.09%,717.81,+6.39%,752.88,+4.89%,744.62,-1.10%,721.25,-3.14%,664.28,-7.90%,699.94,+5.37%,852.75,+21.83%,933.75,+9.50%
501,Aortic aneurysm,Madhya Pradesh,Male,2.38K,,2.40K,+0.94%,2.55K,+5.96%,2.76K,+8.41%,2.91K,+5.34%,2.92K,+0.43%,3.00K,+2.80%,3.29K,+9.47%,4.30K,+30.75%,3.51K,-18.36%,3.82K,+8.91%
501,Aortic aneurysm,Madhya Pradesh,Female,457.47,,483.00,+5.58%,505.53,+4.67%,534.55,+5.74%,565.68,+5.82%,584.76,+3.37%,617.94,+5.67%,689.12,+11.52%,860.53,+24.87%,730.98,-15.05%,807.32,+10.44%
501,Aortic aneurysm,Maharashtra,Male,5.14K,,5.25K,+2.23%,5.36K,+1.94%,5.35K,-0.08%,5.55K,+3.69%,6.70K,+20.78%,5.42K,-19.13%,4.94K,-8.83%,6.20K,+25.48%,5.70K,-8.05%,6.20K,+8.80%
501,Aortic aneurysm,Maharashtra,Female,1.08K,,1.18K,+9.17%,1.22K,+3.57%,1.21K,-0.98%,1.16K,-4.58%,1.21K,+4.98%,1.04K,-14.33%,963.62,-7.34%,1.16K,+20.71%,1.16K,+0.03%,1.29K,+10.50%
501,Aortic aneurysm,Manipur,Male,140.64,,146.16,+3.92%,157.71,+7.90%,177.85,+12.77%,194.12,+9.14%,203.77,+4.97%,212.91,+4.49%,226.01,+6.15%,347.07,+53.57%,273.57,-21.18%,294.26,+7.56%
501,Aortic aneurysm,Manipur,Female,41.30,,45.09,+9.18%,49.14,+8.99%,52.76,+7.37%,55.36,+4.91%,57.48,+3.84%,60.77,+5.71%,64.88,+6.76%,97.17,+49.78%,78.04,-19.69%,83.78,+7.36%
501,Aortic aneurysm,Meghalaya,Male,106.41,,108.67,+2.12%,115.13,+5.95%,130.09,+13.00%,140.30,+7.85%,145.24,+3.52%,150.09,+3.34%,161.79,+7.79%,267.50,+65.34%,193.72,-27.58%,209.10,+7.94%
501,Aortic aneurysm,Meghalaya,Female,23.20,,24.68,+6.35%,26.25,+6.39%,29.85,+13.69%,32.62,+9.30%,34.31,+5.16%,36.12,+5.29%,39.10,+8.25%,62.71,+60.38%,47.34,-24.51%,51.43,+8.63%
501,Aortic aneurysm,Mizoram,Male,32.14,,31.48,-2.06%,33.60,+6.74%,40.03,+19.15%,41.92,+4.70%,41.59,-0.78%,41.33,-0.62%,43.81,+5.99%,62.08,+41.70%,50.38,-18.84%,53.52,+6.22%
501,Aortic aneurysm,Mizoram,Female,8.13,,8.54,+5.02%,9.17,+7.32%,10.83,+18.14%,11.15,+2.95%,10.97,-1.59%,10.92,-0.48%,12.19,+11.61%,17.71,+45.32%,13.66,-22.88%,14.03,+2.70%
501,Aortic aneurysm,Nagaland,Male,72.97,,72.62,-0.47%,75.11,+3.43%,80.38,+7.01%,84.64,+5.30%,85.98,+1.59%,86.71,+0.84%,92.86,+7.09%,147.17,+58.49%,107.74,-26.80%,113.14,+5.02%
501,Aortic aneurysm,Nagaland,Female,11.25,,11.92,+5.97%,12.57,+5.44%,13.10,+4.21%,13.60,+3.81%,13.98,+2.77%,14.52,+3.89%,15.82,+8.95%,24.04,+51.92%,18.67,-22.34%,19.90,+6.62%
501,Aortic aneurysm,Odisha,Male,1.26K,,1.21K,-4.32%,1.23K,+1.67%,1.35K,+9.89%,1.42K,+5.13%,1.42K,+0.14%,1.43K,+0.62%,1.49K,+3.98%,1.82K,+22.42%,1.64K,-10.06%,1.76K,+7.51%
501,Aortic aneurysm,Odisha,Female,308.15,,311.95,+1.23%,329.18,+5.52%,359.54,+9.22%,383.55,+6.68%,395.62,+3.15%,411.00,+3.89%,432.79,+5.30%,471.77,+9.01%,498.33,+5.63%,545.26,+9.42%
501,Aortic aneurysm,Other Union Territories,Male,167.44,,172.47,+3.00%,185.89,+7.79%,205.28,+10.43%,221.21,+7.76%,230.15,+4.04%,240.15,+4.34%,276.37,+15.08%,360.15,+30.32%,292.34,-18.83%,305.60,+4.53%
501,Aortic aneurysm,Other Union Territories,Female,29.04,,32.48,+11.85%,36.10,+11.15%,39.68,+9.91%,42.56,+7.26%,44.66,+4.94%,47.54,+6.45%,57.06,+20.03%,76.28,+33.67%,61.22,-19.74%,64.55,+5.44%
501,Aortic aneurysm,Punjab,Male,1.58K,,1.58K,-0.22%,1.69K,+7.26%,1.88K,+10.99%,2.05K,+9.36%,2.11K,+2.72%,2.18K,+3.65%,2.41K,+10.26%,2.72K,+12.82%,2.45K,-9.65%,2.50K,+1.97%
501,Aortic aneurysm,Punjab,Female,351.11,,379.45,+8.07%,418.68,+10.34%,463.93,+10.81%,502.55,+8.32%,529.15,+5.29%,579.21,+9.46%,650.01,+12.22%,717.15,+10.33%,693.77,-3.26%,734.67,+5.90%
501,Aortic aneurysm,Rajasthan,Male,3.98K,,4.16K,+4.61%,4.54K,+9.11%,5.07K,+11.66%,5.51K,+8.63%,5.62K,+1.99%,5.75K,+2.23%,6.09K,+5.95%,7.01K,+15.14%,6.86K,-2.19%,7.25K,+5.71%
501,Aortic aneurysm,Rajasthan,Female,660.08,,725.91,+9.97%,790.13,+8.85%,843.27,+6.73%,885.30,+4.98%,899.21,+1.57%,922.81,+2.62%,972.68,+5.40%,1.08K,+10.53%,1.08K,+0.64%,1.17K,+8.09%
501,Aortic aneurysm,Sikkim,Male,34.32,,34.77,+1.31%,36.06,+3.71%,37.80,+4.82%,37.62,-0.45%,35.45,-5.77%,32.74,-7.64%,32.10,-1.97%,38.64,+20.40%,39.78,+2.93%,41.59,+4.55%
501,Aortic aneurysm,Sikkim,Female,8.96,,9.27,+3.42%,9.44,+1.88%,9.40,-0.36%,9.15,-2.73%,8.70,-4.94%,8.30,-4.58%,9.01,+8.53%,11.84,+31.50%,10.86,-8.27%,11.25,+3.58%
501,Aortic aneurysm,Tamil Nadu,Male,6.22K,,6.68K,+7.47%,7.26K,+8.68%,7.97K,+9.67%,8.43K,+5.77%,8.44K,+0.23%,8.20K,-2.91%,8.82K,+7.58%,10.15K,+15.06%,8.75K,-13.73%,9.30K,+6.24%
501,Aortic aneurysm,Tamil Nadu,Female,887.13,,989.58,+11.55%,1.06K,+7.25%,1.10K,+4.02%,1.11K,+0.38%,1.08K,-2.90%,1.03K,-3.93%,1.10K,+6.03%,1.20K,+9.47%,1.14K,-5.10%,1.28K,+12.02%
501,Aortic aneurysm,Telangana,Male,2.53K,,2.61K,+3.30%,2.81K,+7.61%,3.11K,+10.89%,3.47K,+11.46%,3.73K,+7.40%,3.97K,+6.48%,4.41K,+11.01%,5.43K,+23.22%,4.68K,-13.79%,4.88K,+4.19%
501,Aortic aneurysm,Telangana,Female,703.62,,748.38,+6.36%,786.59,+5.11%,838.70,+6.62%,902.23,+7.57%,932.87,+3.40%,953.74,+2.24%,983.92,+3.16%,1.02K,+3.51%,1.14K,+12.31%,1.21K,+5.99%
501,Aortic aneurysm,Tripura,Male,192.73,,171.34,-11.10%,188.49,+10.01%,228.04,+20.98%,242.56,+6.37%,239.20,-1.39%,248.79,+4.01%,265.05,+6.54%,311.58,+17.56%,310.13,-0.47%,327.35,+5.55%
501,Aortic aneurysm,Tripura,Female,54.42,,46.98,-13.68%,52.08,+10.87%,64.21,+23.29%,67.36,+4.91%,65.26,-3.12%,69.18,+6.00%,73.69,+6.52%,81.86,+11.08%,86.40,+5.55%,91.28,+5.65%
501,Aortic aneurysm,Uttar Pradesh,Male,4.74K,,4.61K,-2.93%,4.63K,+0.51%,4.81K,+4.01%,4.85K,+0.82%,4.64K,-4.37%,4.48K,-3.59%,4.48K,+0.18%,5.36K,+19.54%,5.13K,-4.31%,5.54K,+8.09%
501,Aortic aneurysm,Uttar Pradesh,Female,1.52K,,1.67K,+9.46%,1.74K,+4.11%,1.76K,+1.48%,1.78K,+1.30%,1.72K,-3.77%,1.68K,-1.91%,1.68K,-0.51%,1.66K,-1.19%,2.03K,+22.58%,2.21K,+8.82%
501,Aortic aneurysm,Uttarakhand,Male,800.72,,834.29,+4.19%,911.94,+9.31%,1.00K,+10.03%,1.08K,+7.38%,1.09K,+1.00%,1.08K,-0.72%,1.17K,+8.37%,1.37K,+16.63%,1.28K,-6.09%,1.35K,+5.44%
501,Aortic aneurysm,Uttarakhand,Female,191.79,,213.45,+11.29%,232.09,+8.74%,247.59,+6.68%,265.12,+7.08%,268.49,+1.27%,271.12,+0.98%,284.05,+4.77%,302.62,+6.54%,320.68,+5.97%,342.19,+6.71%
501,Aortic aneurysm,West Bengal,Male,5.32K,,5.42K,+1.89%,5.68K,+4.86%,6.12K,+7.76%,6.56K,+7.13%,6.76K,+3.09%,7.07K,+4.60%,7.98K,+12.78%,10.07K,+26.28%,8.42K,-16.45%,9.06K,+7.67%
501,Aortic aneurysm,West Bengal,Female,871.07,,951.87,+9.28%,1.03K,+8.27%,1.08K,+4.66%,1.12K,+3.98%,1.12K,+0.18%,1.17K,+4.48%,1.35K,+15.06%,1.63K,+20.62%,1.43K,-12.19%,1.55K,+8.48%
502,Lower extremity peripheral arterial disease,Andhra Pradesh,Male,1.20K,,1.21K,+1.00%,1.29K,+6.25%,1.43K,+11.34%,1.56K,+8.73%,1.56K,+0.41%,1.57K,+0.28%,1.70K,+8.14%,2.04K,+20.07%,1.73K,-14.88%,1.77K,+2.09%
502,Lower extremity peripheral arterial disease,Andhra Pradesh,Female,363.04,,398.09,+9.65%,442.68,+11.20%,477.83,+7.94%,509.16,+6.56%,525.12,+3.13%,537.76,+2.41%,591.53,+10.00%,621.07,+4.99%,637.35,+2.62%,664.17,+4.21%
502,Lower extremity peripheral arterial disease,Arunachal Pradesh,Male,11.95,,12.31,+2.99%,13.30,+8.02%,14.81,+11.40%,15.90,+7.35%,16.15,+1.58%,16.47,+1.95%,17.59,+6.85%,22.21,+26.23%,21.00,-5.42%,22.16,+5.51%
502,Lower extremity peripheral arterial disease,Arunachal Pradesh,Female,2.68,,2.94,+9.65%,3.23,+9.91%,3.52,+8.89%,3.70,+4.92%,3.79,+2.68%,3.95,+4.02%,4.27,+8.20%,5.39,+26.24%,5.21,-3.27%,5.60,+7.41%
502,Lower extremity peripheral arterial disease,Assam,Male,338.22,,327.16,-3.27%,337.89,+3.28%,368.63,+9.10%,394.88,+7.12%,406.94,+3.05%,421.26,+3.52%,453.49,+7.65%,589.25,+29.94%,524.69,-10.96%,548.83,+4.60%
502,Lower extremity peripheral arterial disease,Assam,Female,81.25,,89.97,+10.74%,100.66,+11.88%,112.13,+11.40%,122.31,+9.07%,128.79,+5.30%,132.83,+3.14%,132.62,-0.16%,141.31,+6.55%,168.82,+19.47%,181.07,+7.26%
502,Lower extremity peripheral arterial disease,Bihar,Male,746.51,,723.41,-3.09%,743.43,+2.77%,816.52,+9.83%,879.11,+7.67%,893.16,+1.60%,921.12,+3.13%,975.34,+5.89%,1.21K,+24.13%,1.02K,-15.63%,1.07K,+4.57%
502,Lower extremity peripheral arterial disease,Bihar,Female,338.25,,386.03,+14.13%,422.64,+9.48%,463.41,+9.65%,505.00,+8.98%,534.59,+5.86%,568.49,+6.34%,602.99,+6.07%,633.89,+5.12%,651.90,+2.84%,683.50,+4.85%
502,Lower extremity peripheral arterial disease,Chhattisgarh,Male,257.57,,264.47,+2.68%,292.11,+10.45%,341.79,+17.01%,378.99,+10.88%,382.23,+0.85%,395.71,+3.53%,432.70,+9.35%,574.80,+32.84%,456.76,-20.54%,473.48,+3.66%
502,Lower extremity peripheral arterial disease,Chhattisgarh,Female,82.20,,93.15,+13.33%,105.99,+13.78%,122.40,+15.48%,138.12,+12.85%,149.84,+8.48%,162.98,+8.77%,178.09,+9.27%,235.03,+31.97%,197.50,-15.97%,206.25,+4.43%
502,Lower extremity peripheral arterial disease,Delhi,Male,213.07,,213.77,+0.33%,228.10,+6.70%,238.84,+4.71%,243.11,+1.79%,237.06,-2.49%,241.06,+1.69%,361.87,+50.12%,423.36,+16.99%,274.37,-35.19%,290.81,+5.99%
502,Lower extremity peripheral arterial disease,Delhi,Female,56.59,,61.56,+8.78%,66.68,+8.33%,70.71,+6.04%,74.84,+5.84%,75.08,+0.33%,81.56,+8.63%,124.92,+53.16%,139.61,+11.76%,102.27,-26.75%,110.02,+7.57%
502,Lower extremity peripheral arterial disease,Goa,Male,23.79,,24.59,+3.36%,26.19,+6.50%,28.07,+7.18%,29.31,+4.40%,29.30,-0.01%,29.14,-0.54%,31.04,+6.49%,38.53,+24.13%,33.30,-13.56%,33.72,+1.25%
502,Lower extremity peripheral arterial disease,Goa,Female,6.50,,7.15,+9.87%,7.90,+10.54%,8.31,+5.25%,8.64,+3.92%,8.96,+3.74%,9.32,+4.04%,9.89,+6.07%,11.73,+18.59%,11.09,-5.43%,11.66,+5.11%
502,Lower extremity peripheral arterial disease,Gujarat,Male,777.00,,802.55,+3.29%,865.43,+7.84%,960.86,+11.03%,1.04K,+7.96%,1.05K,+1.62%,1.09K,+3.59%,1.26K,+15.21%,1.89K,+50.31%,1.24K,-34.26%,1.30K,+4.39%
502,Lower extremity peripheral arterial disease,Gujarat,Female,209.33,,228.63,+9.22%,248.93,+8.88%,267.48,+7.45%,283.58,+6.02%,290.49,+2.44%,307.91,+6.00%,355.88,+15.58%,517.28,+45.35%,366.15,-29.22%,398.04,+8.71%
502,Lower extremity peripheral arterial disease,Haryana,Male,480.85,,506.71,+5.38%,563.06,+11.12%,652.42,+15.87%,732.11,+12.21%,776.75,+6.10%,819.63,+5.52%,950.82,+16.01%,1.13K,+19.14%,917.13,-19.04%,945.93,+3.14%
502,Lower extremity peripheral arterial disease,Haryana,Female,113.16,,126.25,+11.56%,135.36,+7.22%,143.42,+5.95%,150.85,+5.18%,155.63,+3.16%,164.35,+5.61%,188.24,+14.53%,216.43,+14.98%,186.74,-13.72%,200.25,+7.23%
502,Lower extremity peripheral arterial disease,Himachal Pradesh,Male,119.55,,112.54,-5.87%,115.12,+2.30%,125.11,+8.68%,141.67,+13.24%,154.20,+8.84%,163.97,+6.34%,172.60,+5.26%,213.84,+23.89%,218.49,+2.17%,230.49,+5.49%
502,Lower extremity peripheral arterial disease,Himachal Pradesh,Female,23.13,,22.29,-3.64%,22.49,+0.88%,23.01,+2.32%,24.91,+8.26%,26.94,+8.12%,29.17,+8.28%,32.17,+10.28%,41.99,+30.55%,39.19,-6.67%,41.52,+5.94%
502,Lower extremity peripheral arterial disease,Jammu & Kashmir and Ladakh,Male,181.40,,189.42,+4.43%,210.81,+11.29%,237.21,+12.53%,259.93,+9.58%,268.42,+3.26%,276.71,+3.09%,281.42,+1.70%,308.62,+9.66%,328.03,+6.29%,340.00,+3.65%
502,Lower extremity peripheral arterial disease,Jammu & Kashmir and Ladakh,Female,37.68,,40.20,+6.69%,44.77,+11.38%,48.96,+9.35%,53.36,+8.98%,57.16,+7.14%,62.88,+10.00%,70.89,+12.74%,92.27,+30.17%,77.58,-15.92%,83.39,+7.48%
502,Lower extremity peripheral arterial disease,Jharkhand,Male,196.32,,207.60,+5.75%,210.59,+1.44%,263.06,+24.91%,302.09,+14.84%,318.44,+5.41%,334.43,+5.02%,367.00,+9.74%,478.76,+30.45%,379.69,-20.69%,402.26,+5.95%
502,Lower extremity peripheral arterial disease,Jharkhand,Female,76.32,,77.28,+1.26%,89.40,+15.68%,101.44,+13.47%,114.01,+12.40%,121.67,+6.72%,126.87,+4.27%,133.15,+4.95%,142.96,+7.37%,156.36,+9.37%,169.07,+8.13%
502,Lower extremity peripheral arterial disease,Karnataka,Male,834.22,,842.72,+1.02%,901.32,+6.95%,991.55,+10.01%,1.06K,+6.76%,1.07K,+0.96%,1.08K,+0.98%,1.26K,+16.57%,1.54K,+22.29%,1.23K,-20.15%,1.26K,+2.89%
502,Lower extremity peripheral arterial disease,Karnataka,Female,249.49,,280.72,+12.52%,312.13,+11.19%,333.66,+6.90%,341.39,+2.32%,343.55,+0.63%,345.82,+0.66%,380.41,+10.00%,462.68,+21.63%,405.87,-12.28%,426.93,+5.19%
502,Lower extremity peripheral arterial disease,Kerala,Male,925.86,,941.65,+1.70%,985.69,+4.68%,1.07K,+9.02%,1.15K,+6.79%,1.13K,-1.87%,1.08K,-3.87%,996.10,-7.99%,1.16K,+16.25%,1.17K,+1.01%,1.19K,+2.02%
502,Lower extremity peripheral arterial disease,Kerala,Female,234.81,,232.80,-0.86%,251.61,+8.08%,274.09,+8.94%,294.01,+7.27%,294.09,+0.03%,287.63,-2.20%,267.55,-6.98%,284.76,+6.43%,342.68,+20.34%,368.65,+7.58%
502,Lower extremity peripheral arterial disease,Madhya Pradesh,Male,673.08,,673.68,+0.09%,709.11,+5.26%,775.24,+9.33%,823.16,+6.18%,824.54,+0.17%,844.87,+2.47%,926.72,+9.69%,1.15K,+24.44%,979.64,-15.05%,1.04K,+6.36%
502,Lower extremity peripheral arterial disease,Madhya Pradesh,Female,169.58,,182.67,+7.72%,194.71,+6.59%,210.06,+7.88%,226.36,+7.76%,235.03,+3.83%,248.72,+5.83%,278.09,+11.81%,345.45,+24.22%,290.59,-15.88%,316.29,+8.85%
502,Lower extremity peripheral arterial disease,Maharashtra,Male,1.36K,,1.41K,+3.95%,1.44K,+2.47%,1.45K,+0.06%,1.52K,+5.43%,1.88K,+23.43%,1.53K,-18.73%,1.45K,-5.33%,1.83K,+26.50%,1.63K,-10.77%,1.74K,+6.43%
502,Lower extremity peripheral arterial disease,Maharashtra,Female,394.16,,439.54,+11.51%,462.02,+5.12%,472.47,+2.26%,478.82,+1.34%,522.40,+9.10%,450.81,-13.71%,423.28,-6.11%,524.77,+23.98%,503.52,-4.05%,547.69,+8.77%
502,Lower extremity peripheral arterial disease,Manipur,Male,48.52,,50.45,+3.97%,54.73,+8.48%,62.25,+13.74%,67.78,+8.88%,70.34,+3.78%,72.82,+3.53%,76.71,+5.35%,113.22,+47.58%,90.73,-19.86%,96.00,+5.80%
502,Lower extremity peripheral arterial disease,Manipur,Female,11.14,,12.38,+11.16%,13.80,+11.48%,15.18,+9.99%,16.24,+6.96%,17.06,+5.07%,18.23,+6.82%,19.67,+7.90%,29.44,+49.69%,23.92,-18.75%,25.46,+6.44%
502,Lower extremity peripheral arterial disease,Meghalaya,Male,34.38,,34.88,+1.46%,36.97,+5.99%,42.30,+14.42%,46.12,+9.04%,47.50,+2.98%,48.68,+2.49%,51.77,+6.33%,83.86,+62.00%,61.59,-26.56%,64.59,+4.87%
502,Lower extremity peripheral arterial disease,Meghalaya,Female,6.25,,6.70,+7.19%,7.22,+7.78%,8.31,+15.10%,9.14,+10.03%,9.66,+5.72%,10.28,+6.39%,11.28,+9.71%,17.97,+59.32%,13.66,-24.00%,14.69,+7.59%
502,Lower extremity peripheral arterial disease,Mizoram,Male,11.72,,11.36,-3.02%,12.10,+6.43%,14.71,+21.58%,15.48,+5.25%,15.22,-1.67%,15.01,-1.35%,15.76,+4.97%,21.75,+37.99%,18.10,-16.76%,18.57,+2.60%
502,Lower extremity peripheral arterial disease,Mizoram,Female,2.42,,2.56,+5.93%,2.80,+9.25%,3.38,+20.89%,3.52,+3.99%,3.46,-1.57%,3.44,-0.59%,3.80,+10.55%,5.42,+42.63%,4.25,-21.66%,4.32,+1.57%
502,Lower extremity peripheral arterial disease,Nagaland,Male,14.92,,14.59,-2.23%,14.99,+2.72%,16.01,+6.81%,16.71,+4.40%,16.68,-0.19%,16.62,-0.38%,17.54,+5.56%,26.89,+53.31%,20.03,-25.53%,20.73,+3.53%
502,Lower extremity peripheral arterial disease,Nagaland,Female,2.90,,3.11,+7.53%,3.35,+7.52%,3.57,+6.50%,3.74,+5.03%,3.87,+3.28%,4.04,+4.33%,4.39,+8.88%,6.56,+49.34%,5.18,-21.09%,5.45,+5.29%
502,Lower extremity peripheral arterial disease,Odisha,Male,366.88,,345.08,-5.94%,349.51,+1.28%,388.80,+11.24%,411.76,+5.91%,409.29,-0.60%,411.29,+0.49%,432.12,+5.06%,514.38,+19.04%,466.83,-9.24%,494.16,+5.85%
502,Lower extremity peripheral arterial disease,Odisha,Female,105.41,,109.55,+3.93%,118.11,+7.81%,132.55,+12.23%,144.64,+9.12%,150.79,+4.25%,157.80,+4.65%,167.13,+5.91%,181.26,+8.46%,190.39,+5.03%,204.97,+7.66%
502,Lower extremity peripheral arterial disease,Other Union Territories,Male,46.95,,48.23,+2.74%,52.15,+8.13%,58.76,+12.67%,64.36,+9.53%,66.91,+3.97%,69.55,+3.94%,80.25,+15.38%,99.79,+24.35%,81.56,-18.27%,83.60,+2.51%
502,Lower extremity peripheral arterial disease,Other Union Territories,Female,12.92,,14.50,+12.28%,16.22,+11.86%,17.97,+10.80%,19.33,+7.52%,20.31,+5.12%,21.75,+7.04%,26.25,+20.73%,34.49,+31.36%,27.74,-19.55%,28.95,+4.34%
502,Lower extremity peripheral arterial disease,Punjab,Male,360.18,,364.64,+1.24%,399.60,+9.59%,456.67,+14.28%,510.93,+11.88%,527.45,+3.23%,547.89,+3.88%,608.40,+11.04%,667.59,+9.73%,605.97,-9.23%,604.55,-0.23%
502,Lower extremity peripheral arterial disease,Punjab,Female,146.64,,163.60,+11.57%,186.03,+13.71%,214.26,+15.18%,240.73,+12.35%,259.38,+7.75%,290.47,+11.99%,333.63,+14.86%,370.91,+11.17%,355.38,-4.19%,373.75,+5.17%
502,Lower extremity peripheral arterial disease,Rajasthan,Male,759.41,,801.80,+5.58%,883.03,+10.13%,1.01K,+13.98%,1.12K,+10.83%,1.15K,+3.03%,1.18K,+2.87%,1.27K,+7.46%,1.42K,+12.09%,1.40K,-1.48%,1.44K,+2.55%
502,Lower extremity peripheral arterial disease,Rajasthan,Female,191.61,,216.62,+13.05%,242.62,+12.00%,265.88,+9.59%,286.25,+7.66%,294.82,+2.99%,306.03,+3.80%,325.28,+6.29%,359.76,+10.60%,363.66,+1.08%,389.93,+7.22%
502,Lower extremity peripheral arterial disease,Sikkim,Male,6.17,,6.33,+2.50%,6.70,+5.86%,7.19,+7.38%,7.32,+1.72%,6.93,-5.30%,6.44,-7.02%,6.35,-1.49%,7.54,+18.75%,7.91,+5.02%,8.11,+2.51%
502,Lower extremity peripheral arterial disease,Sikkim,Female,2.00,,2.13,+6.17%,2.23,+4.99%,2.29,+2.52%,2.27,-0.58%,2.20,-3.17%,2.15,-2.47%,2.38,+10.63%,3.18,+33.80%,2.94,-7.61%,3.04,+3.59%
502,Lower extremity peripheral arterial disease,Tamil Nadu,Male,1.50K,,1.59K,+5.88%,1.70K,+7.01%,1.84K,+8.21%,1.94K,+5.20%,1.95K,+0.39%,1.87K,-3.77%,2.04K,+8.77%,2.32K,+14.01%,1.98K,-14.69%,2.08K,+4.81%
502,Lower extremity peripheral arterial disease,Tamil Nadu,Female,389.18,,441.29,+13.39%,479.43,+8.64%,508.52,+6.07%,518.44,+1.95%,507.74,-2.06%,490.09,-3.48%,521.31,+6.37%,574.07,+10.12%,529.49,-7.77%,585.00,+10.48%
502,Lower extremity peripheral arterial disease,Telangana,Male,682.57,,697.43,+2.18%,734.48,+5.31%,803.47,+9.39%,889.94,+10.76%,947.79,+6.50%,989.75,+4.43%,1.09K,+10.33%,1.31K,+19.79%,1.10K,-15.55%,1.12K,+1.03%
502,Lower extremity peripheral arterial disease,Telangana,Female,230.28,,247.09,+7.30%,262.76,+6.34%,284.84,+8.40%,310.77,+9.10%,323.58,+4.12%,332.40,+2.73%,346.03,+4.10%,356.83,+3.12%,398.54,+11.69%,415.52,+4.26%
502,Lower extremity peripheral arterial disease,Tripura,Male,65.42,,58.27,-10.93%,64.33,+10.40%,79.12,+22.99%,85.87,+8.53%,85.28,-0.68%,89.24,+4.63%,95.83,+7.39%,110.27,+15.07%,111.08,+0.73%,115.45,+3.94%
502,Lower extremity peripheral arterial disease,Tripura,Female,16.41,,14.47,-11.82%,16.57,+14.51%,21.16,+27.75%,22.79,+7.69%,22.27,-2.28%,23.99,+7.70%,26.02,+8.46%,29.12,+11.92%,30.94,+6.22%,32.57,+5.27%
502,Lower extremity peripheral arterial disease,Uttar Pradesh,Male,1.99K,,1.90K,-4.37%,1.88K,-1.20%,1.96K,+4.11%,1.99K,+1.61%,1.89K,-5.25%,1.82K,-3.33%,1.85K,+1.67%,2.15K,+16.03%,2.02K,-6.00%,2.12K,+5.04%
502,Lower extremity peripheral arterial disease,Uttar Pradesh,Female,515.50,,568.99,+10.38%,601.87,+5.78%,622.37,+3.41%,639.52,+2.76%,620.31,-3.00%,611.96,-1.35%,616.17,+0.69%,618.64,+0.40%,738.82,+19.43%,789.81,+6.90%
502,Lower extremity peripheral arterial disease,Uttarakhand,Male,262.50,,271.75,+3.53%,299.72,+10.29%,333.40,+11.24%,358.29,+7.46%,357.41,-0.25%,351.45,-1.67%,381.70,+8.61%,427.26,+11.94%,404.66,-5.29%,418.60,+3.44%
502,Lower extremity peripheral arterial disease,Uttarakhand,Female,57.75,,65.15,+12.81%,72.43,+11.18%,79.19,+9.34%,86.37,+9.06%,88.38,+2.33%,90.58,+2.49%,96.40,+6.42%,102.20,+6.02%,108.64,+6.30%,115.46,+6.28%
502,Lower extremity peripheral arterial disease,West Bengal,Male,1.34K,,1.38K,+2.92%,1.44K,+4.67%,1.55K,+7.40%,1.66K,+7.02%,1.72K,+3.37%,1.79K,+4.11%,2.05K,+14.62%,2.54K,+23.99%,2.08K,-17.93%,2.21K,+6.00%
502,Lower extremity peripheral arterial disease,West Bengal,Female,267.26,,300.08,+12.28%,332.35,+10.75%,355.68,+7.02%,377.18,+6.05%,382.09,+1.30%,403.24,+5.54%,468.03,+16.07%,565.62,+20.85%,495.86,-12.33%,534.16,+7.72%
